period,brand,category,channel,province,units_sold,list_price,std_cost,revenue_zar,gross_margin_zar,trade_spend_zar,net_revenue_zar,weighted_distribution,promo_flag,sku_grade
2024Q2,Schweppes,Mixers,Mass Retail,Gauteng,49,56.7,33.03,2778.3,1159.83,244.19,2534.11,53.3,1,A
2024Q4,Coca-Cola,Carbonated Soft Drinks,E-Commerce,KwaZulu-Natal,117,55.22,26.66,6460.74,3341.52,759.74,5701.0,89.1,1,A
2024Q2,Coca-Cola,Carbonated Soft Drinks,Mass Retail,KwaZulu-Natal,22,50.08,26.17,1101.76,526.02,90.32,1011.44,67.9,0,C
2024Q3,Stoney,Carbonated Soft Drinks,Convenience,Western Cape,14,61.16,31.86,856.24,410.2,59.35,796.89,69.2,0,C
2024Q3,Coca-Cola,Carbonated Soft Drinks,E-Commerce,KwaZulu-Natal,34,46.09,25.95,1567.06,684.76,68.51,1498.55,77.2,1,B
2024Q4,Coca-Cola,Carbonated Soft Drinks,E-Commerce,Gauteng,20,50.81,29.26,1016.2,431.0,76.43,939.77,51.5,0,A
2024Q4,Monster,Energy Drinks,On-Trade,Free State,63,100.28,52.51,6317.64,3009.51,515.55,5802.09,74.0,1,B
2024Q3,Powerade,Sports Drinks,Convenience,KwaZulu-Natal,59,68.35,33.65,4032.65,2047.3,224.53,3808.12,47.4,0,B
2024Q3,Stoney,Carbonated Soft Drinks,Mass Retail,Gauteng,10,56.23,33.51,562.3,227.2,38.54,523.76,59.9,0,D
2024Q4,Monster,Energy Drinks,Wholesale,Western Cape,42,107.71,52.82,4523.82,2305.38,538.11,3985.71,85.9,1,B
2024Q3,Sprite,Carbonated Soft Drinks,Convenience,Gauteng,75,59.49,34.98,4461.75,1838.25,204.9,4256.85,64.0,1,C
2024Q2,Stoney,Carbonated Soft Drinks,Mass Retail,KwaZulu-Natal,43,64.32,33.85,2765.76,1310.21,124.69,2641.07,61.5,0,A
2024Q2,Sprite,Carbonated Soft Drinks,Petrol & Travel,KwaZulu-Natal,63,61.38,37.09,3866.94,1530.27,300.76,3566.18,51.3,0,C
2024Q1,Monster,Energy Drinks,E-Commerce,Gauteng,44,124.81,73.38,5491.64,2262.92,436.61,5055.03,72.7,0,C
2024Q3,Sprite,Carbonated Soft Drinks,Mass Retail,Mpumalanga,35,54.05,28.32,1891.75,900.55,152.64,1739.11,93.1,1,A
2024Q2,Fanta,Carbonated Soft Drinks,Wholesale,KwaZulu-Natal,108,47.97,24.56,5180.76,2528.28,239.14,4941.62,60.4,1,B
2024Q4,Coca-Cola,Carbonated Soft Drinks,On-Trade,Gauteng,68,53.39,31.63,3630.52,1479.68,199.41,3431.11,92.3,0,C
2024Q4,Sprite,Carbonated Soft Drinks,Mass Retail,Northern Cape,18,53.92,27.6,970.56,473.76,71.99,898.57,88.4,0,A
2024Q4,Coca-Cola,Carbonated Soft Drinks,Mass Retail,KwaZulu-Natal,33,51.05,27.49,1684.65,777.48,97.32,1587.33,51.4,0,B
2024Q3,Sprite,Carbonated Soft Drinks,On-Trade,Western Cape,29,57.16,31.59,1657.64,741.53,159.53,1498.11,64.3,0,D
2024Q3,Monster,Energy Drinks,Mass Retail,Eastern Cape,7,110.9,57.65,776.3,372.75,33.34,742.96,77.3,0,C
2024Q1,Coca-Cola,Carbonated Soft Drinks,Mass Retail,Gauteng,28,53.28,26.66,1491.84,745.36,118.09,1373.75,97.2,1,D
2024Q2,Powerplay,Energy Drinks,Mass Retail,Western Cape,82,114.99,59.02,9429.18,4589.54,926.49,8502.69,64.5,0,B
2024Q2,Coca-Cola,Carbonated Soft Drinks,On-Trade,Free State,52,61.14,30.12,3179.28,1613.04,339.62,2839.66,62.0,1,A
2024Q1,Cappy,Juices & Nectars,Convenience,Eastern Cape,35,64.17,36.89,2245.95,954.8,92.82,2153.13,72.1,1,B
2024Q3,Sprite,Carbonated Soft Drinks,Mass Retail,Western Cape,14,57.47,33.14,804.58,340.62,57.08,747.5,94.6,1,A
2024Q4,Coca-Cola,Carbonated Soft Drinks,On-Trade,Gauteng,17,50.68,30.89,861.56,336.43,94.93,766.63,58.7,0,C
2024Q4,Powerade,Sports Drinks,Convenience,Gauteng,39,74.48,41.27,2904.72,1295.19,172.39,2732.33,49.9,0,D
2024Q2,Coca-Cola,Carbonated Soft Drinks,Convenience,KwaZulu-Natal,40,55.28,29.16,2211.2,1044.8,150.22,2060.98,83.5,0,D
2024Q4,Cappy,Juices & Nectars,On-Trade,KwaZulu-Natal,40,68.71,39.16,2748.4,1182.0,128.44,2619.96,53.6,0,D
2024Q1,Schweppes,Mixers,Convenience,Western Cape,41,54.06,25.99,2216.46,1150.87,117.17,2099.29,74.1,0,A
2024Q2,Coca-Cola,Carbonated Soft Drinks,Mass Retail,KwaZulu-Natal,12,54.76,31.74,657.12,276.24,38.76,618.36,62.2,0,A
2024Q1,Stoney,Carbonated Soft Drinks,Mass Retail,Gauteng,71,61.63,35.26,4375.73,1872.27,373.97,4001.76,50.0,0,C
2024Q2,Coca-Cola,Carbonated Soft Drinks,Mass Retail,KwaZulu-Natal,16,48.63,29.97,778.08,298.56,55.59,722.49,92.3,0,B
2024Q2,Stoney,Carbonated Soft Drinks,Wholesale,KwaZulu-Natal,33,66.6,37.35,2197.8,965.25,174.51,2023.29,55.3,0,C
2024Q4,Cappy,Juices & Nectars,Mass Retail,Gauteng,14,69.44,42.47,972.16,377.58,113.08,859.08,93.5,0,B
2024Q1,Sprite,Carbonated Soft Drinks,Wholesale,Gauteng,48,55.05,33.85,2642.4,1017.6,286.02,2356.38,60.6,0,A
2024Q2,Stoney,Carbonated Soft Drinks,E-Commerce,Gauteng,23,63.75,32.11,1466.25,727.72,123.96,1342.29,94.6,0,A
2024Q2,Sprite,Carbonated Soft Drinks,Convenience,Gauteng,16,56.05,31.73,896.8,389.12,106.9,789.9,52.4,0,C
2024Q1,Coca-Cola,Carbonated Soft Drinks,E-Commerce,Limpopo,44,54.36,31.4,2391.84,1010.24,230.09,2161.75,64.1,0,A
2024Q2,Powerade,Sports Drinks,E-Commerce,North West,50,70.2,42.22,3510.0,1399.0,396.84,3113.16,72.1,0,A
2024Q1,Sprite,Carbonated Soft Drinks,Mass Retail,Western Cape,52,60.4,34.93,3140.8,1324.44,325.59,2815.21,92.2,0,A
2024Q4,Coca-Cola,Carbonated Soft Drinks,Convenience,Mpumalanga,17,51.04,28.63,867.68,380.97,37.2,830.48,69.7,0,B
2024Q4,Stoney,Carbonated Soft Drinks,E-Commerce,Eastern Cape,57,51.97,25.17,2962.29,1527.6,127.34,2834.95,88.6,0,A
2024Q1,Coca-Cola,Carbonated Soft Drinks,Petrol & Travel,KwaZulu-Natal,34,47.54,27.94,1616.36,666.4,92.56,1523.8,78.0,1,C
2024Q2,Coca-Cola,Carbonated Soft Drinks,On-Trade,Western Cape,34,49.31,27.4,1676.54,744.94,152.56,1523.98,83.5,0,A
2024Q1,Fanta,Carbonated Soft Drinks,Wholesale,Gauteng,6,50.79,30.03,304.74,124.56,18.79,285.95,68.3,1,C
2024Q2,Coca-Cola,Carbonated Soft Drinks,Mass Retail,Mpumalanga,49,55.63,29.89,2725.87,1261.26,146.83,2579.04,53.3,1,B
2024Q3,Coca-Cola,Carbonated Soft Drinks,Mass Retail,KwaZulu-Natal,135,53.71,30.75,7250.85,3099.6,452.41,6798.44,95.6,0,D
2024Q4,Coca-Cola,Carbonated Soft Drinks,On-Trade,Gauteng,180,56.32,30.34,10137.6,4676.4,606.42,9531.18,63.9,0,A
2024Q1,Schweppes,Mixers,Convenience,Mpumalanga,47,60.89,33.27,2861.83,1298.14,136.87,2724.96,71.1,0,A
2024Q2,Schweppes,Mixers,On-Trade,Gauteng,27,51.61,27.65,1393.47,646.92,124.39,1269.08,78.7,1,B
2024Q2,Coca-Cola,Carbonated Soft Drinks,Mass Retail,Gauteng,104,46.05,25.35,4789.2,2152.8,519.72,4269.48,79.9,1,B
2024Q1,Coca-Cola,Carbonated Soft Drinks,E-Commerce,KwaZulu-Natal,38,49.52,23.95,1881.76,971.66,163.45,1718.31,94.8,0,C
2024Q2,Fanta,Carbonated Soft Drinks,Wholesale,Gauteng,117,45.09,24.54,5275.53,2404.35,441.29,4834.24,94.9,0,B
2024Q3,Powerplay,Energy Drinks,E-Commerce,Gauteng,41,103.07,50.5,4225.87,2155.37,276.87,3949.0,89.8,1,B
2024Q3,Stoney,Carbonated Soft Drinks,Mass Retail,KwaZulu-Natal,20,63.72,31.64,1274.4,641.6,122.01,1152.39,78.3,0,B
2024Q4,Coca-Cola,Carbonated Soft Drinks,Wholesale,Gauteng,63,54.64,28.38,3442.32,1654.38,186.56,3255.76,84.8,0,C
2024Q3,Coca-Cola,Carbonated Soft Drinks,Mass Retail,Gauteng,32,52.51,27.94,1680.32,786.24,171.58,1508.74,63.1,0,A
2024Q1,Sprite,Carbonated Soft Drinks,On-Trade,KwaZulu-Natal,27,60.24,35.25,1626.48,674.73,163.24,1463.24,50.5,0,A
2024Q3,Powerplay,Energy Drinks,Wholesale,KwaZulu-Natal,94,108.65,57.02,10213.1,4853.22,1140.21,9072.89,65.6,1,B
2024Q1,Coca-Cola,Carbonated Soft Drinks,Mass Retail,Gauteng,42,51.48,31.56,2162.16,836.64,185.68,1976.48,78.5,0,C
2024Q4,Coca-Cola,Carbonated Soft Drinks,Mass Retail,Gauteng,14,46.97,26.97,657.58,280.0,65.88,591.7,87.0,0,D
2024Q2,Cappy,Juices & Nectars,Wholesale,Gauteng,32,62.06,30.29,1985.92,1016.64,166.74,1819.18,68.4,0,D
2024Q3,Cappy,Juices & Nectars,Wholesale,Gauteng,17,65.14,32.57,1107.38,553.69,111.76,995.62,77.8,1,C
2024Q2,Sprite,Carbonated Soft Drinks,On-Trade,Eastern Cape,40,53.12,26.04,2124.8,1083.2,224.7,1900.1,82.4,1,B
2024Q4,Cappy,Juices & Nectars,Mass Retail,Limpopo,10,59.33,35.23,593.3,241.0,68.69,524.61,97.3,0,A
2024Q2,Cappy,Juices & Nectars,Convenience,Gauteng,18,65.72,38.7,1182.96,486.36,100.16,1082.8,67.5,0,A
2024Q1,Schweppes,Mixers,Convenience,Gauteng,32,52.74,25.4,1687.68,874.88,130.78,1556.9,48.0,1,D
2024Q3,Coca-Cola,Carbonated Soft Drinks,On-Trade,Western Cape,42,48.58,28.39,2040.36,847.98,176.84,1863.52,96.0,0,D
2024Q3,Coca-Cola,Carbonated Soft Drinks,Petrol & Travel,Gauteng,57,50.35,25.74,2869.95,1402.77,335.95,2534.0,45.6,0,A
2024Q4,Fanta,Carbonated Soft Drinks,Mass Retail,Eastern Cape,39,50.09,24.56,1953.51,995.67,164.7,1788.81,96.4,0,B
2024Q3,Fanta,Carbonated Soft Drinks,Convenience,KwaZulu-Natal,105,53.88,29.29,5657.4,2581.95,510.32,5147.08,76.0,0,A
2024Q2,Sprite,Carbonated Soft Drinks,Convenience,Free State,190,51.79,26.87,9840.1,4734.8,541.69,9298.41,69.6,0,B
2024Q3,Coca-Cola,Carbonated Soft Drinks,On-Trade,Western Cape,18,52.65,32.45,947.7,363.6,112.68,835.02,82.0,0,C
2024Q4,Coca-Cola,Carbonated Soft Drinks,Wholesale,Western Cape,70,49.62,28.57,3473.4,1473.5,184.12,3289.28,93.3,0,B
2024Q4,Stoney,Carbonated Soft Drinks,On-Trade,Gauteng,11,68.4,41.76,752.4,293.04,82.23,670.17,47.4,1,C
2024Q1,Powerplay,Energy Drinks,On-Trade,Gauteng,85,104.4,64.54,8874.0,3388.1,461.74,8412.26,76.5,0,B
2024Q3,Coca-Cola,Carbonated Soft Drinks,E-Commerce,KwaZulu-Natal,30,57.17,30.76,1715.1,792.3,106.12,1608.98,48.0,0,B
2024Q2,Sprite,Carbonated Soft Drinks,Mass Retail,Western Cape,33,55.58,32.66,1834.14,756.36,211.99,1622.15,90.0,1,C
2024Q1,Coca-Cola,Carbonated Soft Drinks,On-Trade,KwaZulu-Natal,14,51.43,31.56,720.02,278.18,63.72,656.3,57.1,0,C
2024Q2,Cappy,Juices & Nectars,On-Trade,Gauteng,9,73.69,36.54,663.21,334.35,62.16,601.05,72.6,0,A
2024Q1,Coca-Cola,Carbonated Soft Drinks,Petrol & Travel,KwaZulu-Natal,85,52.3,29.15,4445.5,1967.75,377.31,4068.19,91.5,0,B
2024Q4,Powerplay,Energy Drinks,On-Trade,KwaZulu-Natal,55,120.35,69.63,6619.25,2789.6,377.54,6241.71,52.2,1,B
2024Q1,Coca-Cola,Carbonated Soft Drinks,On-Trade,Gauteng,77,44.7,23.91,3441.9,1600.83,258.14,3183.76,92.9,0,C
2024Q4,Coca-Cola,Carbonated Soft Drinks,E-Commerce,KwaZulu-Natal,110,52.33,28.02,5756.3,2674.1,516.73,5239.57,90.7,0,A
2024Q4,Coca-Cola,Carbonated Soft Drinks,E-Commerce,Western Cape,8,51.79,28.19,414.32,188.8,49.06,365.26,71.1,0,C
2024Q4,Powerade,Sports Drinks,On-Trade,North West,11,71.04,34.85,781.44,398.09,39.31,742.13,51.8,1,B
2024Q4,Stoney,Carbonated Soft Drinks,Convenience,Free State,44,55.18,27.89,2427.92,1200.76,164.26,2263.66,92.5,0,C
2024Q2,Cappy,Juices & Nectars,Convenience,Gauteng,15,69.56,35.26,1043.4,514.5,45.15,998.25,54.0,1,C
2024Q2,Coca-Cola,Carbonated Soft Drinks,E-Commerce,Western Cape,30,47.71,24.28,1431.3,702.9,98.96,1332.34,71.7,0,B
2024Q3,Coca-Cola,Carbonated Soft Drinks,Mass Retail,Gauteng,18,52.91,31.87,952.38,378.72,108.26,844.12,48.2,1,C
2024Q2,Coca-Cola,Carbonated Soft Drinks,Mass Retail,Western Cape,54,55.18,27.91,2979.72,1472.58,169.09,2810.63,64.6,0,C
2024Q4,Coca-Cola,Carbonated Soft Drinks,Convenience,KwaZulu-Natal,9,57.71,31.44,519.39,236.43,51.83,467.56,46.9,1,A
2024Q1,Monster,Energy Drinks,Convenience,Eastern Cape,52,113.9,62.83,5922.8,2655.64,489.04,5433.76,50.7,0,C
2024Q3,Cappy,Juices & Nectars,Convenience,Gauteng,9,67.95,35.18,611.55,294.93,42.92,568.63,46.1,0,B
2024Q2,Sprite,Carbonated Soft Drinks,Wholesale,Free State,19,50.58,25.13,961.02,483.55,106.91,854.11,76.5,0,B
2024Q4,Coca-Cola,Carbonated Soft Drinks,Convenience,Western Cape,32,58.18,28.63,1861.76,945.6,154.47,1707.29,76.1,0,C
2024Q1,Monster,Energy Drinks,Wholesale,Northern Cape,14,109.44,56.88,1532.16,735.84,105.79,1426.37,79.2,0,D
2024Q4,Fanta,Carbonated Soft Drinks,On-Trade,Gauteng,10,52.3,25.85,523.0,264.5,27.32,495.68,58.0,1,A
2024Q2,Sprite,Carbonated Soft Drinks,Mass Retail,Western Cape,20,51.54,25.99,1030.8,511.0,115.18,915.62,49.3,0,B
2024Q4,Coca-Cola,Carbonated Soft Drinks,Wholesale,Gauteng,41,51.81,25.68,2124.21,1071.33,152.58,1971.63,96.4,0,B
2024Q3,Coca-Cola,Carbonated Soft Drinks,Mass Retail,Western Cape,20,55.17,27.8,1103.4,547.4,103.16,1000.24,94.3,0,A
2024Q1,Coca-Cola,Carbonated Soft Drinks,Petrol & Travel,Gauteng,8,54.28,31.9,434.24,179.04,23.87,410.37,62.2,0,D
2024Q2,Coca-Cola,Carbonated Soft Drinks,Mass Retail,Gauteng,9,52.22,25.91,469.98,236.79,41.76,428.22,60.3,0,B
2024Q3,Coca-Cola,Carbonated Soft Drinks,Wholesale,Western Cape,31,46.98,26.05,1456.38,648.83,64.29,1392.09,62.8,1,C
2024Q1,Coca-Cola,Carbonated Soft Drinks,On-Trade,Eastern Cape,74,49.62,25.59,3671.88,1778.22,347.07,3324.81,85.3,0,C
2024Q3,Coca-Cola,Carbonated Soft Drinks,Mass Retail,KwaZulu-Natal,4,48.71,25.76,194.84,91.8,22.28,172.56,89.0,0,B
2024Q2,Bonaqua,Water,Convenience,North West,44,38.44,23.5,1691.36,657.36,92.18,1599.18,48.5,0,A
2024Q3,Stoney,Carbonated Soft Drinks,On-Trade,Gauteng,84,60.88,30.41,5113.92,2559.48,529.91,4584.01,55.7,1,C
2024Q1,Fanta,Carbonated Soft Drinks,Mass Retail,Northern Cape,45,48.36,27.72,2176.2,928.8,178.11,1998.09,64.0,0,B
2024Q3,Sprite,Carbonated Soft Drinks,Convenience,Western Cape,86,53.56,29.0,4606.16,2112.16,323.15,4283.01,69.5,0,A
2024Q3,Sprite,Carbonated Soft Drinks,Convenience,Western Cape,33,62.8,32.19,2072.4,1010.13,232.04,1840.36,65.3,0,B
2024Q3,Cappy,Juices & Nectars,On-Trade,Western Cape,39,70.98,35.23,2768.22,1394.25,318.86,2449.36,78.3,0,B
2024Q3,Bonaqua,Water,E-Commerce,Western Cape,43,39.05,22.13,1679.15,727.56,138.83,1540.32,92.4,0,B
2024Q4,Coca-Cola,Carbonated Soft Drinks,Wholesale,Gauteng,22,48.49,24.96,1066.78,517.66,106.16,960.62,46.8,0,A
2024Q1,Sprite,Carbonated Soft Drinks,On-Trade,Western Cape,48,56.85,30.01,2728.8,1288.32,288.44,2440.36,50.9,0,B
2024Q3,Coca-Cola,Carbonated Soft Drinks,Convenience,Western Cape,26,47.95,28.37,1246.7,509.08,64.82,1181.88,57.2,0,B
2024Q1,Powerplay,Energy Drinks,On-Trade,Gauteng,66,120.23,69.39,7935.18,3355.44,661.94,7273.24,58.3,0,B
2024Q2,Coca-Cola,Carbonated Soft Drinks,Mass Retail,Western Cape,7,58.25,31.73,407.75,185.64,47.21,360.54,53.1,0,C
2024Q1,Schweppes,Mixers,Convenience,Eastern Cape,234,57.93,27.95,13555.62,7015.32,1488.0,12067.62,94.4,0,B
2024Q3,Sprite,Carbonated Soft Drinks,Mass Retail,KwaZulu-Natal,48,56.36,32.63,2705.28,1139.04,141.22,2564.06,75.5,0,B
2024Q3,Fanta,Carbonated Soft Drinks,Convenience,Eastern Cape,118,48.0,29.32,5664.0,2204.24,645.95,5018.05,68.9,1,B
2024Q2,Sprite,Carbonated Soft Drinks,Mass Retail,Gauteng,34,60.22,33.89,2047.48,895.22,147.26,1900.22,47.9,0,B
2024Q2,Cappy,Juices & Nectars,Petrol & Travel,KwaZulu-Natal,14,58.01,32.21,812.14,361.2,92.25,719.89,63.4,0,A
2024Q3,Sprite,Carbonated Soft Drinks,On-Trade,Northern Cape,25,62.76,32.1,1569.0,766.5,119.55,1449.45,52.5,1,D
2024Q3,Monster,Energy Drinks,Mass Retail,Western Cape,3,110.65,67.28,331.95,130.11,22.9,309.05,75.8,0,A
2024Q3,Fanta,Carbonated Soft Drinks,Mass Retail,Northern Cape,26,45.61,22.44,1185.86,602.42,142.01,1043.85,71.6,0,C
2024Q1,Coca-Cola,Carbonated Soft Drinks,Wholesale,Western Cape,33,51.92,26.45,1713.36,840.51,191.63,1521.73,55.9,1,B
2024Q1,Sprite,Carbonated Soft Drinks,Convenience,Gauteng,32,52.96,29.61,1694.72,747.2,76.7,1618.02,86.1,0,B
2024Q4,Monster,Energy Drinks,Mass Retail,Gauteng,3,120.84,64.78,362.52,168.18,30.73,331.79,53.2,1,A
2024Q3,Schweppes,Mixers,Mass Retail,Gauteng,10,53.77,30.66,537.7,231.1,39.09,498.61,46.3,1,A
2024Q2,Coca-Cola,Carbonated Soft Drinks,On-Trade,Western Cape,70,57.31,27.73,4011.7,2070.6,231.71,3779.99,57.2,0,C
2024Q4,Sprite,Carbonated Soft Drinks,Wholesale,Gauteng,21,57.54,32.88,1208.34,517.86,71.36,1136.98,50.3,1,B
2024Q2,Schweppes,Mixers,On-Trade,Eastern Cape,58,59.38,35.4,3444.04,1390.84,247.19,3196.85,80.4,1,B
2024Q1,Coca-Cola,Carbonated Soft Drinks,Mass Retail,Gauteng,53,50.73,24.44,2688.69,1393.37,125.94,2562.75,56.0,1,A
2024Q1,Sprite,Carbonated Soft Drinks,On-Trade,Western Cape,42,49.83,26.86,2092.86,964.74,233.17,1859.69,88.3,0,A
2024Q2,Stoney,Carbonated Soft Drinks,On-Trade,Western Cape,18,52.94,29.79,952.92,416.7,58.55,894.37,78.1,0,D
2024Q2,Cappy,Juices & Nectars,On-Trade,KwaZulu-Natal,6,75.93,39.58,455.58,218.1,52.79,402.79,85.5,1,B
2024Q2,Fanta,Carbonated Soft Drinks,On-Trade,Mpumalanga,32,54.46,32.96,1742.72,688.0,181.22,1561.5,67.5,1,A
2024Q3,Coca-Cola,Carbonated Soft Drinks,Mass Retail,Eastern Cape,42,44.91,25.54,1886.22,813.54,114.36,1771.86,52.4,0,B
2024Q3,Sprite,Carbonated Soft Drinks,Mass Retail,Western Cape,33,56.91,28.68,1878.03,931.59,116.03,1762.0,46.0,0,B
2024Q4,Sprite,Carbonated Soft Drinks,Mass Retail,Gauteng,38,51.04,26.46,1939.52,934.04,163.57,1775.95,79.5,0,C
2024Q1,Fanta,Carbonated Soft Drinks,Mass Retail,Gauteng,40,53.98,30.45,2159.2,941.2,201.24,1957.96,54.3,0,D
2024Q2,Schweppes,Mixers,Mass Retail,Gauteng,7,51.47,28.44,360.29,161.21,15.77,344.52,53.8,0,B
2024Q4,Schweppes,Mixers,Wholesale,Gauteng,38,53.87,27.71,2047.06,994.08,145.64,1901.42,60.3,0,B
2024Q3,Sprite,Carbonated Soft Drinks,Mass Retail,Western Cape,15,60.04,33.58,900.6,396.9,70.32,830.28,80.2,0,B
2024Q4,Coca-Cola,Carbonated Soft Drinks,Mass Retail,Western Cape,16,54.94,26.61,879.04,453.28,53.6,825.44,76.5,1,B
2024Q4,Bonaqua,Water,E-Commerce,KwaZulu-Natal,256,40.08,21.11,10260.48,4856.32,1043.21,9217.27,50.6,1,A
2024Q1,Coca-Cola,Carbonated Soft Drinks,Mass Retail,Eastern Cape,32,59.39,34.23,1900.48,805.12,142.13,1758.35,58.1,0,C
2024Q3,Fanta,Carbonated Soft Drinks,Convenience,Gauteng,54,53.94,27.95,2912.76,1403.46,254.05,2658.71,64.1,1,B
2024Q3,Fanta,Carbonated Soft Drinks,Convenience,Gauteng,31,52.53,26.58,1628.43,804.45,135.73,1492.7,91.3,0,B
2024Q1,Bonaqua,Water,Convenience,KwaZulu-Natal,51,43.88,25.32,2237.88,946.56,241.55,1996.33,58.2,0,A
2024Q3,Schweppes,Mixers,E-Commerce,KwaZulu-Natal,46,58.29,29.45,2681.34,1326.64,229.08,2452.26,93.5,1,B
2024Q1,Fanta,Carbonated Soft Drinks,Mass Retail,Northern Cape,13,54.26,33.07,705.38,275.47,83.01,622.37,95.0,0,B
2024Q3,Coca-Cola,Carbonated Soft Drinks,E-Commerce,Western Cape,33,52.15,27.36,1720.95,818.07,182.96,1537.99,47.0,0,B
2024Q2,Coca-Cola,Carbonated Soft Drinks,E-Commerce,Northern Cape,23,50.74,24.9,1167.02,594.32,111.69,1055.33,63.0,0,B
2024Q2,Coca-Cola,Carbonated Soft Drinks,Mass Retail,KwaZulu-Natal,28,50.19,27.88,1405.32,624.68,145.11,1260.21,61.9,0,C
2024Q3,Coca-Cola,Carbonated Soft Drinks,E-Commerce,Western Cape,41,55.73,28.57,2284.93,1113.56,95.86,2189.07,91.1,1,C
2024Q4,Coca-Cola,Carbonated Soft Drinks,Mass Retail,KwaZulu-Natal,35,56.46,34.52,1976.1,767.9,205.32,1770.78,97.9,0,C
2024Q4,Sprite,Carbonated Soft Drinks,Convenience,Western Cape,21,61.61,33.71,1293.81,585.9,116.7,1177.11,91.3,0,B
2024Q4,Coca-Cola,Carbonated Soft Drinks,Mass Retail,KwaZulu-Natal,23,58.07,31.3,1335.61,615.71,132.23,1203.38,57.7,1,A
2024Q4,Cappy,Juices & Nectars,Mass Retail,Eastern Cape,11,61.95,32.31,681.45,326.04,39.99,641.46,47.2,1,B
2024Q4,Schweppes,Mixers,E-Commerce,Northern Cape,32,58.41,31.18,1869.12,871.36,176.39,1692.73,56.6,0,D
2024Q1,Coca-Cola,Carbonated Soft Drinks,Petrol & Travel,Western Cape,72,51.13,31.3,3681.36,1427.76,284.91,3396.45,77.5,1,C
2024Q2,Sprite,Carbonated Soft Drinks,Convenience,Western Cape,37,57.55,32.52,2129.35,926.11,172.51,1956.84,57.2,1,B
2024Q3,Schweppes,Mixers,Mass Retail,Western Cape,20,54.79,32.28,1095.8,450.2,74.53,1021.27,48.1,0,B
2024Q4,Stoney,Carbonated Soft Drinks,On-Trade,Limpopo,103,56.94,32.88,5864.82,2478.18,306.8,5558.02,88.2,1,D
2024Q1,Schweppes,Mixers,Wholesale,Western Cape,38,50.39,28.37,1914.82,836.76,165.45,1749.37,49.8,0,B
2024Q2,Coca-Cola,Carbonated Soft Drinks,On-Trade,Gauteng,20,50.41,30.47,1008.2,398.8,117.41,890.79,90.7,0,C
2024Q1,Sprite,Carbonated Soft Drinks,Mass Retail,KwaZulu-Natal,56,64.27,31.63,3599.12,1827.84,261.57,3337.55,64.8,1,B
2024Q1,Stoney,Carbonated Soft Drinks,Wholesale,Gauteng,32,68.23,33.52,2183.36,1110.72,125.79,2057.57,81.2,1,B
2024Q2,Sprite,Carbonated Soft Drinks,Mass Retail,Western Cape,32,60.63,33.18,1940.16,878.4,169.56,1770.6,88.7,0,A
2024Q2,Coca-Cola,Carbonated Soft Drinks,Wholesale,KwaZulu-Natal,57,59.71,30.89,3403.47,1642.74,375.37,3028.1,87.3,0,B
2024Q4,Fanta,Carbonated Soft Drinks,Mass Retail,KwaZulu-Natal,63,52.08,30.08,3281.04,1386.0,309.77,2971.27,77.8,0,B
2024Q2,Coca-Cola,Carbonated Soft Drinks,E-Commerce,Mpumalanga,28,52.63,27.73,1473.64,697.2,146.6,1327.04,53.5,0,A
2024Q4,Bonaqua,Water,Petrol & Travel,Gauteng,33,44.52,21.41,1469.16,762.63,92.5,1376.66,77.7,0,C
2024Q4,Sprite,Carbonated Soft Drinks,Mass Retail,Northern Cape,11,58.68,33.37,645.48,278.41,53.7,591.78,86.3,1,A
2024Q3,Sprite,Carbonated Soft Drinks,Convenience,Gauteng,40,62.36,38.34,2494.4,960.8,168.0,2326.4,78.5,0,A
2024Q1,Monster,Energy Drinks,Convenience,Gauteng,23,112.86,58.93,2595.78,1240.39,250.89,2344.89,48.6,0,D
2024Q2,Cappy,Juices & Nectars,E-Commerce,Mpumalanga,86,58.71,28.56,5049.06,2592.9,554.0,4495.06,96.6,0,B
2024Q2,Sprite,Carbonated Soft Drinks,On-Trade,KwaZulu-Natal,21,57.04,33.43,1197.84,495.81,50.27,1147.57,46.2,0,B
2024Q4,Powerplay,Energy Drinks,On-Trade,Gauteng,115,107.9,62.11,12408.5,5265.85,938.98,11469.52,59.5,0,A
2024Q3,Sprite,Carbonated Soft Drinks,Mass Retail,Mpumalanga,10,45.63,22.95,456.3,226.8,47.27,409.03,81.8,1,C
2024Q3,Coca-Cola,Carbonated Soft Drinks,Mass Retail,Western Cape,40,49.68,28.4,1987.2,851.2,122.93,1864.27,95.4,1,B
2024Q4,Bonaqua,Water,E-Commerce,Gauteng,55,40.07,21.59,2203.85,1016.4,200.73,2003.12,66.1,1,D
2024Q4,Coca-Cola,Carbonated Soft Drinks,Wholesale,Free State,31,53.04,32.1,1644.24,649.14,96.02,1548.22,56.3,1,D
2024Q4,Coca-Cola,Carbonated Soft Drinks,Petrol & Travel,Limpopo,12,58.03,34.88,696.36,277.8,54.22,642.14,96.3,1,D
2024Q1,Cappy,Juices & Nectars,Convenience,Eastern Cape,43,69.3,40.74,2979.9,1228.08,320.59,2659.31,85.3,0,B
2024Q3,Coca-Cola,Carbonated Soft Drinks,Convenience,Eastern Cape,38,54.97,32.52,2088.86,853.1,164.02,1924.84,51.2,1,B
2024Q2,Cappy,Juices & Nectars,Wholesale,Gauteng,19,76.49,38.86,1453.31,714.97,115.29,1338.02,48.4,0,B
2024Q2,Schweppes,Mixers,Wholesale,Western Cape,64,54.34,28.44,3477.76,1657.6,265.76,3212.0,45.6,1,B
2024Q4,Schweppes,Mixers,Convenience,KwaZulu-Natal,23,46.22,26.07,1063.06,463.45,67.33,995.73,81.8,0,A
2024Q1,Coca-Cola,Carbonated Soft Drinks,Mass Retail,Northern Cape,15,51.82,26.63,777.3,377.85,92.45,684.85,52.6,0,A
2024Q4,Powerplay,Energy Drinks,Mass Retail,Western Cape,110,116.08,64.81,12768.8,5639.7,520.73,12248.07,62.3,0,B
2024Q4,Stoney,Carbonated Soft Drinks,Wholesale,KwaZulu-Natal,27,56.41,27.34,1523.07,784.89,70.5,1452.57,66.0,1,B
2024Q2,Bonaqua,Water,Mass Retail,KwaZulu-Natal,139,42.46,25.14,5901.94,2407.48,330.58,5571.36,53.9,1,B
2024Q3,Bonaqua,Water,Wholesale,Gauteng,101,43.38,21.01,4381.38,2259.37,503.41,3877.97,47.8,0,B
2024Q2,Powerade,Sports Drinks,Convenience,Western Cape,57,69.55,40.34,3964.35,1664.97,412.84,3551.51,63.0,0,D
2024Q2,Bonaqua,Water,E-Commerce,Gauteng,95,41.03,22.29,3897.85,1780.3,356.6,3541.25,72.9,0,B
2024Q2,Fanta,Carbonated Soft Drinks,Mass Retail,Eastern Cape,19,48.11,28.96,914.09,363.85,52.59,861.5,96.7,0,D
2024Q2,Cappy,Juices & Nectars,Mass Retail,Free State,50,63.79,36.5,3189.5,1364.5,254.7,2934.8,74.4,0,B
2024Q1,Cappy,Juices & Nectars,Mass Retail,Eastern Cape,34,67.5,34.29,2295.0,1129.14,216.69,2078.31,48.8,1,B
2024Q2,Powerade,Sports Drinks,Petrol & Travel,KwaZulu-Natal,26,58.43,35.15,1519.18,605.28,149.14,1370.04,84.4,0,A
2024Q2,Monster,Energy Drinks,Mass Retail,Western Cape,12,98.11,60.66,1177.32,449.4,50.87,1126.45,91.0,0,B
2024Q4,Coca-Cola,Carbonated Soft Drinks,Mass Retail,Gauteng,127,50.11,27.47,6363.97,2875.28,699.23,5664.74,92.7,0,B
2024Q1,Cappy,Juices & Nectars,Convenience,Eastern Cape,55,58.43,35.51,3213.65,1260.6,182.71,3030.94,78.0,0,B
2024Q3,Coca-Cola,Carbonated Soft Drinks,On-Trade,Eastern Cape,20,53.67,31.14,1073.4,450.6,121.0,952.4,54.5,1,B
2024Q4,Bonaqua,Water,Mass Retail,Western Cape,32,44.18,22.74,1413.76,686.08,155.03,1258.73,68.6,0,B
2024Q1,Coca-Cola,Carbonated Soft Drinks,On-Trade,Western Cape,83,44.78,22.52,3716.74,1847.58,264.95,3451.79,96.4,1,B
2024Q3,Coca-Cola,Carbonated Soft Drinks,Mass Retail,KwaZulu-Natal,11,56.85,33.44,625.35,257.51,31.56,593.79,96.4,0,B
2024Q4,Fanta,Carbonated Soft Drinks,Mass Retail,Western Cape,35,44.91,23.68,1571.85,743.05,167.1,1404.75,67.8,1,A
2024Q2,Stoney,Carbonated Soft Drinks,Wholesale,KwaZulu-Natal,110,63.72,32.08,7009.2,3480.4,374.36,6634.84,46.9,0,B
2024Q4,Powerplay,Energy Drinks,Convenience,Free State,25,126.49,75.66,3162.25,1270.75,330.31,2831.94,76.0,0,B
2024Q3,Coca-Cola,Carbonated Soft Drinks,Convenience,KwaZulu-Natal,26,51.21,26.51,1331.46,642.2,59.34,1272.12,73.2,0,D
2024Q1,Stoney,Carbonated Soft Drinks,Convenience,Gauteng,59,59.28,31.08,3497.52,1663.8,281.83,3215.69,47.2,1,A
2024Q1,Coca-Cola,Carbonated Soft Drinks,E-Commerce,Free State,68,53.46,29.06,3635.28,1659.2,295.36,3339.92,70.9,0,B
2024Q3,Fanta,Carbonated Soft Drinks,Mass Retail,Gauteng,80,45.88,23.32,3670.4,1804.8,344.56,3325.84,96.4,1,C
2024Q1,Bonaqua,Water,Convenience,Mpumalanga,20,46.57,28.01,931.4,371.2,50.46,880.94,81.7,0,D
2024Q2,Fanta,Carbonated Soft Drinks,Convenience,KwaZulu-Natal,37,51.51,28.31,1905.87,858.4,170.44,1735.43,91.1,0,A
2024Q3,Sprite,Carbonated Soft Drinks,E-Commerce,Western Cape,80,60.63,30.93,4850.4,2376.0,449.68,4400.72,65.9,0,A
2024Q1,Coca-Cola,Carbonated Soft Drinks,Mass Retail,Western Cape,42,48.88,30.3,2052.96,780.36,90.04,1962.92,96.8,0,B
2024Q3,Schweppes,Mixers,On-Trade,Gauteng,42,59.27,33.15,2489.34,1097.04,246.63,2242.71,91.6,0,C
2024Q2,Coca-Cola,Carbonated Soft Drinks,Mass Retail,Gauteng,85,46.91,27.82,3987.35,1622.65,402.65,3584.7,87.3,0,B
2024Q1,Sprite,Carbonated Soft Drinks,Mass Retail,KwaZulu-Natal,29,55.93,31.11,1621.97,719.78,65.63,1556.34,62.2,0,A
2024Q2,Fanta,Carbonated Soft Drinks,Convenience,Western Cape,118,46.65,24.93,5504.7,2562.96,417.78,5086.92,57.6,0,B
2024Q1,Stoney,Carbonated Soft Drinks,E-Commerce,KwaZulu-Natal,123,64.48,36.54,7931.04,3436.62,611.32,7319.72,65.1,0,C
2024Q1,Coca-Cola,Carbonated Soft Drinks,E-Commerce,Gauteng,4,61.56,29.77,246.24,127.16,16.57,229.67,65.2,0,B
2024Q3,Schweppes,Mixers,Convenience,Western Cape,75,68.53,38.73,5139.75,2235.0,520.09,4619.66,88.1,0,A
2024Q4,Fanta,Carbonated Soft Drinks,Mass Retail,Gauteng,60,51.17,26.31,3070.2,1491.6,350.5,2719.7,48.2,0,B
2024Q1,Coca-Cola,Carbonated Soft Drinks,Mass Retail,Northern Cape,18,50.85,27.87,915.3,413.64,55.41,859.89,60.1,0,A
2024Q3,Coca-Cola,Carbonated Soft Drinks,Mass Retail,Gauteng,38,57.82,30.27,2197.16,1046.9,195.17,2001.99,83.0,1,B
2024Q2,Coca-Cola,Carbonated Soft Drinks,Convenience,Western Cape,15,51.09,25.82,766.35,379.05,72.41,693.94,54.6,0,B
2024Q3,Stoney,Carbonated Soft Drinks,Convenience,Free State,20,61.19,34.23,1223.8,539.2,74.07,1149.73,96.0,0,A
2024Q1,Monster,Energy Drinks,Mass Retail,Gauteng,39,123.26,59.91,4807.14,2470.65,435.78,4371.36,95.4,0,C
2024Q4,Fanta,Carbonated Soft Drinks,On-Trade,KwaZulu-Natal,34,50.21,25.7,1707.14,833.34,97.24,1609.9,77.4,0,B
2024Q4,Sprite,Carbonated Soft Drinks,Petrol & Travel,Gauteng,12,52.3,30.82,627.6,257.76,38.9,588.7,88.6,0,C
2024Q2,Bonaqua,Water,Mass Retail,Free State,19,41.29,23.43,784.51,339.34,59.73,724.78,76.1,1,B
2024Q3,Sprite,Carbonated Soft Drinks,Mass Retail,Limpopo,54,57.2,29.19,3088.8,1512.54,147.2,2941.6,46.3,0,A
2024Q2,Cappy,Juices & Nectars,Mass Retail,KwaZulu-Natal,71,78.68,40.32,5586.28,2723.56,398.15,5188.13,76.5,0,D
2024Q2,Sprite,Carbonated Soft Drinks,On-Trade,Free State,17,62.63,33.82,1064.71,489.77,103.71,961.0,81.7,0,A
2024Q1,Coca-Cola,Carbonated Soft Drinks,Mass Retail,KwaZulu-Natal,52,58.8,30.48,3057.6,1472.64,141.73,2915.87,49.5,0,A
2024Q4,Cappy,Juices & Nectars,Convenience,Eastern Cape,20,61.43,31.44,1228.6,599.8,84.04,1144.56,48.7,0,C
2024Q3,Powerplay,Energy Drinks,On-Trade,Northern Cape,39,94.97,57.29,3703.83,1469.52,341.01,3362.82,73.2,0,C
2024Q4,Schweppes,Mixers,Mass Retail,Gauteng,88,51.79,32.07,4557.52,1735.36,423.61,4133.91,74.6,0,B
2024Q1,Cappy,Juices & Nectars,On-Trade,Western Cape,18,66.56,37.19,1198.08,528.66,139.71,1058.37,54.3,0,B
2024Q1,Sprite,Carbonated Soft Drinks,Mass Retail,Free State,37,49.11,24.24,1817.07,920.19,138.15,1678.92,85.1,0,B
2024Q4,Powerade,Sports Drinks,Mass Retail,KwaZulu-Natal,79,70.71,43.12,5586.09,2179.61,328.3,5257.79,66.2,1,B
2024Q4,Fanta,Carbonated Soft Drinks,E-Commerce,Mpumalanga,87,50.61,27.98,4403.07,1968.81,395.78,4007.29,49.7,0,D
2024Q2,Fanta,Carbonated Soft Drinks,Mass Retail,KwaZulu-Natal,36,49.43,29.14,1779.48,730.44,172.07,1607.41,46.9,0,D
2024Q1,Sprite,Carbonated Soft Drinks,E-Commerce,Free State,17,49.47,24.35,840.99,427.04,96.68,744.31,74.4,0,B
2024Q4,Coca-Cola,Carbonated Soft Drinks,Mass Retail,Western Cape,13,43.06,24.29,559.78,244.01,45.48,514.3,93.7,0,B
2024Q4,Schweppes,Mixers,Convenience,Mpumalanga,35,56.88,30.33,1990.8,929.25,219.46,1771.34,91.0,0,B
2024Q3,Coca-Cola,Carbonated Soft Drinks,On-Trade,Eastern Cape,19,56.15,27.59,1066.85,542.64,77.07,989.78,54.2,0,A
2024Q2,Coca-Cola,Carbonated Soft Drinks,On-Trade,Gauteng,33,51.98,29.61,1715.34,738.21,181.48,1533.86,52.0,0,B
2024Q4,Fanta,Carbonated Soft Drinks,Mass Retail,Western Cape,32,53.32,30.12,1706.24,742.4,172.65,1533.59,54.3,0,A
2024Q3,Stoney,Carbonated Soft Drinks,Mass Retail,KwaZulu-Natal,14,58.21,30.94,814.94,381.78,37.04,777.9,46.4,1,C
2024Q1,Schweppes,Mixers,E-Commerce,Eastern Cape,34,59.77,36.77,2032.18,782.0,151.6,1880.58,61.5,0,B
2024Q2,Sprite,Carbonated Soft Drinks,Convenience,Western Cape,15,54.73,31.18,820.95,353.25,47.03,773.92,77.8,0,D
2024Q2,Coca-Cola,Carbonated Soft Drinks,E-Commerce,Gauteng,27,58.23,28.42,1572.21,804.87,188.02,1384.19,48.1,0,A
2024Q1,Coca-Cola,Carbonated Soft Drinks,E-Commerce,Western Cape,20,50.76,29.28,1015.2,429.6,45.67,969.53,72.0,0,C
2024Q2,Powerplay,Energy Drinks,On-Trade,KwaZulu-Natal,46,118.8,62.12,5464.8,2607.28,491.35,4973.45,72.9,0,A
2024Q2,Monster,Energy Drinks,E-Commerce,Free State,11,109.14,58.01,1200.54,562.43,87.8,1112.74,88.9,0,C
2024Q4,Coca-Cola,Carbonated Soft Drinks,Convenience,KwaZulu-Natal,20,41.24,19.91,824.8,426.6,50.14,774.66,85.3,1,B
2024Q2,Cappy,Juices & Nectars,E-Commerce,Gauteng,10,67.84,32.68,678.4,351.6,40.23,638.17,96.7,0,B
2024Q3,Cappy,Juices & Nectars,Convenience,Free State,32,69.96,34.66,2238.72,1129.6,187.69,2051.03,69.1,0,C
2024Q4,Fanta,Carbonated Soft Drinks,Convenience,Eastern Cape,32,46.31,23.2,1481.92,739.52,97.77,1384.15,84.1,0,B
2024Q2,Sprite,Carbonated Soft Drinks,Mass Retail,Gauteng,11,48.22,26.25,530.42,241.67,54.53,475.89,92.3,0,C
2024Q1,Coca-Cola,Carbonated Soft Drinks,Convenience,Western Cape,19,56.35,32.48,1070.65,453.53,80.31,990.34,58.5,0,C
2024Q2,Fanta,Carbonated Soft Drinks,Mass Retail,Gauteng,186,47.62,27.25,8857.32,3788.82,988.56,7868.76,78.7,0,B
2024Q2,Powerplay,Energy Drinks,Mass Retail,Western Cape,33,101.93,51.07,3363.69,1678.38,332.99,3030.7,72.1,0,C
2024Q4,Powerplay,Energy Drinks,Wholesale,Western Cape,24,110.07,53.93,2641.68,1347.36,108.23,2533.45,95.7,0,B
2024Q1,Coca-Cola,Carbonated Soft Drinks,Petrol & Travel,Western Cape,11,47.98,25.38,527.78,248.6,53.82,473.96,80.1,1,B
2024Q2,Coca-Cola,Carbonated Soft Drinks,On-Trade,Western Cape,85,55.01,28.45,4675.85,2257.6,194.87,4480.98,49.4,0,A
2024Q2,Coca-Cola,Carbonated Soft Drinks,E-Commerce,KwaZulu-Natal,73,48.87,27.73,3567.51,1543.22,251.71,3315.8,55.9,1,C
2024Q1,Sprite,Carbonated Soft Drinks,On-Trade,Mpumalanga,95,57.83,32.97,5493.85,2361.7,452.83,5041.02,47.2,0,B
2024Q4,Monster,Energy Drinks,Convenience,Eastern Cape,19,119.38,73.68,2268.22,868.3,199.94,2068.28,75.9,0,A
2024Q4,Coca-Cola,Carbonated Soft Drinks,Mass Retail,Gauteng,50,56.49,28.13,2824.5,1418.0,189.41,2635.09,94.2,1,B
2024Q4,Schweppes,Mixers,Mass Retail,Free State,14,48.32,26.17,676.48,310.1,60.23,616.25,95.0,1,B
2024Q2,Coca-Cola,Carbonated Soft Drinks,Convenience,Gauteng,27,50.87,30.73,1373.49,543.78,125.9,1247.59,60.2,0,B
2024Q2,Coca-Cola,Carbonated Soft Drinks,Convenience,KwaZulu-Natal,28,53.2,31.16,1489.6,617.12,114.47,1375.13,89.6,0,C
2024Q1,Coca-Cola,Carbonated Soft Drinks,Petrol & Travel,Gauteng,56,56.91,28.73,3186.96,1578.08,266.44,2920.52,97.2,0,B
2024Q3,Sprite,Carbonated Soft Drinks,On-Trade,Northern Cape,45,52.48,31.2,2361.6,957.6,134.8,2226.8,71.8,0,C
2024Q1,Sprite,Carbonated Soft Drinks,Mass Retail,Gauteng,42,62.91,35.4,2642.22,1155.42,213.14,2429.08,60.8,0,C
2024Q3,Cappy,Juices & Nectars,Mass Retail,Gauteng,60,68.9,39.21,4134.0,1781.4,417.08,3716.92,53.5,0,C
2024Q4,Coca-Cola,Carbonated Soft Drinks,E-Commerce,Western Cape,28,48.48,28.7,1357.44,553.84,76.45,1280.99,74.4,0,B
2024Q4,Cappy,Juices & Nectars,Mass Retail,Eastern Cape,12,69.24,36.68,830.88,390.72,85.33,745.55,74.4,1,A
2024Q3,Coca-Cola,Carbonated Soft Drinks,E-Commerce,Limpopo,17,54.72,33.61,930.24,358.87,64.59,865.65,62.3,1,D
2024Q3,Fanta,Carbonated Soft Drinks,Petrol & Travel,KwaZulu-Natal,59,48.55,30.08,2864.45,1089.73,198.98,2665.47,68.8,0,A
2024Q1,Schweppes,Mixers,Mass Retail,Limpopo,39,61.62,32.96,2403.18,1117.74,175.46,2227.72,81.9,1,C
2024Q4,Coca-Cola,Carbonated Soft Drinks,Mass Retail,Western Cape,9,57.28,33.86,515.52,210.78,24.46,491.06,76.2,0,C
2024Q4,Powerplay,Energy Drinks,Convenience,Northern Cape,21,110.07,61.77,2311.47,1014.3,196.29,2115.18,74.7,0,C
2024Q1,Sprite,Carbonated Soft Drinks,E-Commerce,Gauteng,75,57.99,30.03,4349.25,2097.0,461.04,3888.21,71.4,1,C
2024Q3,Coca-Cola,Carbonated Soft Drinks,On-Trade,Free State,28,50.14,29.58,1403.92,575.68,135.64,1268.28,86.8,0,B
2024Q4,Coca-Cola,Carbonated Soft Drinks,On-Trade,Gauteng,13,51.22,26.94,665.86,315.64,49.75,616.11,49.7,1,A
2024Q3,Sprite,Carbonated Soft Drinks,Convenience,Eastern Cape,111,58.16,36.05,6455.76,2454.21,740.15,5715.61,79.1,0,B
2024Q1,Sprite,Carbonated Soft Drinks,On-Trade,Eastern Cape,87,57.95,28.78,5041.65,2537.79,366.99,4674.66,89.5,0,A
2024Q2,Schweppes,Mixers,Convenience,Free State,149,64.42,32.59,9598.58,4742.67,662.1,8936.48,62.7,1,D
2024Q1,Coca-Cola,Carbonated Soft Drinks,On-Trade,Eastern Cape,37,44.66,23.3,1652.42,790.32,190.45,1461.97,58.7,0,A
2024Q1,Coca-Cola,Carbonated Soft Drinks,On-Trade,Western Cape,49,49.81,27.1,2440.69,1112.79,191.93,2248.76,52.1,1,B
2024Q1,Schweppes,Mixers,Wholesale,Western Cape,32,65.47,35.43,2095.04,961.28,206.07,1888.97,85.6,1,B
2024Q2,Fanta,Carbonated Soft Drinks,Convenience,KwaZulu-Natal,14,51.25,29.99,717.5,297.64,66.41,651.09,95.7,1,D
2024Q1,Coca-Cola,Carbonated Soft Drinks,Mass Retail,Western Cape,30,51.18,26.44,1535.4,742.2,91.75,1443.65,93.0,1,B
2024Q3,Coca-Cola,Carbonated Soft Drinks,Convenience,Northern Cape,68,48.68,26.43,3310.24,1513.0,338.1,2972.14,48.5,0,C
2024Q1,Powerade,Sports Drinks,Mass Retail,Gauteng,4,72.2,38.17,288.8,136.12,32.34,256.46,46.2,0,B
2024Q3,Powerplay,Energy Drinks,Convenience,Gauteng,34,112.95,69.03,3840.3,1493.28,169.67,3670.63,67.2,1,C
2024Q3,Stoney,Carbonated Soft Drinks,Convenience,Gauteng,62,53.68,27.26,3328.16,1638.04,283.65,3044.51,69.6,0,C
2024Q3,Stoney,Carbonated Soft Drinks,Wholesale,KwaZulu-Natal,9,65.22,32.35,586.98,295.83,30.58,556.4,56.9,1,B
2024Q4,Coca-Cola,Carbonated Soft Drinks,Mass Retail,Gauteng,38,56.8,31.43,2158.4,964.06,106.15,2052.25,90.6,0,A
2024Q2,Fanta,Carbonated Soft Drinks,Convenience,Free State,38,48.58,27.02,1846.04,819.28,85.91,1760.13,69.3,0,B
2024Q4,Coca-Cola,Carbonated Soft Drinks,Mass Retail,Northern Cape,46,55.78,30.38,2565.88,1168.4,187.16,2378.72,79.5,0,B
2024Q3,Cappy,Juices & Nectars,E-Commerce,Gauteng,33,62.97,37.33,2078.01,846.12,159.46,1918.55,47.8,0,B
2024Q2,Sprite,Carbonated Soft Drinks,On-Trade,Western Cape,19,51.83,26.07,984.77,489.44,65.41,919.36,85.1,0,C
2024Q1,Coca-Cola,Carbonated Soft Drinks,Convenience,Limpopo,42,50.97,30.74,2140.74,849.66,234.72,1906.02,57.7,0,B
2024Q2,Coca-Cola,Carbonated Soft Drinks,Mass Retail,North West,67,51.7,28.72,3463.9,1539.66,276.51,3187.39,50.6,0,B
2024Q3,Bonaqua,Water,Wholesale,Free State,23,44.1,25.96,1014.3,417.22,118.83,895.47,55.8,0,A
2024Q1,Bonaqua,Water,Mass Retail,KwaZulu-Natal,69,38.23,21.44,2637.87,1158.51,239.43,2398.44,87.3,0,B
2024Q3,Coca-Cola,Carbonated Soft Drinks,Wholesale,Gauteng,34,55.57,27.9,1889.38,940.78,180.76,1708.62,87.0,0,C
2024Q1,Fanta,Carbonated Soft Drinks,E-Commerce,Gauteng,25,48.43,24.5,1210.75,598.25,135.02,1075.73,79.7,1,D
2024Q4,Cappy,Juices & Nectars,Mass Retail,Gauteng,172,61.15,30.07,10517.8,5345.76,1163.2,9354.6,87.6,0,B
2024Q3,Coca-Cola,Carbonated Soft Drinks,Wholesale,KwaZulu-Natal,31,53.91,33.3,1671.21,638.91,156.15,1515.06,78.6,1,B
2024Q1,Cappy,Juices & Nectars,On-Trade,Gauteng,28,72.13,36.26,2019.64,1004.36,82.82,1936.82,74.7,0,C
2024Q3,Coca-Cola,Carbonated Soft Drinks,Convenience,Western Cape,52,53.38,26.22,2775.76,1412.32,273.47,2502.29,54.9,0,B
2024Q3,Coca-Cola,Carbonated Soft Drinks,On-Trade,Eastern Cape,37,57.51,33.32,2127.87,895.03,138.63,1989.24,70.0,0,D
2024Q3,Coca-Cola,Carbonated Soft Drinks,Convenience,KwaZulu-Natal,6,49.49,27.18,296.94,133.86,31.55,265.39,62.8,1,A
2024Q1,Coca-Cola,Carbonated Soft Drinks,Convenience,Gauteng,64,54.3,26.83,3475.2,1758.08,205.7,3269.5,52.5,0,B
2024Q2,Sprite,Carbonated Soft Drinks,On-Trade,Gauteng,120,53.94,30.81,6472.8,2775.6,580.44,5892.36,63.7,0,C
2024Q2,Bonaqua,Water,On-Trade,Gauteng,45,40.31,22.93,1813.95,782.1,90.88,1723.07,80.8,0,B
2024Q1,Fanta,Carbonated Soft Drinks,Convenience,Gauteng,22,50.85,25.65,1118.7,554.4,121.33,997.37,57.0,0,A
2024Q3,Sprite,Carbonated Soft Drinks,Convenience,Gauteng,66,49.41,28.52,3261.06,1378.74,264.19,2996.87,61.2,1,A
2024Q4,Coca-Cola,Carbonated Soft Drinks,On-Trade,Free State,49,52.77,31.77,2585.73,1029.0,261.9,2323.83,86.8,0,B
2024Q3,Coca-Cola,Carbonated Soft Drinks,Mass Retail,Gauteng,45,51.02,29.28,2295.9,978.3,194.77,2101.13,50.9,0,C
2024Q2,Cappy,Juices & Nectars,Convenience,Western Cape,80,66.22,36.85,5297.6,2349.6,373.12,4924.48,96.8,1,B
2024Q3,Coca-Cola,Carbonated Soft Drinks,Convenience,Western Cape,21,51.65,30.14,1084.65,451.71,123.05,961.6,59.8,0,C
2024Q1,Schweppes,Mixers,On-Trade,Gauteng,49,56.15,32.88,2751.35,1140.23,287.22,2464.13,46.0,0,B
2024Q2,Cappy,Juices & Nectars,Mass Retail,North West,15,72.67,43.32,1090.05,440.25,68.15,1021.9,91.3,1,A
2024Q2,Fanta,Carbonated Soft Drinks,Convenience,Gauteng,44,57.4,28.33,2525.6,1279.08,149.9,2375.7,45.7,0,C
2024Q2,Cappy,Juices & Nectars,Convenience,Gauteng,62,58.21,30.36,3609.02,1726.7,230.95,3378.07,84.4,1,B
2024Q3,Schweppes,Mixers,Mass Retail,Northern Cape,70,65.18,39.43,4562.6,1802.5,250.15,4312.45,49.2,1,B
2024Q3,Fanta,Carbonated Soft Drinks,Convenience,Western Cape,35,54.7,26.74,1914.5,978.6,203.91,1710.59,76.7,1,B
2024Q4,Coca-Cola,Carbonated Soft Drinks,Mass Retail,Gauteng,72,54.11,32.63,3895.92,1546.56,334.04,3561.88,72.4,0,B
2024Q1,Cappy,Juices & Nectars,On-Trade,KwaZulu-Natal,19,57.07,33.58,1084.33,446.31,95.59,988.74,92.3,0,B
2024Q2,Coca-Cola,Carbonated Soft Drinks,On-Trade,Northern Cape,120,57.5,32.36,6900.0,3016.8,663.85,6236.15,57.6,0,C
2024Q4,Fanta,Carbonated Soft Drinks,Mass Retail,KwaZulu-Natal,27,46.67,25.59,1260.09,569.16,116.15,1143.94,95.4,0,A
2024Q1,Stoney,Carbonated Soft Drinks,Mass Retail,North West,34,67.75,38.53,2303.5,993.48,105.21,2198.29,58.5,0,A
2024Q2,Sprite,Carbonated Soft Drinks,Convenience,Western Cape,20,55.21,27.58,1104.2,552.6,68.62,1035.58,96.5,0,B
2024Q1,Cappy,Juices & Nectars,Wholesale,Limpopo,10,66.42,37.56,664.2,288.6,41.48,622.72,56.0,0,C
2024Q4,Fanta,Carbonated Soft Drinks,On-Trade,Northern Cape,25,47.03,27.86,1175.75,479.25,100.84,1074.91,72.2,0,B
2024Q3,Coca-Cola,Carbonated Soft Drinks,Mass Retail,Mpumalanga,29,54.82,26.98,1589.78,807.36,142.07,1447.71,51.0,0,B
2024Q3,Schweppes,Mixers,Wholesale,KwaZulu-Natal,78,57.44,31.54,4480.32,2020.2,430.92,4049.4,97.6,1,B
2024Q2,Coca-Cola,Carbonated Soft Drinks,Mass Retail,KwaZulu-Natal,18,45.72,24.65,822.96,379.26,59.98,762.98,93.1,0,D
2024Q4,Powerade,Sports Drinks,E-Commerce,KwaZulu-Natal,9,72.26,43.02,650.34,263.16,75.7,574.64,88.5,1,B
2024Q3,Sprite,Carbonated Soft Drinks,Wholesale,Eastern Cape,22,56.02,28.91,1232.44,596.42,55.17,1177.27,77.0,0,B
2024Q4,Fanta,Carbonated Soft Drinks,Convenience,Mpumalanga,26,46.48,25.28,1208.48,551.2,84.02,1124.46,51.4,0,C
2024Q3,Bonaqua,Water,E-Commerce,Gauteng,29,40.64,19.96,1178.56,599.72,80.59,1097.97,94.9,0,D
2024Q4,Coca-Cola,Carbonated Soft Drinks,Wholesale,KwaZulu-Natal,13,57.89,32.6,752.57,328.77,30.71,721.86,78.7,0,A
2024Q3,Cappy,Juices & Nectars,Mass Retail,KwaZulu-Natal,70,68.4,39.76,4788.0,2004.8,237.7,4550.3,92.8,1,A
2024Q2,Schweppes,Mixers,On-Trade,Gauteng,13,57.84,27.86,751.92,389.74,55.46,696.46,60.6,0,B
2024Q1,Coca-Cola,Carbonated Soft Drinks,Convenience,KwaZulu-Natal,21,52.41,26.06,1100.61,553.35,93.21,1007.4,63.2,0,C
2024Q2,Coca-Cola,Carbonated Soft Drinks,Petrol & Travel,Northern Cape,71,53.8,31.04,3819.8,1615.96,284.17,3535.63,80.7,1,B
2024Q2,Bonaqua,Water,Wholesale,Western Cape,73,38.22,20.73,2790.06,1276.77,289.8,2500.26,88.6,0,C
2024Q1,Coca-Cola,Carbonated Soft Drinks,Mass Retail,Gauteng,29,55.4,29.07,1606.6,763.57,139.09,1467.51,64.7,0,C
2024Q1,Coca-Cola,Carbonated Soft Drinks,E-Commerce,Limpopo,75,56.71,30.19,4253.25,1989.0,226.91,4026.34,67.8,1,D
2024Q1,Coca-Cola,Carbonated Soft Drinks,Wholesale,Gauteng,25,55.27,27.72,1381.75,688.75,58.08,1323.67,79.2,0,D
2024Q3,Sprite,Carbonated Soft Drinks,Convenience,North West,21,54.44,29.25,1143.24,528.99,74.19,1069.05,80.9,0,C
2024Q3,Coca-Cola,Carbonated Soft Drinks,On-Trade,Gauteng,12,49.56,30.64,594.72,227.04,45.39,549.33,81.5,1,B
2024Q2,Powerade,Sports Drinks,Convenience,Western Cape,22,67.35,37.09,1481.7,665.72,173.54,1308.16,65.4,1,C
2024Q2,Sprite,Carbonated Soft Drinks,Mass Retail,Gauteng,30,53.73,26.99,1611.9,802.2,67.49,1544.41,85.1,0,C
2024Q3,Schweppes,Mixers,On-Trade,Gauteng,51,55.98,27.78,2854.98,1438.2,332.53,2522.45,61.6,0,C
2024Q4,Fanta,Carbonated Soft Drinks,E-Commerce,Gauteng,84,51.52,31.83,4327.68,1653.96,272.96,4054.72,95.9,0,C
2024Q2,Fanta,Carbonated Soft Drinks,Mass Retail,KwaZulu-Natal,9,45.53,25.31,409.77,181.98,21.44,388.33,74.3,0,D
2024Q4,Sprite,Carbonated Soft Drinks,Wholesale,Gauteng,55,57.59,31.19,3167.45,1452.0,203.31,2964.14,58.7,1,A
2024Q1,Cappy,Juices & Nectars,Petrol & Travel,Gauteng,28,64.33,33.31,1801.24,868.56,211.31,1589.93,74.6,0,B
2024Q4,Sprite,Carbonated Soft Drinks,Mass Retail,KwaZulu-Natal,14,56.43,30.59,790.02,361.76,71.18,718.84,70.9,0,B
2024Q3,Sprite,Carbonated Soft Drinks,Convenience,Mpumalanga,79,64.04,36.3,5059.16,2191.46,283.84,4775.32,65.9,1,C
2024Q2,Schweppes,Mixers,Wholesale,Western Cape,274,50.44,25.82,13820.56,6745.88,1618.7,12201.86,93.2,0,A
2024Q3,Coca-Cola,Carbonated Soft Drinks,Mass Retail,Eastern Cape,78,52.43,26.13,4089.54,2051.4,422.21,3667.33,51.6,0,B
2024Q2,Fanta,Carbonated Soft Drinks,Convenience,Western Cape,54,48.56,29.73,2622.24,1016.82,136.1,2486.14,69.5,0,C
2024Q4,Schweppes,Mixers,On-Trade,Eastern Cape,81,57.1,32.11,4625.1,2024.19,323.88,4301.22,60.1,1,B
2024Q2,Sprite,Carbonated Soft Drinks,Wholesale,Gauteng,20,61.46,33.9,1229.2,551.2,97.58,1131.62,75.6,0,B
2024Q1,Coca-Cola,Carbonated Soft Drinks,Mass Retail,Western Cape,31,53.21,31.71,1649.51,666.5,166.87,1482.64,75.4,0,C
2024Q4,Stoney,Carbonated Soft Drinks,Convenience,Mpumalanga,28,58.94,35.34,1650.32,660.8,123.99,1526.33,89.9,0,C
2024Q1,Sprite,Carbonated Soft Drinks,Convenience,Western Cape,53,42.35,24.04,2244.55,970.43,256.13,1988.42,46.0,0,B
2024Q3,Schweppes,Mixers,Mass Retail,Gauteng,81,61.68,35.59,4996.08,2113.29,253.58,4742.5,60.9,0,C
2024Q3,Cappy,Juices & Nectars,On-Trade,Gauteng,20,71.47,36.41,1429.4,701.2,166.66,1262.74,45.5,0,C
2024Q4,Fanta,Carbonated Soft Drinks,Mass Retail,Mpumalanga,70,52.1,27.16,3647.0,1745.8,150.06,3496.94,84.1,0,A
2024Q4,Sprite,Carbonated Soft Drinks,E-Commerce,Eastern Cape,19,57.28,33.54,1088.32,451.06,110.48,977.84,79.9,0,B
2024Q4,Powerplay,Energy Drinks,Convenience,Mpumalanga,43,117.76,57.99,5063.68,2570.11,400.08,4663.6,49.1,0,B
2024Q3,Stoney,Carbonated Soft Drinks,On-Trade,Western Cape,19,58.97,31.19,1120.43,527.82,54.77,1065.66,87.8,0,A
2024Q2,Powerade,Sports Drinks,Convenience,Gauteng,7,68.58,33.66,480.06,244.44,38.43,441.63,87.1,0,C
2024Q4,Cappy,Juices & Nectars,Petrol & Travel,Western Cape,9,62.78,32.18,565.02,275.4,35.3,529.72,87.6,0,B
2024Q3,Cappy,Juices & Nectars,Mass Retail,Western Cape,64,65.82,34.56,4212.48,2000.64,329.06,3883.42,57.0,0,A
2024Q4,Powerplay,Energy Drinks,E-Commerce,Gauteng,34,110.88,58.78,3769.92,1771.4,346.17,3423.75,51.5,0,B
2024Q1,Bonaqua,Water,Wholesale,Gauteng,2,40.98,23.03,81.96,35.9,7.37,74.59,48.8,0,A
2024Q1,Coca-Cola,Carbonated Soft Drinks,On-Trade,KwaZulu-Natal,63,47.97,28.55,3022.11,1223.46,315.26,2706.85,74.3,0,A
2024Q1,Coca-Cola,Carbonated Soft Drinks,Convenience,Western Cape,45,49.9,25.85,2245.5,1082.25,179.05,2066.45,60.1,1,A
2024Q3,Powerade,Sports Drinks,Mass Retail,Mpumalanga,21,68.25,39.91,1433.25,595.14,93.74,1339.51,45.0,0,B
2024Q2,Cappy,Juices & Nectars,E-Commerce,Gauteng,25,67.69,40.45,1692.25,681.0,68.21,1624.04,58.1,0,D
2024Q2,Fanta,Carbonated Soft Drinks,Convenience,Gauteng,19,48.83,25.9,927.77,435.67,57.18,870.59,89.7,0,B
2024Q4,Sprite,Carbonated Soft Drinks,Convenience,Northern Cape,40,56.23,30.41,2249.2,1032.8,253.7,1995.5,65.0,0,C
2024Q4,Coca-Cola,Carbonated Soft Drinks,Convenience,Gauteng,40,49.6,27.24,1984.0,894.4,140.89,1843.11,78.5,0,A
2024Q2,Fanta,Carbonated Soft Drinks,Mass Retail,Gauteng,71,54.99,33.83,3904.29,1502.36,393.88,3510.41,95.4,0,C
2024Q2,Bonaqua,Water,On-Trade,North West,20,39.37,23.21,787.4,323.2,72.07,715.33,47.6,0,B
2024Q4,Coca-Cola,Carbonated Soft Drinks,Mass Retail,Gauteng,33,54.52,29.47,1799.16,826.65,137.84,1661.32,56.1,0,C
2024Q3,Coca-Cola,Carbonated Soft Drinks,On-Trade,Gauteng,22,51.41,30.2,1131.02,466.62,82.93,1048.09,88.6,0,B
2024Q2,Fanta,Carbonated Soft Drinks,Mass Retail,Gauteng,54,45.49,24.84,2456.46,1115.1,271.22,2185.24,56.4,0,B
2024Q1,Monster,Energy Drinks,Mass Retail,North West,9,118.41,59.1,1065.69,533.79,98.18,967.51,84.1,0,A
2024Q4,Coca-Cola,Carbonated Soft Drinks,E-Commerce,Eastern Cape,12,58.86,34.13,706.32,296.76,39.51,666.81,92.2,0,D
2024Q2,Stoney,Carbonated Soft Drinks,On-Trade,Western Cape,21,58.89,29.19,1236.69,623.7,100.5,1136.19,59.2,0,B
2024Q3,Cappy,Juices & Nectars,Convenience,Western Cape,27,61.54,33.79,1661.58,749.25,120.2,1541.38,73.1,0,B
2024Q4,Sprite,Carbonated Soft Drinks,Wholesale,Western Cape,32,54.21,33.33,1734.72,668.16,141.42,1593.3,80.9,0,C
2024Q1,Coca-Cola,Carbonated Soft Drinks,Mass Retail,Gauteng,58,55.01,30.42,3190.58,1426.22,376.75,2813.83,51.7,1,B
2024Q4,Coca-Cola,Carbonated Soft Drinks,Mass Retail,Gauteng,56,54.49,27.07,3051.44,1535.52,186.89,2864.55,45.9,0,B
2024Q2,Coca-Cola,Carbonated Soft Drinks,Mass Retail,KwaZulu-Natal,35,58.47,30.92,2046.45,964.25,142.72,1903.73,45.1,0,B
2024Q4,Schweppes,Mixers,On-Trade,Gauteng,37,57.57,34.46,2130.09,855.07,89.22,2040.87,92.6,0,D
2024Q3,Schweppes,Mixers,Convenience,Gauteng,27,64.17,34.38,1732.59,804.33,111.29,1621.3,48.5,1,A
2024Q1,Stoney,Carbonated Soft Drinks,Convenience,Mpumalanga,30,51.82,30.3,1554.6,645.6,121.11,1433.49,48.1,0,B
2024Q1,Monster,Energy Drinks,Mass Retail,Free State,33,113.18,69.58,3734.94,1438.8,171.99,3562.95,64.4,1,C
2024Q2,Sprite,Carbonated Soft Drinks,E-Commerce,Gauteng,24,53.96,30.6,1295.04,560.64,132.75,1162.29,75.6,1,A
2024Q4,Fanta,Carbonated Soft Drinks,Convenience,KwaZulu-Natal,49,54.61,29.18,2675.89,1246.07,251.35,2424.54,58.8,0,C
2024Q1,Coca-Cola,Carbonated Soft Drinks,Convenience,Western Cape,27,53.96,29.45,1456.92,661.77,162.03,1294.89,82.5,1,B
2024Q4,Coca-Cola,Carbonated Soft Drinks,Petrol & Travel,Gauteng,16,60.72,30.29,971.52,486.88,113.31,858.21,73.1,1,C
2024Q2,Bonaqua,Water,Mass Retail,Gauteng,167,40.41,19.83,6748.47,3436.86,418.25,6330.22,87.8,0,A
2024Q4,Schweppes,Mixers,Mass Retail,Western Cape,5,64.37,31.29,321.85,165.4,17.14,304.71,68.6,1,A
2024Q2,Bonaqua,Water,Convenience,Gauteng,23,42.29,25.99,972.67,374.9,54.23,918.44,95.4,0,B
2024Q1,Cappy,Juices & Nectars,Mass Retail,Northern Cape,9,69.33,37.52,623.97,286.29,54.59,569.38,48.9,0,A
2024Q1,Sprite,Carbonated Soft Drinks,On-Trade,Gauteng,46,55.45,32.49,2550.7,1056.16,135.02,2415.68,70.3,0,C
2024Q3,Coca-Cola,Carbonated Soft Drinks,E-Commerce,KwaZulu-Natal,58,46.64,26.74,2705.12,1154.2,143.41,2561.71,74.9,0,B
2024Q1,Monster,Energy Drinks,Mass Retail,Western Cape,25,111.13,53.48,2778.25,1441.25,190.48,2587.77,94.1,1,A
2024Q3,Powerplay,Energy Drinks,On-Trade,KwaZulu-Natal,12,113.71,59.7,1364.52,648.12,147.15,1217.37,83.6,1,A
2024Q1,Coca-Cola,Carbonated Soft Drinks,Wholesale,Mpumalanga,23,51.75,28.32,1190.25,538.89,110.69,1079.56,51.3,0,A
2024Q2,Monster,Energy Drinks,Mass Retail,Gauteng,60,109.52,67.8,6571.2,2503.2,286.46,6284.74,85.3,0,C
2024Q2,Stoney,Carbonated Soft Drinks,Convenience,Gauteng,103,56.8,34.57,5850.4,2289.69,679.08,5171.32,75.6,0,B
2024Q3,Fanta,Carbonated Soft Drinks,E-Commerce,KwaZulu-Natal,19,53.21,29.74,1010.99,445.93,69.44,941.55,79.8,1,B
2024Q1,Cappy,Juices & Nectars,E-Commerce,KwaZulu-Natal,33,61.76,31.55,2038.08,996.93,87.87,1950.21,46.9,1,B
2024Q1,Powerade,Sports Drinks,Mass Retail,Western Cape,23,71.13,43.61,1635.99,632.96,141.56,1494.43,68.1,0,B
2024Q3,Cappy,Juices & Nectars,Petrol & Travel,Western Cape,120,67.42,35.03,8090.4,3886.8,552.12,7538.28,92.4,0,A
2024Q3,Coca-Cola,Carbonated Soft Drinks,Petrol & Travel,Western Cape,28,55.86,32.92,1564.08,642.32,122.17,1441.91,71.4,1,B
2024Q4,Sprite,Carbonated Soft Drinks,Mass Retail,KwaZulu-Natal,12,56.98,30.0,683.76,323.76,74.12,609.64,56.0,1,A
2024Q1,Schweppes,Mixers,E-Commerce,KwaZulu-Natal,4,58.25,34.57,233.0,94.72,24.9,208.1,62.6,0,B
2024Q4,Sprite,Carbonated Soft Drinks,E-Commerce,Gauteng,57,60.65,30.4,3457.05,1724.25,380.52,3076.53,73.6,0,B
2024Q3,Coca-Cola,Carbonated Soft Drinks,Mass Retail,Gauteng,22,51.68,25.73,1136.96,570.9,115.11,1021.85,45.0,0,C
2024Q4,Coca-Cola,Carbonated Soft Drinks,Mass Retail,Western Cape,19,52.16,32.14,991.04,380.38,57.57,933.47,61.1,0,A
2024Q3,Coca-Cola,Carbonated Soft Drinks,On-Trade,KwaZulu-Natal,57,47.24,27.58,2692.68,1120.62,290.47,2402.21,67.4,0,C
2024Q2,Coca-Cola,Carbonated Soft Drinks,Convenience,Eastern Cape,86,47.94,28.49,4122.84,1672.7,224.81,3898.03,64.7,0,B
2024Q3,Coca-Cola,Carbonated Soft Drinks,Convenience,Gauteng,20,57.94,32.6,1158.8,506.8,107.63,1051.17,49.2,0,B
2024Q3,Coca-Cola,Carbonated Soft Drinks,Mass Retail,Gauteng,17,54.2,31.94,921.4,378.42,79.89,841.51,95.5,1,B
2024Q4,Coca-Cola,Carbonated Soft Drinks,Mass Retail,Gauteng,55,45.77,23.87,2517.35,1204.5,244.57,2272.78,85.2,1,B
2024Q4,Coca-Cola,Carbonated Soft Drinks,Mass Retail,Gauteng,163,64.97,34.54,10590.11,4960.09,1213.99,9376.12,88.9,0,B
2024Q3,Schweppes,Mixers,E-Commerce,Western Cape,25,65.57,39.93,1639.25,641.0,156.66,1482.59,83.6,0,B
2024Q3,Cappy,Juices & Nectars,On-Trade,KwaZulu-Natal,64,63.56,32.25,4067.84,2003.84,275.1,3792.74,62.8,0,B
2024Q4,Bonaqua,Water,Mass Retail,Gauteng,47,42.91,24.96,2016.77,843.65,171.36,1845.41,95.2,0,D
2024Q2,Coca-Cola,Carbonated Soft Drinks,On-Trade,Western Cape,13,50.41,29.75,655.33,268.58,64.72,590.61,65.4,1,B
2024Q2,Coca-Cola,Carbonated Soft Drinks,E-Commerce,Western Cape,9,50.54,29.25,454.86,191.61,47.93,406.93,74.0,0,B
2024Q4,Fanta,Carbonated Soft Drinks,On-Trade,KwaZulu-Natal,33,47.4,27.52,1564.2,656.04,170.52,1393.68,54.5,0,D
2024Q1,Coca-Cola,Carbonated Soft Drinks,E-Commerce,Free State,5,56.59,28.21,282.95,141.9,30.9,252.05,53.3,0,C
2024Q3,Cappy,Juices & Nectars,Convenience,Western Cape,57,64.76,37.18,3691.32,1572.06,382.92,3308.4,58.3,0,A
2024Q1,Schweppes,Mixers,On-Trade,Eastern Cape,87,58.54,35.53,5092.98,2001.87,208.67,4884.31,80.7,1,B
2024Q4,Fanta,Carbonated Soft Drinks,On-Trade,Western Cape,7,51.68,27.03,361.76,172.55,24.69,337.07,77.9,0,B
2024Q1,Cappy,Juices & Nectars,Convenience,Mpumalanga,20,75.06,36.75,1501.2,766.2,154.17,1347.03,60.1,0,A
2024Q1,Coca-Cola,Carbonated Soft Drinks,On-Trade,Gauteng,13,57.17,27.89,743.21,380.64,51.96,691.25,95.1,0,B
2024Q3,Schweppes,Mixers,On-Trade,North West,80,63.98,32.49,5118.4,2519.2,376.03,4742.37,84.8,1,D
2024Q2,Sprite,Carbonated Soft Drinks,Mass Retail,Gauteng,15,51.13,27.63,766.95,352.5,90.83,676.12,48.6,0,B
2024Q2,Sprite,Carbonated Soft Drinks,E-Commerce,KwaZulu-Natal,27,51.28,29.91,1384.56,576.99,133.42,1251.14,67.4,0,B
2024Q1,Coca-Cola,Carbonated Soft Drinks,Mass Retail,Western Cape,10,49.32,25.09,493.2,242.3,38.79,454.41,59.2,0,A
2024Q4,Bonaqua,Water,Mass Retail,Gauteng,39,40.61,22.92,1583.79,689.91,73.11,1510.68,49.0,0,C
2024Q4,Fanta,Carbonated Soft Drinks,Mass Retail,Gauteng,21,48.96,27.61,1028.16,448.35,92.42,935.74,79.4,1,B
2024Q3,Coca-Cola,Carbonated Soft Drinks,E-Commerce,Gauteng,63,47.24,27.35,2976.12,1253.07,264.28,2711.84,61.6,1,B
2024Q2,Schweppes,Mixers,Mass Retail,Northern Cape,74,58.58,35.88,4334.92,1679.8,210.12,4124.8,53.2,0,B
2024Q4,Fanta,Carbonated Soft Drinks,Mass Retail,Western Cape,51,51.41,26.14,2621.91,1288.77,228.12,2393.79,82.2,0,A
2024Q4,Sprite,Carbonated Soft Drinks,Mass Retail,KwaZulu-Natal,27,55.18,30.99,1489.86,653.13,89.76,1400.1,68.9,0,B
2024Q4,Cappy,Juices & Nectars,Wholesale,Western Cape,81,65.07,32.95,5270.67,2601.72,494.37,4776.3,96.8,1,B
2024Q1,Stoney,Carbonated Soft Drinks,Mass Retail,Eastern Cape,32,58.83,29.0,1882.56,954.56,188.01,1694.55,93.5,0,B
2024Q2,Cappy,Juices & Nectars,Convenience,Western Cape,23,58.27,33.87,1340.21,561.2,54.58,1285.63,76.2,0,B
2024Q3,Coca-Cola,Carbonated Soft Drinks,Wholesale,Western Cape,11,54.89,31.83,603.79,253.66,28.57,575.22,55.6,0,B
2024Q4,Schweppes,Mixers,On-Trade,Western Cape,17,54.17,28.06,920.89,443.87,55.07,865.82,48.3,0,B
2024Q1,Cappy,Juices & Nectars,On-Trade,Gauteng,57,74.81,42.96,4264.17,1815.45,198.25,4065.92,95.4,0,C
2024Q3,Coca-Cola,Carbonated Soft Drinks,Mass Retail,Gauteng,49,53.99,32.97,2645.51,1029.98,221.01,2424.5,55.6,0,C
2024Q4,Fanta,Carbonated Soft Drinks,Convenience,Gauteng,66,53.6,29.64,3537.6,1581.36,160.88,3376.72,64.7,0,B
2024Q2,Sprite,Carbonated Soft Drinks,Convenience,Mpumalanga,78,65.84,34.08,5135.52,2477.28,356.79,4778.73,92.5,0,B
2024Q4,Sprite,Carbonated Soft Drinks,Mass Retail,Gauteng,27,61.81,35.12,1668.87,720.63,99.92,1568.95,82.4,0,B
2024Q2,Monster,Energy Drinks,Petrol & Travel,Western Cape,163,104.32,63.75,17004.16,6612.91,767.24,16236.92,88.7,0,C
2024Q4,Bonaqua,Water,Convenience,Western Cape,24,40.24,21.01,965.76,461.52,77.46,888.3,48.0,0,B
2024Q1,Monster,Energy Drinks,Convenience,Gauteng,22,123.97,70.88,2727.34,1167.98,165.87,2561.47,53.5,1,C
2024Q3,Coca-Cola,Carbonated Soft Drinks,Mass Retail,Gauteng,62,53.44,31.74,3313.28,1345.4,314.13,2999.15,50.9,0,A
2024Q1,Sprite,Carbonated Soft Drinks,E-Commerce,Eastern Cape,13,51.71,28.55,672.23,301.08,55.69,616.54,63.9,0,B
2024Q1,Coca-Cola,Carbonated Soft Drinks,Convenience,Northern Cape,48,54.3,28.4,2606.4,1243.2,294.79,2311.61,95.5,0,C
2024Q2,Sprite,Carbonated Soft Drinks,Mass Retail,Western Cape,35,45.54,27.86,1593.9,618.8,175.5,1418.4,50.4,0,B
2024Q1,Powerade,Sports Drinks,Convenience,Western Cape,38,83.53,42.36,3174.14,1564.46,345.05,2829.09,80.9,0,B
2024Q3,Powerade,Sports Drinks,E-Commerce,Gauteng,46,70.7,38.28,3252.2,1491.32,288.94,2963.26,53.5,0,C
2024Q2,Schweppes,Mixers,Convenience,KwaZulu-Natal,51,53.12,27.21,2709.12,1321.41,133.84,2575.28,53.8,1,C
2024Q2,Cappy,Juices & Nectars,On-Trade,Western Cape,72,71.77,39.62,5167.44,2314.8,273.4,4894.04,49.4,1,B
2024Q1,Stoney,Carbonated Soft Drinks,Mass Retail,Gauteng,18,53.66,26.55,965.88,487.98,55.82,910.06,72.5,0,A
2024Q3,Cappy,Juices & Nectars,Convenience,Gauteng,11,63.84,32.61,702.24,343.53,82.01,620.23,77.7,0,C
2024Q3,Coca-Cola,Carbonated Soft Drinks,Wholesale,Gauteng,9,44.2,24.56,397.8,176.76,38.08,359.72,82.2,1,C
2024Q3,Cappy,Juices & Nectars,On-Trade,Western Cape,4,66.88,40.25,267.52,106.52,24.21,243.31,73.2,1,B
2024Q1,Sprite,Carbonated Soft Drinks,Mass Retail,Eastern Cape,15,56.5,29.79,847.5,400.65,43.58,803.92,81.7,1,B
2024Q4,Cappy,Juices & Nectars,On-Trade,Limpopo,65,65.6,33.36,4264.0,2095.6,343.78,3920.22,67.2,1,D
2024Q1,Coca-Cola,Carbonated Soft Drinks,Mass Retail,Eastern Cape,269,47.39,26.92,12747.91,5506.43,1212.21,11535.7,58.4,1,C
2024Q1,Sprite,Carbonated Soft Drinks,On-Trade,Western Cape,41,63.16,37.71,2589.56,1043.45,273.75,2315.81,89.7,0,C
2024Q4,Sprite,Carbonated Soft Drinks,Petrol & Travel,Free State,79,52.6,28.57,4155.4,1898.37,227.2,3928.2,90.3,0,B
2024Q4,Cappy,Juices & Nectars,Mass Retail,KwaZulu-Natal,17,66.52,35.54,1130.84,526.66,117.93,1012.91,92.8,1,C
2024Q4,Powerplay,Energy Drinks,E-Commerce,Gauteng,65,88.97,54.76,5783.05,2223.65,262.12,5520.93,79.4,1,A
2024Q4,Bonaqua,Water,Mass Retail,Western Cape,86,38.8,20.98,3336.8,1532.52,399.66,2937.14,74.6,0,A
2024Q2,Stoney,Carbonated Soft Drinks,Mass Retail,KwaZulu-Natal,19,53.98,28.73,1025.62,479.75,46.66,978.96,64.6,0,C
2024Q1,Powerplay,Energy Drinks,Mass Retail,Western Cape,67,119.53,69.24,8008.51,3369.43,325.7,7682.81,56.5,0,B
2024Q3,Powerplay,Energy Drinks,Mass Retail,Western Cape,28,108.41,64.25,3035.48,1236.48,309.09,2726.39,74.1,1,C
2024Q1,Cappy,Juices & Nectars,Convenience,Gauteng,47,74.65,44.0,3508.55,1440.55,351.35,3157.2,87.6,0,A
2024Q4,Sprite,Carbonated Soft Drinks,Mass Retail,Gauteng,45,51.56,29.23,2320.2,1004.85,230.58,2089.62,54.0,1,A
2024Q4,Stoney,Carbonated Soft Drinks,E-Commerce,Northern Cape,41,61.87,37.56,2536.67,996.71,255.44,2281.23,76.6,0,C
2024Q1,Sprite,Carbonated Soft Drinks,Mass Retail,Gauteng,38,59.54,33.85,2262.52,976.22,118.82,2143.7,70.1,0,A
2024Q2,Sprite,Carbonated Soft Drinks,Mass Retail,Western Cape,16,52.48,27.5,839.68,399.68,49.81,789.87,56.4,0,B
2024Q2,Schweppes,Mixers,Mass Retail,KwaZulu-Natal,33,61.48,31.13,2028.84,1001.55,93.65,1935.19,81.9,0,B
2024Q4,Stoney,Carbonated Soft Drinks,On-Trade,Gauteng,49,64.58,38.2,3164.42,1292.62,195.42,2969.0,81.7,1,B
2024Q2,Sprite,Carbonated Soft Drinks,Mass Retail,Mpumalanga,37,57.82,30.38,2139.34,1015.28,131.7,2007.64,55.1,0,C
2024Q3,Fanta,Carbonated Soft Drinks,Convenience,North West,47,44.57,23.04,2094.79,1011.91,194.73,1900.06,88.2,0,C
2024Q3,Coca-Cola,Carbonated Soft Drinks,On-Trade,Gauteng,18,54.44,26.8,979.92,497.52,93.99,885.93,64.5,0,C
2024Q3,Stoney,Carbonated Soft Drinks,E-Commerce,KwaZulu-Natal,43,52.19,25.34,2244.17,1154.55,209.49,2034.68,62.1,0,A
2024Q1,Schweppes,Mixers,Mass Retail,Western Cape,25,60.69,36.79,1517.25,597.5,181.6,1335.65,88.7,0,C
2024Q2,Cappy,Juices & Nectars,Mass Retail,Western Cape,48,58.65,28.7,2815.2,1437.6,133.99,2681.21,97.9,0,B
2024Q3,Fanta,Carbonated Soft Drinks,Convenience,Northern Cape,60,52.5,31.51,3150.0,1259.4,377.4,2772.6,57.8,1,D
2024Q3,Coca-Cola,Carbonated Soft Drinks,Wholesale,KwaZulu-Natal,14,51.01,24.64,714.14,369.18,49.16,664.98,86.5,0,B
2024Q1,Coca-Cola,Carbonated Soft Drinks,Convenience,Northern Cape,78,46.56,23.86,3631.68,1770.6,149.45,3482.23,85.5,0,A
2024Q1,Coca-Cola,Carbonated Soft Drinks,Mass Retail,Gauteng,45,56.56,31.61,2545.2,1122.75,228.99,2316.21,90.8,0,D
2024Q4,Sprite,Carbonated Soft Drinks,Mass Retail,KwaZulu-Natal,37,55.48,32.51,2052.76,849.89,154.74,1898.02,82.5,0,B
2024Q2,Sprite,Carbonated Soft Drinks,On-Trade,Western Cape,49,49.17,29.99,2409.33,939.82,275.46,2133.87,63.1,0,B
2024Q2,Coca-Cola,Carbonated Soft Drinks,Convenience,Gauteng,54,55.71,31.37,3008.34,1314.36,133.17,2875.17,69.1,0,B
2024Q1,Sprite,Carbonated Soft Drinks,On-Trade,Free State,14,61.93,37.89,867.02,336.56,46.29,820.73,71.5,0,B
2024Q2,Sprite,Carbonated Soft Drinks,Petrol & Travel,Gauteng,74,61.31,31.79,4536.94,2184.48,238.17,4298.77,78.7,0,A
2024Q3,Sprite,Carbonated Soft Drinks,Convenience,KwaZulu-Natal,51,51.47,27.99,2624.97,1197.48,245.23,2379.74,89.4,1,C
2024Q2,Schweppes,Mixers,Mass Retail,Gauteng,114,61.25,36.59,6982.5,2811.24,727.75,6254.75,95.9,0,C
2024Q3,Coca-Cola,Carbonated Soft Drinks,Petrol & Travel,Western Cape,4,50.79,25.47,203.16,101.28,17.43,185.73,59.7,0,A
2024Q1,Coca-Cola,Carbonated Soft Drinks,E-Commerce,Gauteng,134,58.57,31.02,7848.38,3691.7,346.58,7501.8,46.7,0,C
2024Q1,Coca-Cola,Carbonated Soft Drinks,E-Commerce,Gauteng,38,48.87,29.49,1857.06,736.44,205.45,1651.61,79.9,1,B
2024Q3,Powerade,Sports Drinks,On-Trade,Western Cape,54,63.09,32.81,3406.86,1635.12,355.03,3051.83,97.9,1,A
2024Q1,Monster,Energy Drinks,Mass Retail,Gauteng,40,118.43,72.99,4737.2,1817.6,365.72,4371.48,89.9,1,C
2024Q1,Schweppes,Mixers,Mass Retail,Eastern Cape,21,56.44,34.8,1185.24,454.44,124.87,1060.37,90.2,0,A
2024Q4,Monster,Energy Drinks,Mass Retail,Western Cape,28,104.5,51.2,2926.0,1492.4,166.38,2759.62,57.2,0,D
2024Q4,Coca-Cola,Carbonated Soft Drinks,Petrol & Travel,Gauteng,22,50.84,25.6,1118.48,555.28,57.92,1060.56,96.6,0,A
2024Q1,Coca-Cola,Carbonated Soft Drinks,Wholesale,Gauteng,31,54.02,28.03,1674.62,805.69,173.93,1500.69,62.3,0,B
2024Q2,Coca-Cola,Carbonated Soft Drinks,On-Trade,Gauteng,22,50.56,26.08,1112.32,538.56,76.11,1036.21,80.7,1,C
2024Q4,Powerade,Sports Drinks,Petrol & Travel,Gauteng,53,64.42,32.25,3414.26,1705.01,230.16,3184.1,90.8,1,C
2024Q4,Cappy,Juices & Nectars,Mass Retail,Gauteng,32,62.32,32.55,1994.24,952.64,169.66,1824.58,87.6,1,A
2024Q2,Coca-Cola,Carbonated Soft Drinks,On-Trade,Gauteng,38,63.23,31.63,2402.74,1200.8,216.05,2186.69,59.5,0,B
2024Q2,Fanta,Carbonated Soft Drinks,Convenience,Eastern Cape,31,46.71,24.42,1448.01,690.99,153.19,1294.82,48.0,0,C
2024Q4,Fanta,Carbonated Soft Drinks,E-Commerce,Gauteng,133,48.76,27.33,6485.08,2850.19,605.56,5879.52,86.2,0,A
2024Q1,Fanta,Carbonated Soft Drinks,On-Trade,KwaZulu-Natal,45,42.33,25.3,1904.85,766.35,226.97,1677.88,92.1,0,D
2024Q3,Coca-Cola,Carbonated Soft Drinks,On-Trade,Free State,31,46.17,26.96,1431.27,595.51,113.65,1317.62,70.6,0,A
2024Q1,Fanta,Carbonated Soft Drinks,Mass Retail,Western Cape,70,48.58,26.09,3400.6,1574.3,225.32,3175.28,69.1,0,D
2024Q2,Coca-Cola,Carbonated Soft Drinks,Mass Retail,Gauteng,27,50.77,31.13,1370.79,530.28,74.08,1296.71,75.1,0,C
2024Q1,Fanta,Carbonated Soft Drinks,On-Trade,Western Cape,195,49.41,25.31,9634.95,4699.5,811.39,8823.56,64.7,0,B
2024Q1,Fanta,Carbonated Soft Drinks,On-Trade,Western Cape,39,45.65,23.1,1780.35,879.45,110.9,1669.45,56.6,1,B
2024Q3,Bonaqua,Water,Mass Retail,Gauteng,21,43.08,26.27,904.68,353.01,106.39,798.29,75.3,1,D
2024Q4,Sprite,Carbonated Soft Drinks,E-Commerce,Western Cape,87,53.1,28.22,4619.7,2164.56,216.95,4402.75,74.5,0,B
2024Q1,Coca-Cola,Carbonated Soft Drinks,Mass Retail,Eastern Cape,21,54.04,31.03,1134.84,483.21,65.41,1069.43,56.6,0,A
2024Q3,Coca-Cola,Carbonated Soft Drinks,Convenience,Western Cape,16,48.33,23.2,773.28,402.08,84.79,688.49,87.0,0,D
2024Q1,Coca-Cola,Carbonated Soft Drinks,Mass Retail,Gauteng,19,53.93,29.35,1024.67,467.02,69.78,954.89,50.0,0,A
2024Q1,Cappy,Juices & Nectars,Mass Retail,KwaZulu-Natal,15,63.29,32.49,949.35,462.0,106.97,842.38,69.8,0,A
2024Q3,Monster,Energy Drinks,Mass Retail,KwaZulu-Natal,20,115.2,63.15,2304.0,1041.0,171.41,2132.59,76.6,0,B
2024Q2,Coca-Cola,Carbonated Soft Drinks,Mass Retail,Free State,21,57.8,34.44,1213.8,490.56,65.13,1148.67,46.6,1,A
2024Q2,Sprite,Carbonated Soft Drinks,Convenience,Eastern Cape,37,45.93,26.0,1699.41,737.41,191.78,1507.63,72.0,0,A
2024Q1,Coca-Cola,Carbonated Soft Drinks,E-Commerce,Gauteng,6,59.2,35.37,355.2,142.98,18.77,336.43,46.3,0,C
2024Q3,Powerade,Sports Drinks,Mass Retail,Free State,20,69.2,39.11,1384.0,601.8,86.48,1297.52,54.2,0,C
2024Q1,Bonaqua,Water,Mass Retail,KwaZulu-Natal,23,44.45,26.01,1022.35,424.12,51.16,971.19,86.0,1,A
2024Q2,Coca-Cola,Carbonated Soft Drinks,Wholesale,Western Cape,57,59.72,36.43,3404.04,1327.53,241.64,3162.4,48.5,1,A
2024Q4,Monster,Energy Drinks,E-Commerce,Gauteng,35,122.65,72.18,4292.75,1766.45,252.22,4040.53,63.3,1,A
2024Q4,Bonaqua,Water,Convenience,Eastern Cape,35,41.2,25.16,1442.0,561.4,88.31,1353.69,77.4,0,A
2024Q2,Stoney,Carbonated Soft Drinks,Mass Retail,Gauteng,66,57.49,35.22,3794.34,1469.82,420.37,3373.97,84.2,1,B
2024Q2,Sprite,Carbonated Soft Drinks,Mass Retail,KwaZulu-Natal,66,61.89,38.29,4084.74,1557.6,265.31,3819.43,63.0,1,B
2024Q1,Fanta,Carbonated Soft Drinks,Wholesale,Western Cape,8,48.47,25.6,387.76,182.96,41.4,346.36,94.6,1,B
2024Q2,Coca-Cola,Carbonated Soft Drinks,Mass Retail,Limpopo,55,51.23,25.03,2817.65,1441.0,133.53,2684.12,53.6,0,B
2024Q3,Cappy,Juices & Nectars,E-Commerce,Northern Cape,35,50.86,26.17,1780.1,864.15,138.27,1641.83,80.1,0,B
2024Q3,Cappy,Juices & Nectars,Mass Retail,KwaZulu-Natal,48,75.0,45.5,3600.0,1416.0,379.41,3220.59,85.1,1,B
2024Q3,Coca-Cola,Carbonated Soft Drinks,Mass Retail,Gauteng,15,59.29,31.8,889.35,412.35,98.51,790.84,92.5,0,A
2024Q2,Powerade,Sports Drinks,Convenience,Eastern Cape,82,61.46,31.84,5039.72,2428.84,278.44,4761.28,54.8,0,D
2024Q1,Coca-Cola,Carbonated Soft Drinks,On-Trade,Gauteng,88,50.95,25.31,4483.6,2256.32,442.95,4040.65,73.2,0,C
2024Q4,Bonaqua,Water,On-Trade,Northern Cape,7,40.17,22.63,281.19,122.78,21.01,260.18,53.7,1,B
2024Q3,Monster,Energy Drinks,E-Commerce,Gauteng,68,112.07,59.19,7620.76,3595.84,751.71,6869.05,79.9,0,C
2024Q3,Stoney,Carbonated Soft Drinks,Wholesale,Gauteng,40,65.74,37.6,2629.6,1125.6,294.18,2335.42,66.2,0,D
2024Q4,Fanta,Carbonated Soft Drinks,On-Trade,Gauteng,30,50.42,28.27,1512.6,664.5,116.65,1395.95,51.3,0,B
2024Q2,Coca-Cola,Carbonated Soft Drinks,Mass Retail,Gauteng,111,54.53,26.42,6052.83,3120.21,561.08,5491.75,73.2,1,A
2024Q2,Sprite,Carbonated Soft Drinks,Mass Retail,KwaZulu-Natal,40,49.87,26.01,1994.8,954.4,229.53,1765.27,88.4,0,B
2024Q1,Coca-Cola,Carbonated Soft Drinks,E-Commerce,Limpopo,7,48.44,23.59,339.08,173.95,14.99,324.09,81.7,0,A
2024Q3,Fanta,Carbonated Soft Drinks,Wholesale,Eastern Cape,51,44.7,23.04,2279.7,1104.66,196.53,2083.17,64.0,0,D
2024Q1,Sprite,Carbonated Soft Drinks,Wholesale,Western Cape,30,61.24,32.4,1837.2,865.2,126.78,1710.42,87.7,0,B
2024Q4,Coca-Cola,Carbonated Soft Drinks,Petrol & Travel,Eastern Cape,9,40.24,24.05,362.16,145.71,20.9,341.26,65.2,0,C
2024Q3,Bonaqua,Water,On-Trade,Gauteng,23,44.12,24.01,1014.76,462.53,65.21,949.55,94.4,1,A
2024Q3,Fanta,Carbonated Soft Drinks,Mass Retail,Gauteng,38,51.84,28.74,1969.92,877.8,83.94,1885.98,70.2,0,A
2024Q4,Stoney,Carbonated Soft Drinks,Wholesale,North West,47,54.97,33.86,2583.59,992.17,219.54,2364.05,82.9,1,C
2024Q3,Cappy,Juices & Nectars,On-Trade,Gauteng,15,65.75,37.2,986.25,428.25,113.5,872.75,80.1,1,D
2024Q4,Bonaqua,Water,Mass Retail,KwaZulu-Natal,58,33.77,18.12,1958.66,907.7,208.97,1749.69,88.2,0,A
2024Q2,Cappy,Juices & Nectars,Mass Retail,Northern Cape,11,63.06,31.2,693.66,350.46,47.44,646.22,66.9,0,B
2024Q3,Bonaqua,Water,E-Commerce,KwaZulu-Natal,21,41.05,21.98,862.05,400.47,47.02,815.03,53.3,0,B
2024Q3,Coca-Cola,Carbonated Soft Drinks,Mass Retail,Gauteng,30,49.82,25.09,1494.6,741.9,164.92,1329.68,74.5,1,C
2024Q4,Stoney,Carbonated Soft Drinks,Mass Retail,Western Cape,134,59.75,36.69,8006.5,3090.04,461.46,7545.04,92.0,0,D
2024Q4,Powerplay,Energy Drinks,Convenience,Western Cape,39,114.48,65.04,4464.72,1928.16,322.61,4142.11,84.9,0,A
2024Q2,Sprite,Carbonated Soft Drinks,Wholesale,KwaZulu-Natal,18,63.42,36.94,1141.56,476.64,120.96,1020.6,52.8,0,A
2024Q3,Coca-Cola,Carbonated Soft Drinks,E-Commerce,Gauteng,86,52.61,28.43,4524.46,2079.48,318.17,4206.29,93.5,1,B
2024Q2,Coca-Cola,Carbonated Soft Drinks,Mass Retail,Limpopo,31,57.1,31.52,1770.1,792.98,114.49,1655.61,75.4,0,C
2024Q4,Fanta,Carbonated Soft Drinks,Wholesale,Gauteng,30,51.72,30.1,1551.6,648.6,104.99,1446.61,80.6,0,C
2024Q4,Sprite,Carbonated Soft Drinks,On-Trade,KwaZulu-Natal,29,57.94,34.16,1680.26,689.62,102.96,1577.3,97.5,1,A
2024Q3,Coca-Cola,Carbonated Soft Drinks,Mass Retail,Gauteng,123,56.48,32.55,6947.04,2943.39,344.79,6602.25,94.7,1,C
2024Q4,Coca-Cola,Carbonated Soft Drinks,Mass Retail,Western Cape,11,54.4,28.45,598.4,285.45,50.1,548.3,67.1,1,A
2024Q4,Sprite,Carbonated Soft Drinks,Convenience,Gauteng,26,50.01,29.31,1300.26,538.2,145.42,1154.84,49.5,0,A
2024Q1,Coca-Cola,Carbonated Soft Drinks,Mass Retail,Gauteng,76,58.91,29.62,4477.16,2226.04,262.83,4214.33,46.3,0,B
2024Q3,Coca-Cola,Carbonated Soft Drinks,E-Commerce,Western Cape,49,50.53,30.81,2475.97,966.28,182.16,2293.81,47.7,1,A
2024Q3,Fanta,Carbonated Soft Drinks,Mass Retail,Limpopo,7,55.32,26.78,387.24,199.78,33.56,353.68,45.6,0,A
2024Q3,Coca-Cola,Carbonated Soft Drinks,Convenience,Gauteng,30,51.87,29.17,1556.1,681.0,111.75,1444.35,96.6,0,B
2024Q3,Coca-Cola,Carbonated Soft Drinks,On-Trade,Gauteng,70,47.77,24.75,3343.9,1611.4,375.65,2968.25,64.9,0,C
2024Q1,Sprite,Carbonated Soft Drinks,E-Commerce,Gauteng,30,52.7,31.44,1581.0,637.8,165.14,1415.86,56.9,1,C
2024Q4,Cappy,Juices & Nectars,Convenience,Western Cape,30,62.06,32.72,1861.8,880.2,204.16,1657.64,49.4,1,B
2024Q1,Coca-Cola,Carbonated Soft Drinks,Mass Retail,Western Cape,3,50.46,26.58,151.38,71.64,10.83,140.55,73.1,1,B
2024Q2,Powerplay,Energy Drinks,E-Commerce,KwaZulu-Natal,95,111.19,65.2,10563.05,4369.05,552.57,10010.48,52.9,1,A
2024Q2,Cappy,Juices & Nectars,Mass Retail,Northern Cape,13,57.49,33.07,747.37,317.46,33.28,714.09,46.8,0,C
2024Q4,Coca-Cola,Carbonated Soft Drinks,Convenience,Northern Cape,15,54.55,31.08,818.25,352.05,49.74,768.51,92.0,0,A
2024Q3,Cappy,Juices & Nectars,Mass Retail,KwaZulu-Natal,14,62.83,33.78,879.62,406.7,52.11,827.51,80.6,0,D
2024Q4,Bonaqua,Water,Mass Retail,Western Cape,72,42.08,22.54,3029.76,1406.88,159.08,2870.68,84.1,0,B
2024Q1,Monster,Energy Drinks,Convenience,Mpumalanga,12,119.08,58.51,1428.96,726.84,170.63,1258.33,53.3,0,C
2024Q4,Schweppes,Mixers,Convenience,Western Cape,67,65.73,39.52,4403.91,1756.07,278.13,4125.78,69.8,0,A
2024Q1,Fanta,Carbonated Soft Drinks,On-Trade,North West,9,42.52,22.38,382.68,181.26,32.58,350.1,90.1,1,D
2024Q3,Fanta,Carbonated Soft Drinks,Mass Retail,Gauteng,38,51.75,30.8,1966.5,796.1,166.16,1800.34,86.3,1,C
2024Q4,Coca-Cola,Carbonated Soft Drinks,On-Trade,KwaZulu-Natal,15,49.21,28.89,738.15,304.8,44.47,693.68,90.9,1,A
2024Q4,Coca-Cola,Carbonated Soft Drinks,Mass Retail,KwaZulu-Natal,68,53.9,28.32,3665.2,1739.44,344.96,3320.24,76.5,0,A
2024Q4,Powerplay,Energy Drinks,Mass Retail,Gauteng,59,123.93,66.93,7311.87,3363.0,453.88,6857.99,85.7,1,D
2024Q3,Powerplay,Energy Drinks,Mass Retail,Free State,14,115.04,65.29,1610.56,696.5,160.68,1449.88,56.6,1,B
2024Q2,Monster,Energy Drinks,Wholesale,KwaZulu-Natal,41,102.35,61.3,4196.35,1683.05,182.96,4013.39,83.9,0,A
2024Q3,Powerade,Sports Drinks,Convenience,Free State,61,67.22,35.39,4100.42,1941.63,316.66,3783.76,45.7,1,C
2024Q4,Fanta,Carbonated Soft Drinks,Mass Retail,Western Cape,14,57.7,32.12,807.8,358.12,43.6,764.2,60.7,0,C
2024Q2,Cappy,Juices & Nectars,Wholesale,Free State,38,71.88,40.18,2731.44,1204.6,218.58,2512.86,48.7,1,A
2024Q1,Stoney,Carbonated Soft Drinks,Convenience,Eastern Cape,8,64.72,39.38,517.76,202.72,37.55,480.21,52.6,0,A
2024Q1,Powerplay,Energy Drinks,Mass Retail,Gauteng,39,92.35,53.35,3601.65,1521.0,403.46,3198.19,87.0,0,B
2024Q4,Bonaqua,Water,On-Trade,Gauteng,44,40.87,21.31,1798.28,860.64,72.09,1726.19,59.4,1,B
2024Q3,Schweppes,Mixers,Mass Retail,Gauteng,85,63.93,36.0,5434.05,2374.05,224.42,5209.63,83.6,0,B
2024Q3,Sprite,Carbonated Soft Drinks,Petrol & Travel,Western Cape,56,63.97,33.78,3582.32,1690.64,181.86,3400.46,50.0,0,B
2024Q1,Monster,Energy Drinks,Mass Retail,Free State,39,116.88,57.79,4558.32,2304.51,328.94,4229.38,83.6,0,B
2024Q2,Sprite,Carbonated Soft Drinks,Mass Retail,KwaZulu-Natal,15,61.37,31.64,920.55,445.95,37.77,882.78,73.6,0,C
2024Q4,Schweppes,Mixers,On-Trade,Gauteng,35,59.88,33.06,2095.8,938.7,98.09,1997.71,74.1,0,B
2024Q4,Monster,Energy Drinks,Petrol & Travel,KwaZulu-Natal,9,124.5,63.95,1120.5,544.95,53.33,1067.17,61.7,1,D
2024Q3,Schweppes,Mixers,On-Trade,Gauteng,103,45.93,27.66,4730.79,1881.81,566.02,4164.77,75.9,0,B
2024Q3,Bonaqua,Water,On-Trade,KwaZulu-Natal,12,36.91,19.8,442.92,205.32,41.55,401.37,81.2,0,B
2024Q4,Sprite,Carbonated Soft Drinks,Mass Retail,Gauteng,43,51.22,25.51,2202.46,1105.53,190.03,2012.43,81.8,0,B
2024Q1,Fanta,Carbonated Soft Drinks,On-Trade,KwaZulu-Natal,50,51.49,28.32,2574.5,1158.5,253.38,2321.12,77.8,1,B
2024Q3,Schweppes,Mixers,E-Commerce,Western Cape,175,52.68,31.56,9219.0,3696.0,513.5,8705.5,51.7,0,B
2024Q3,Coca-Cola,Carbonated Soft Drinks,Mass Retail,Northern Cape,31,47.93,26.94,1485.83,650.69,123.78,1362.05,49.6,1,C
2024Q3,Coca-Cola,Carbonated Soft Drinks,On-Trade,Mpumalanga,38,48.26,26.84,1833.88,813.96,107.65,1726.23,78.8,0,A
2024Q4,Fanta,Carbonated Soft Drinks,Mass Retail,Gauteng,33,47.69,27.49,1573.77,666.6,94.72,1479.05,61.3,0,C
2024Q3,Stoney,Carbonated Soft Drinks,On-Trade,KwaZulu-Natal,118,62.4,33.14,7363.2,3452.68,672.09,6691.11,69.7,1,B
2024Q2,Sprite,Carbonated Soft Drinks,Convenience,Gauteng,49,63.33,33.58,3103.17,1457.75,350.37,2752.8,46.1,0,B
2024Q4,Stoney,Carbonated Soft Drinks,On-Trade,KwaZulu-Natal,14,65.53,37.65,917.42,390.32,65.76,851.66,85.1,0,D
2024Q2,Schweppes,Mixers,Convenience,Free State,57,56.71,29.21,3232.47,1567.5,160.45,3072.02,76.0,0,B
2024Q2,Sprite,Carbonated Soft Drinks,E-Commerce,Eastern Cape,20,54.64,28.82,1092.8,516.4,87.94,1004.86,53.6,0,D
2024Q2,Powerplay,Energy Drinks,On-Trade,Gauteng,13,93.83,46.55,1219.79,614.64,134.98,1084.81,67.0,0,C
2024Q3,Coca-Cola,Carbonated Soft Drinks,E-Commerce,Western Cape,18,60.15,34.33,1082.7,464.76,48.63,1034.07,88.1,0,B
2024Q1,Sprite,Carbonated Soft Drinks,Mass Retail,Gauteng,45,55.95,28.04,2517.75,1255.95,196.87,2320.88,76.9,0,B
2024Q3,Coca-Cola,Carbonated Soft Drinks,Mass Retail,KwaZulu-Natal,8,47.76,23.77,382.08,191.92,27.26,354.82,53.6,0,B
2024Q3,Monster,Energy Drinks,Mass Retail,Northern Cape,187,121.72,73.28,22761.64,9058.28,1961.11,20800.53,63.3,0,B
2024Q3,Fanta,Carbonated Soft Drinks,Wholesale,Western Cape,17,50.36,28.16,856.12,377.4,96.43,759.69,66.0,0,C
2024Q2,Coca-Cola,Carbonated Soft Drinks,Mass Retail,Western Cape,31,51.71,27.95,1603.01,736.56,140.51,1462.5,49.3,0,B
2024Q2,Coca-Cola,Carbonated Soft Drinks,Convenience,Gauteng,49,58.22,34.7,2852.78,1152.48,132.41,2720.37,70.3,0,B
2024Q2,Coca-Cola,Carbonated Soft Drinks,E-Commerce,Eastern Cape,49,54.39,28.22,2665.11,1282.33,307.21,2357.9,51.6,0,B
2024Q4,Schweppes,Mixers,Convenience,North West,46,45.72,25.66,2103.12,922.76,241.6,1861.52,80.6,0,A
2024Q3,Fanta,Carbonated Soft Drinks,E-Commerce,North West,19,48.43,26.23,920.17,421.8,84.21,835.96,65.2,1,C
2024Q2,Fanta,Carbonated Soft Drinks,Mass Retail,Gauteng,64,50.88,27.15,3256.32,1518.72,186.61,3069.71,68.5,1,A
2024Q3,Powerplay,Energy Drinks,Mass Retail,Gauteng,46,112.1,63.04,5156.6,2256.76,351.93,4804.67,87.4,0,A
2024Q3,Cappy,Juices & Nectars,Mass Retail,Gauteng,47,72.75,42.91,3419.25,1402.48,300.5,3118.75,66.9,0,B
2024Q4,Stoney,Carbonated Soft Drinks,Mass Retail,Northern Cape,203,63.91,32.65,12973.73,6345.78,1168.31,11805.42,75.3,1,B
2024Q4,Coca-Cola,Carbonated Soft Drinks,Wholesale,Mpumalanga,37,49.47,29.03,1830.39,756.28,149.86,1680.53,57.0,0,A
2024Q1,Coca-Cola,Carbonated Soft Drinks,Petrol & Travel,Gauteng,30,48.67,24.47,1460.1,726.0,79.95,1380.15,55.7,0,B
2024Q1,Coca-Cola,Carbonated Soft Drinks,Convenience,KwaZulu-Natal,29,49.69,27.41,1441.01,646.12,113.35,1327.66,65.3,0,B
2024Q1,Schweppes,Mixers,E-Commerce,KwaZulu-Natal,33,51.96,25.39,1714.68,876.81,78.35,1636.33,75.4,0,C
2024Q4,Schweppes,Mixers,Mass Retail,KwaZulu-Natal,37,62.03,38.11,2295.11,885.04,100.75,2194.36,50.2,1,B
2024Q2,Coca-Cola,Carbonated Soft Drinks,Mass Retail,KwaZulu-Natal,38,46.46,26.5,1765.48,758.48,77.06,1688.42,95.1,0,C
2024Q3,Schweppes,Mixers,Mass Retail,KwaZulu-Natal,23,56.33,28.38,1295.59,642.85,64.98,1230.61,51.5,0,B
2024Q1,Stoney,Carbonated Soft Drinks,Convenience,Mpumalanga,18,53.53,33.11,963.54,367.56,91.29,872.25,95.3,1,B
2024Q3,Cappy,Juices & Nectars,Convenience,KwaZulu-Natal,72,55.6,27.29,4003.2,2038.32,161.47,3841.73,80.5,0,C
2024Q2,Powerade,Sports Drinks,Convenience,Western Cape,26,53.39,28.73,1388.14,641.16,58.19,1329.95,62.8,1,A
2024Q3,Fanta,Carbonated Soft Drinks,Mass Retail,North West,112,52.71,27.63,5903.52,2808.96,421.82,5481.7,57.6,1,A
2024Q4,Coca-Cola,Carbonated Soft Drinks,Mass Retail,Gauteng,49,49.79,28.62,2439.71,1037.33,204.34,2235.37,70.2,0,A
2024Q1,Coca-Cola,Carbonated Soft Drinks,Convenience,Eastern Cape,28,50.54,26.74,1415.12,666.4,145.18,1269.94,97.6,1,D
2024Q3,Schweppes,Mixers,Convenience,Northern Cape,34,57.57,29.44,1957.38,956.42,140.83,1816.55,66.7,0,B
2024Q3,Coca-Cola,Carbonated Soft Drinks,Mass Retail,Gauteng,49,49.8,26.23,2440.2,1154.93,240.29,2199.91,67.3,0,B
2024Q1,Schweppes,Mixers,Convenience,Gauteng,46,59.52,35.79,2737.92,1091.58,122.57,2615.35,81.7,1,A
2024Q4,Coca-Cola,Carbonated Soft Drinks,On-Trade,Western Cape,92,42.8,22.96,3937.6,1825.28,321.19,3616.41,97.8,1,D
2024Q3,Coca-Cola,Carbonated Soft Drinks,E-Commerce,Western Cape,15,58.8,29.32,882.0,442.2,46.48,835.52,95.3,0,A
2024Q4,Sprite,Carbonated Soft Drinks,Petrol & Travel,Gauteng,20,50.17,28.78,1003.4,427.8,78.97,924.43,67.2,0,C
2024Q2,Sprite,Carbonated Soft Drinks,Convenience,Limpopo,109,63.6,31.97,6932.4,3447.67,538.92,6393.48,74.3,0,A
2024Q2,Stoney,Carbonated Soft Drinks,Mass Retail,North West,57,55.78,26.97,3179.46,1642.17,217.43,2962.03,86.4,0,A
2024Q4,Bonaqua,Water,Convenience,KwaZulu-Natal,66,36.91,20.65,2436.06,1073.16,252.62,2183.44,84.0,0,A
2024Q2,Sprite,Carbonated Soft Drinks,Convenience,Gauteng,13,55.21,28.52,717.73,346.97,52.77,664.96,76.8,0,B
2024Q1,Sprite,Carbonated Soft Drinks,Wholesale,Western Cape,7,55.23,32.19,386.61,161.28,16.21,370.4,76.0,0,B
2024Q2,Coca-Cola,Carbonated Soft Drinks,On-Trade,KwaZulu-Natal,30,46.62,22.97,1398.6,709.5,125.95,1272.65,74.2,0,D
2024Q1,Schweppes,Mixers,Mass Retail,Western Cape,71,57.57,29.22,4087.47,2012.85,170.88,3916.59,90.7,0,B
2024Q4,Stoney,Carbonated Soft Drinks,Convenience,KwaZulu-Natal,39,63.98,37.97,2495.22,1014.39,185.58,2309.64,84.7,0,A
2024Q1,Cappy,Juices & Nectars,Wholesale,KwaZulu-Natal,11,68.39,35.4,752.29,362.89,42.05,710.24,58.1,0,B
2024Q2,Coca-Cola,Carbonated Soft Drinks,E-Commerce,Limpopo,181,57.56,31.07,10418.36,4794.69,929.67,9488.69,49.3,1,A
2024Q1,Sprite,Carbonated Soft Drinks,Mass Retail,Northern Cape,35,49.64,25.31,1737.4,851.55,108.87,1628.53,66.2,0,B
2024Q1,Fanta,Carbonated Soft Drinks,Convenience,Free State,77,52.46,32.03,4039.42,1573.11,168.08,3871.34,53.2,0,B
2024Q4,Cappy,Juices & Nectars,Convenience,Limpopo,209,58.95,33.77,12320.55,5262.62,1162.14,11158.41,94.4,0,B
2024Q4,Powerade,Sports Drinks,E-Commerce,Gauteng,15,72.86,43.95,1092.9,433.65,48.02,1044.88,57.2,0,B
2024Q3,Fanta,Carbonated Soft Drinks,Mass Retail,Gauteng,17,47.17,23.55,801.89,401.54,87.19,714.7,71.5,0,C
2024Q3,Fanta,Carbonated Soft Drinks,On-Trade,Western Cape,61,46.88,27.49,2859.68,1182.79,185.9,2673.78,66.8,1,B
2024Q4,Coca-Cola,Carbonated Soft Drinks,Mass Retail,Western Cape,34,52.49,32.06,1784.66,694.62,114.7,1669.96,86.4,0,C
2024Q2,Sprite,Carbonated Soft Drinks,Convenience,Gauteng,15,54.11,31.06,811.65,345.75,79.82,731.83,75.5,1,A
2024Q3,Sprite,Carbonated Soft Drinks,On-Trade,Eastern Cape,6,55.58,30.0,333.48,153.48,30.55,302.93,84.5,1,C
2024Q4,Coca-Cola,Carbonated Soft Drinks,Mass Retail,Gauteng,9,49.39,25.08,444.51,218.79,45.64,398.87,93.2,0,A
2024Q4,Schweppes,Mixers,Mass Retail,North West,46,58.56,35.05,2693.76,1081.46,147.15,2546.61,95.7,0,A
2024Q4,Cappy,Juices & Nectars,Mass Retail,Western Cape,22,65.88,36.11,1449.36,654.94,70.61,1378.75,58.2,0,A
2024Q4,Schweppes,Mixers,On-Trade,Gauteng,40,58.31,30.46,2332.4,1114.0,253.52,2078.88,90.4,0,B
2024Q1,Fanta,Carbonated Soft Drinks,Convenience,North West,47,46.74,28.62,2196.78,851.64,207.82,1988.96,62.6,0,B
2024Q4,Coca-Cola,Carbonated Soft Drinks,Wholesale,Free State,37,61.23,30.42,2265.51,1139.97,147.18,2118.33,87.5,0,D
2024Q2,Cappy,Juices & Nectars,Wholesale,KwaZulu-Natal,85,60.13,35.19,5111.05,2119.9,536.43,4574.62,95.1,0,C
2024Q3,Coca-Cola,Carbonated Soft Drinks,Convenience,KwaZulu-Natal,75,55.65,31.99,4173.75,1774.5,251.2,3922.55,91.3,1,B
2024Q2,Sprite,Carbonated Soft Drinks,Petrol & Travel,Mpumalanga,35,54.7,29.9,1914.5,868.0,206.63,1707.87,65.3,1,B
2024Q2,Bonaqua,Water,Petrol & Travel,Western Cape,38,44.36,22.47,1685.68,831.82,164.57,1521.11,72.1,0,A
2024Q3,Fanta,Carbonated Soft Drinks,Wholesale,Western Cape,91,49.44,29.47,4499.04,1817.27,435.29,4063.75,50.6,0,C
2024Q3,Bonaqua,Water,On-Trade,Gauteng,87,43.81,23.26,3811.47,1787.85,420.57,3390.9,83.4,1,C
2024Q2,Bonaqua,Water,Mass Retail,KwaZulu-Natal,69,39.67,19.3,2737.23,1405.53,320.02,2417.21,81.0,0,B
2024Q3,Stoney,Carbonated Soft Drinks,Mass Retail,Gauteng,15,55.67,34.06,835.05,324.15,53.33,781.72,86.1,0,B
2024Q3,Fanta,Carbonated Soft Drinks,Wholesale,KwaZulu-Natal,46,50.2,26.69,2309.2,1081.46,158.35,2150.85,63.2,0,C
2024Q4,Sprite,Carbonated Soft Drinks,Mass Retail,Gauteng,74,54.67,30.11,4045.58,1817.44,326.16,3719.42,52.3,0,A
2024Q2,Schweppes,Mixers,Mass Retail,Eastern Cape,28,56.85,32.57,1591.8,679.84,139.49,1452.31,67.0,0,D
2024Q3,Stoney,Carbonated Soft Drinks,Mass Retail,Gauteng,20,62.44,37.14,1248.8,506.0,114.76,1134.04,67.2,0,A
2024Q2,Fanta,Carbonated Soft Drinks,Convenience,Western Cape,65,46.73,25.79,3037.45,1361.1,199.46,2837.99,76.6,0,C
2024Q3,Fanta,Carbonated Soft Drinks,Mass Retail,Eastern Cape,62,49.56,26.18,3072.72,1449.56,136.36,2936.36,55.8,0,C
2024Q3,Coca-Cola,Carbonated Soft Drinks,Convenience,Western Cape,18,54.19,26.92,975.42,490.86,44.29,931.13,83.4,0,D
2024Q4,Coca-Cola,Carbonated Soft Drinks,E-Commerce,Gauteng,14,51.27,28.29,717.78,321.72,48.74,669.04,64.9,0,C
2024Q2,Bonaqua,Water,On-Trade,KwaZulu-Natal,20,41.45,20.1,829.0,427.0,99.1,729.9,57.3,1,C
2024Q1,Bonaqua,Water,Mass Retail,Gauteng,90,38.94,20.55,3504.6,1655.1,264.72,3239.88,80.8,0,A
2024Q4,Coca-Cola,Carbonated Soft Drinks,Convenience,Western Cape,41,51.93,28.44,2129.13,963.09,253.26,1875.87,85.0,1,B
2024Q1,Coca-Cola,Carbonated Soft Drinks,Mass Retail,Free State,39,52.1,31.26,2031.9,812.76,97.1,1934.8,82.4,0,B
2024Q3,Stoney,Carbonated Soft Drinks,Mass Retail,Gauteng,56,57.02,30.06,3193.12,1509.76,339.12,2854.0,45.0,0,B
2024Q3,Cappy,Juices & Nectars,On-Trade,Free State,17,62.8,30.74,1067.6,545.02,58.69,1008.91,74.4,0,B
2024Q3,Fanta,Carbonated Soft Drinks,Convenience,Eastern Cape,7,45.13,27.2,315.91,125.51,35.52,280.39,71.1,0,B
2024Q2,Bonaqua,Water,Convenience,Eastern Cape,29,39.33,20.52,1140.57,545.49,74.86,1065.71,53.7,0,B
2024Q2,Fanta,Carbonated Soft Drinks,Mass Retail,Gauteng,42,46.5,23.13,1953.0,981.54,89.14,1863.86,93.2,1,C
2024Q4,Coca-Cola,Carbonated Soft Drinks,Mass Retail,North West,38,57.45,28.2,2183.1,1111.5,254.19,1928.91,58.1,0,D
2024Q3,Cappy,Juices & Nectars,Petrol & Travel,Gauteng,40,65.57,31.6,2622.8,1358.8,212.3,2410.5,85.8,0,B
2024Q1,Powerplay,Energy Drinks,On-Trade,KwaZulu-Natal,29,110.31,57.34,3198.99,1536.13,201.91,2997.08,65.0,0,C
2024Q4,Coca-Cola,Carbonated Soft Drinks,Wholesale,North West,12,52.69,30.39,632.28,267.6,33.77,598.51,61.4,0,B
2024Q3,Stoney,Carbonated Soft Drinks,Mass Retail,Western Cape,55,63.53,36.24,3494.15,1500.95,183.31,3310.84,74.0,1,B
2024Q2,Fanta,Carbonated Soft Drinks,Convenience,Gauteng,12,42.87,20.82,514.44,264.6,31.85,482.59,95.6,0,B
2024Q1,Coca-Cola,Carbonated Soft Drinks,Mass Retail,Northern Cape,24,51.51,26.02,1236.24,611.76,88.24,1148.0,95.2,1,B
2024Q4,Coca-Cola,Carbonated Soft Drinks,On-Trade,Gauteng,24,53.14,32.81,1275.36,487.92,89.95,1185.41,86.1,0,C
2024Q4,Coca-Cola,Carbonated Soft Drinks,E-Commerce,Limpopo,12,54.05,27.05,648.6,324.0,74.62,573.98,93.6,0,B
2024Q4,Bonaqua,Water,E-Commerce,Gauteng,85,41.94,20.54,3564.9,1819.0,238.08,3326.82,61.6,0,C
2024Q3,Coca-Cola,Carbonated Soft Drinks,Mass Retail,Gauteng,15,50.37,28.38,755.55,329.85,79.45,676.1,65.3,1,B
2024Q4,Fanta,Carbonated Soft Drinks,Mass Retail,Gauteng,20,47.2,24.64,944.0,451.2,86.3,857.7,76.9,0,B
2024Q1,Sprite,Carbonated Soft Drinks,Mass Retail,Western Cape,79,53.32,27.12,4212.28,2069.8,326.55,3885.73,87.4,1,B
2024Q1,Schweppes,Mixers,On-Trade,Eastern Cape,93,52.26,25.27,4860.18,2510.07,462.71,4397.47,61.8,1,C
2024Q3,Coca-Cola,Carbonated Soft Drinks,Wholesale,Gauteng,10,54.48,29.1,544.8,253.8,25.3,519.5,52.8,0,B
2024Q1,Coca-Cola,Carbonated Soft Drinks,Wholesale,Western Cape,32,51.13,25.42,1636.16,822.72,105.72,1530.44,94.1,1,B
2024Q3,Fanta,Carbonated Soft Drinks,Mass Retail,Western Cape,42,56.66,34.21,2379.72,942.9,200.66,2179.06,73.3,1,D
2024Q3,Coca-Cola,Carbonated Soft Drinks,On-Trade,Mpumalanga,13,45.88,26.9,596.44,246.74,40.02,556.42,95.5,0,D
2024Q1,Coca-Cola,Carbonated Soft Drinks,Wholesale,Gauteng,70,53.03,25.82,3712.1,1904.7,224.82,3487.28,69.6,1,A
2024Q3,Fanta,Carbonated Soft Drinks,Convenience,North West,42,50.75,27.37,2131.5,981.96,143.6,1987.9,96.0,0,A
2024Q2,Cappy,Juices & Nectars,On-Trade,Gauteng,5,65.99,40.08,329.95,129.55,28.22,301.73,85.4,0,A
2024Q2,Coca-Cola,Carbonated Soft Drinks,E-Commerce,Gauteng,17,44.08,26.39,749.36,300.73,51.75,697.61,87.1,0,C
2024Q4,Fanta,Carbonated Soft Drinks,Mass Retail,Eastern Cape,100,52.89,31.35,5289.0,2154.0,569.11,4719.89,65.9,1,B
2024Q2,Coca-Cola,Carbonated Soft Drinks,On-Trade,Gauteng,125,48.1,26.12,6012.5,2747.5,600.75,5411.75,63.9,0,C
2024Q2,Sprite,Carbonated Soft Drinks,Mass Retail,Gauteng,52,52.11,28.99,2709.72,1202.24,152.63,2557.09,60.5,0,A
2024Q4,Schweppes,Mixers,Wholesale,Gauteng,9,56.92,35.03,512.28,197.01,49.8,462.48,95.7,0,B
2024Q3,Schweppes,Mixers,On-Trade,Gauteng,70,57.07,31.59,3994.9,1783.6,385.84,3609.06,58.4,0,C
2024Q2,Bonaqua,Water,Mass Retail,Gauteng,26,39.3,18.87,1021.8,531.18,44.08,977.72,96.8,1,C
2024Q3,Schweppes,Mixers,Mass Retail,Western Cape,71,59.46,33.12,4221.66,1870.14,220.59,4001.07,83.6,0,C
2024Q1,Sprite,Carbonated Soft Drinks,Convenience,Gauteng,67,58.74,36.22,3935.58,1508.84,338.01,3597.57,63.1,0,A
2024Q2,Schweppes,Mixers,E-Commerce,Limpopo,25,53.79,31.96,1344.75,545.75,118.05,1226.7,65.9,0,C
2024Q1,Coca-Cola,Carbonated Soft Drinks,E-Commerce,KwaZulu-Natal,23,55.82,33.59,1283.86,511.29,60.41,1223.45,86.2,0,C
2024Q4,Monster,Energy Drinks,On-Trade,Free State,26,99.76,50.2,2593.76,1288.56,250.37,2343.39,73.4,0,C
2024Q4,Coca-Cola,Carbonated Soft Drinks,Mass Retail,Gauteng,20,49.48,24.04,989.6,508.8,65.08,924.52,74.7,0,C
2024Q3,Coca-Cola,Carbonated Soft Drinks,Convenience,Mpumalanga,18,59.89,36.74,1078.02,416.7,105.15,972.87,94.3,0,A
2024Q1,Fanta,Carbonated Soft Drinks,Mass Retail,Western Cape,20,51.5,26.9,1030.0,492.0,85.08,944.92,74.9,0,C
2024Q2,Monster,Energy Drinks,E-Commerce,KwaZulu-Natal,24,101.33,57.39,2431.92,1054.56,285.96,2145.96,83.6,0,C
2024Q2,Coca-Cola,Carbonated Soft Drinks,Mass Retail,KwaZulu-Natal,49,58.05,29.42,2844.45,1402.87,265.49,2578.96,78.0,0,C
2024Q4,Sprite,Carbonated Soft Drinks,Convenience,Gauteng,412,50.39,26.55,20760.68,9822.08,1692.93,19067.75,55.5,0,A
2024Q3,Coca-Cola,Carbonated Soft Drinks,Mass Retail,KwaZulu-Natal,154,48.8,26.41,7515.2,3448.06,467.0,7048.2,74.6,0,B
2024Q3,Bonaqua,Water,Wholesale,Gauteng,6,40.48,23.61,242.88,101.22,10.43,232.45,70.2,0,A
2024Q3,Bonaqua,Water,On-Trade,Gauteng,123,41.55,22.77,5110.65,2309.94,239.34,4871.31,96.5,0,B
2024Q1,Fanta,Carbonated Soft Drinks,Convenience,Western Cape,11,52.42,28.71,576.62,260.81,42.86,533.76,49.0,1,B
2024Q3,Sprite,Carbonated Soft Drinks,Wholesale,Western Cape,22,58.18,29.51,1279.96,630.74,102.9,1177.06,85.7,1,C
2024Q1,Coca-Cola,Carbonated Soft Drinks,E-Commerce,Limpopo,15,52.85,25.64,792.75,408.15,35.06,757.69,89.2,1,B
2024Q3,Coca-Cola,Carbonated Soft Drinks,Mass Retail,Gauteng,31,49.61,29.67,1537.91,618.14,93.8,1444.11,67.4,1,A
2024Q1,Coca-Cola,Carbonated Soft Drinks,Convenience,KwaZulu-Natal,187,46.1,25.81,8620.7,3794.23,574.09,8046.61,61.7,1,C
2024Q4,Sprite,Carbonated Soft Drinks,Mass Retail,Gauteng,17,54.22,31.84,921.74,380.46,108.12,813.62,96.4,0,B
2024Q2,Fanta,Carbonated Soft Drinks,On-Trade,Western Cape,118,53.26,27.69,6284.68,3017.26,568.52,5716.16,69.1,0,A
2024Q1,Fanta,Carbonated Soft Drinks,Mass Retail,KwaZulu-Natal,17,53.87,28.26,915.79,435.37,104.37,811.42,48.0,0,C
2024Q4,Coca-Cola,Carbonated Soft Drinks,Mass Retail,Mpumalanga,39,55.21,30.72,2153.19,955.11,129.15,2024.04,63.2,0,B
2024Q3,Fanta,Carbonated Soft Drinks,Mass Retail,KwaZulu-Natal,58,61.31,30.28,3555.98,1799.74,146.8,3409.18,96.1,0,D
2024Q4,Coca-Cola,Carbonated Soft Drinks,On-Trade,Western Cape,18,52.78,30.38,950.04,403.2,108.88,841.16,75.5,1,A
2024Q2,Monster,Energy Drinks,On-Trade,Eastern Cape,106,115.12,61.81,12202.72,5650.86,1347.02,10855.7,79.4,0,B
2024Q4,Fanta,Carbonated Soft Drinks,Mass Retail,KwaZulu-Natal,15,51.32,26.86,769.8,366.9,43.22,726.58,93.2,0,B
2024Q1,Coca-Cola,Carbonated Soft Drinks,Convenience,Gauteng,12,56.41,28.53,676.92,334.56,68.04,608.88,70.1,1,A
2024Q2,Monster,Energy Drinks,Convenience,Western Cape,23,112.14,58.95,2579.22,1223.37,199.85,2379.37,52.8,0,B
2024Q1,Coca-Cola,Carbonated Soft Drinks,Wholesale,KwaZulu-Natal,24,50.75,25.81,1218.0,598.56,123.66,1094.34,67.6,0,A
2024Q1,Schweppes,Mixers,Wholesale,Western Cape,94,56.31,34.01,5293.14,2096.2,248.44,5044.7,73.5,0,C
2024Q3,Cappy,Juices & Nectars,On-Trade,Western Cape,82,64.79,32.31,5312.78,2663.36,610.07,4702.71,84.8,0,C
2024Q4,Stoney,Carbonated Soft Drinks,Convenience,North West,13,66.44,40.62,863.72,335.66,53.59,810.13,62.6,0,C
2024Q1,Sprite,Carbonated Soft Drinks,On-Trade,Eastern Cape,53,52.76,30.78,2796.28,1164.94,126.12,2670.16,65.5,0,B
2024Q1,Coca-Cola,Carbonated Soft Drinks,E-Commerce,Mpumalanga,97,55.71,34.36,5403.87,2070.95,379.22,5024.65,87.5,0,B
2024Q1,Powerplay,Energy Drinks,Convenience,Gauteng,28,110.48,67.69,3093.44,1198.12,177.88,2915.56,62.3,0,B
2024Q3,Coca-Cola,Carbonated Soft Drinks,Mass Retail,KwaZulu-Natal,115,45.65,24.75,5249.75,2403.5,521.77,4727.98,57.1,1,B
2024Q3,Coca-Cola,Carbonated Soft Drinks,Convenience,KwaZulu-Natal,27,44.16,22.24,1192.32,591.84,81.54,1110.78,66.2,1,C
2024Q4,Sprite,Carbonated Soft Drinks,Convenience,Gauteng,71,56.29,28.22,3996.59,1992.97,351.0,3645.59,80.2,0,C
2024Q3,Sprite,Carbonated Soft Drinks,E-Commerce,Western Cape,18,62.71,34.53,1128.78,507.24,45.82,1082.96,81.7,0,B
2024Q4,Sprite,Carbonated Soft Drinks,Petrol & Travel,KwaZulu-Natal,30,53.65,33.11,1609.5,616.2,118.55,1490.95,71.6,0,C
2024Q4,Monster,Energy Drinks,On-Trade,Eastern Cape,54,125.7,74.38,6787.8,2771.28,740.88,6046.92,69.2,0,C
2024Q3,Bonaqua,Water,Mass Retail,Western Cape,45,40.08,23.15,1803.6,761.85,84.15,1719.45,90.7,0,C
2024Q4,Schweppes,Mixers,On-Trade,Gauteng,35,53.91,29.03,1886.85,870.8,207.97,1678.88,55.8,0,D
2024Q4,Coca-Cola,Carbonated Soft Drinks,Mass Retail,Gauteng,19,52.37,32.26,995.03,382.09,80.61,914.42,60.4,0,A
2024Q4,Coca-Cola,Carbonated Soft Drinks,Convenience,KwaZulu-Natal,23,55.33,28.05,1272.59,627.44,64.04,1208.55,60.8,0,D
2024Q1,Sprite,Carbonated Soft Drinks,On-Trade,Gauteng,9,54.66,27.51,491.94,244.35,32.77,459.17,94.8,0,D
2024Q2,Cappy,Juices & Nectars,On-Trade,Western Cape,32,68.5,34.6,2192.0,1084.8,243.95,1948.05,69.4,0,C
2024Q2,Bonaqua,Water,Convenience,Gauteng,41,38.74,20.12,1588.34,763.42,86.95,1501.39,47.1,1,B
2024Q2,Schweppes,Mixers,Convenience,KwaZulu-Natal,22,58.99,32.18,1297.78,589.82,114.82,1182.96,67.7,1,A
2024Q4,Coca-Cola,Carbonated Soft Drinks,Convenience,KwaZulu-Natal,45,53.12,28.72,2390.4,1098.0,198.03,2192.37,70.3,0,B
2024Q1,Fanta,Carbonated Soft Drinks,E-Commerce,Gauteng,79,43.78,26.7,3458.62,1349.32,404.54,3054.08,72.0,0,B
2024Q3,Stoney,Carbonated Soft Drinks,On-Trade,KwaZulu-Natal,40,54.46,28.3,2178.4,1046.4,135.76,2042.64,66.5,0,D
2024Q4,Coca-Cola,Carbonated Soft Drinks,On-Trade,Gauteng,36,49.42,24.29,1779.12,904.68,93.16,1685.96,68.3,0,B
2024Q1,Coca-Cola,Carbonated Soft Drinks,Convenience,Gauteng,16,47.34,23.3,757.44,384.64,48.67,708.77,96.2,0,B
2024Q3,Coca-Cola,Carbonated Soft Drinks,Mass Retail,Western Cape,62,44.28,26.89,2745.36,1078.18,111.17,2634.19,88.0,0,C
2024Q4,Cappy,Juices & Nectars,On-Trade,KwaZulu-Natal,34,69.85,33.67,2374.9,1230.12,143.94,2230.96,68.8,0,B
2024Q4,Cappy,Juices & Nectars,E-Commerce,North West,42,57.21,31.73,2402.82,1070.16,174.09,2228.73,54.0,0,C
2024Q3,Powerplay,Energy Drinks,Wholesale,Western Cape,32,118.7,67.0,3798.4,1654.4,220.99,3577.41,73.8,0,A
2024Q2,Schweppes,Mixers,Petrol & Travel,KwaZulu-Natal,41,57.38,32.45,2352.58,1022.13,163.92,2188.66,85.9,1,C
2024Q3,Sprite,Carbonated Soft Drinks,Convenience,Western Cape,9,50.15,27.1,451.35,207.45,46.28,405.07,70.7,0,A
2024Q1,Coca-Cola,Carbonated Soft Drinks,On-Trade,Free State,7,55.74,33.08,390.18,158.62,23.05,367.13,56.9,0,B
2024Q3,Coca-Cola,Carbonated Soft Drinks,Mass Retail,Gauteng,37,61.16,33.17,2262.92,1035.63,265.57,1997.35,75.3,0,A
2024Q2,Cappy,Juices & Nectars,Wholesale,Gauteng,39,61.02,36.7,2379.78,948.48,206.2,2173.58,83.1,0,A
2024Q2,Coca-Cola,Carbonated Soft Drinks,Mass Retail,Gauteng,30,48.33,25.87,1449.9,673.8,158.57,1291.33,57.9,0,C
2024Q1,Sprite,Carbonated Soft Drinks,E-Commerce,Gauteng,60,54.08,33.28,3244.8,1248.0,244.9,2999.9,62.0,0,C
2024Q1,Schweppes,Mixers,On-Trade,Eastern Cape,13,61.6,35.92,800.8,333.84,35.34,765.46,47.6,0,C
2024Q3,Sprite,Carbonated Soft Drinks,Mass Retail,Mpumalanga,11,50.59,27.76,556.49,251.13,36.54,519.95,55.2,0,B
2024Q2,Powerade,Sports Drinks,Wholesale,Gauteng,31,69.39,37.63,2151.09,984.56,185.26,1965.83,97.1,1,C
2024Q1,Coca-Cola,Carbonated Soft Drinks,Convenience,Western Cape,83,56.07,31.68,4653.81,2024.37,219.13,4434.68,80.9,1,B
2024Q1,Sprite,Carbonated Soft Drinks,On-Trade,Gauteng,110,58.05,29.58,6385.5,3131.7,685.35,5700.15,46.6,0,C
2024Q2,Sprite,Carbonated Soft Drinks,On-Trade,Gauteng,10,54.45,27.16,544.5,272.9,63.31,481.19,48.9,1,B
2024Q2,Coca-Cola,Carbonated Soft Drinks,Convenience,Limpopo,86,45.67,25.4,3927.62,1743.22,196.58,3731.04,60.4,1,B
2024Q3,Coca-Cola,Carbonated Soft Drinks,Convenience,KwaZulu-Natal,23,46.34,26.81,1065.82,449.19,61.17,1004.65,64.4,0,A
2024Q3,Sprite,Carbonated Soft Drinks,Convenience,Eastern Cape,20,58.61,28.69,1172.2,598.4,76.61,1095.59,59.1,0,C
2024Q2,Coca-Cola,Carbonated Soft Drinks,Mass Retail,Gauteng,49,53.62,32.08,2627.38,1055.46,180.7,2446.68,81.4,0,C
2024Q4,Stoney,Carbonated Soft Drinks,E-Commerce,KwaZulu-Natal,37,58.06,27.95,2148.22,1114.07,156.25,1991.97,62.5,0,A
2024Q1,Cappy,Juices & Nectars,E-Commerce,Western Cape,17,72.4,42.98,1230.8,500.14,78.17,1152.63,68.7,0,A
2024Q3,Fanta,Carbonated Soft Drinks,Petrol & Travel,Free State,57,45.43,25.68,2589.51,1125.75,293.15,2296.36,53.3,0,C
2024Q4,Coca-Cola,Carbonated Soft Drinks,On-Trade,KwaZulu-Natal,8,54.12,29.57,432.96,196.4,28.88,404.08,75.7,0,A
2024Q1,Coca-Cola,Carbonated Soft Drinks,Mass Retail,Gauteng,157,56.29,31.11,8837.53,3953.26,389.68,8447.85,57.3,0,B
2024Q3,Coca-Cola,Carbonated Soft Drinks,Convenience,KwaZulu-Natal,15,49.69,27.36,745.35,334.95,49.06,696.29,58.7,0,B
2024Q2,Sprite,Carbonated Soft Drinks,Convenience,KwaZulu-Natal,45,58.54,28.97,2634.3,1330.65,268.88,2365.42,87.8,0,B
2024Q3,Schweppes,Mixers,Convenience,Northern Cape,42,53.56,31.96,2249.52,907.2,193.88,2055.64,79.3,0,B
2024Q1,Schweppes,Mixers,Convenience,Eastern Cape,21,57.49,32.74,1207.29,519.75,56.16,1151.13,68.1,0,B
2024Q2,Coca-Cola,Carbonated Soft Drinks,On-Trade,Gauteng,13,52.59,30.34,683.67,289.25,70.83,612.84,53.7,1,B
2024Q4,Bonaqua,Water,Convenience,KwaZulu-Natal,4,46.99,23.26,187.96,94.92,17.29,170.67,91.0,0,C
2024Q3,Coca-Cola,Carbonated Soft Drinks,Mass Retail,Gauteng,19,52.85,26.2,1004.15,506.35,44.13,960.02,58.6,1,C
2024Q4,Stoney,Carbonated Soft Drinks,On-Trade,Western Cape,19,52.82,32.33,1003.58,389.31,89.15,914.43,89.3,0,C
2024Q4,Bonaqua,Water,E-Commerce,Western Cape,42,38.67,20.05,1624.14,782.04,148.01,1476.13,63.1,0,B
2024Q3,Coca-Cola,Carbonated Soft Drinks,Mass Retail,Eastern Cape,16,48.01,29.3,768.16,299.36,32.24,735.92,81.9,0,D
2024Q1,Stoney,Carbonated Soft Drinks,Mass Retail,Gauteng,48,64.78,36.97,3109.44,1334.88,156.31,2953.13,79.5,0,A
2024Q4,Bonaqua,Water,Convenience,Gauteng,29,43.13,20.94,1250.77,643.51,86.28,1164.49,88.8,0,B
2024Q1,Powerade,Sports Drinks,Mass Retail,KwaZulu-Natal,19,67.1,36.22,1274.9,586.72,98.83,1176.07,94.2,0,C
2024Q3,Powerplay,Energy Drinks,Mass Retail,Gauteng,40,91.55,44.79,3662.0,1870.4,431.4,3230.6,64.1,0,B
2024Q1,Coca-Cola,Carbonated Soft Drinks,Convenience,Gauteng,99,47.5,27.2,4702.5,2009.7,457.2,4245.3,59.2,0,C
2024Q3,Monster,Energy Drinks,Mass Retail,Western Cape,43,103.63,50.32,4456.09,2292.33,391.31,4064.78,91.1,0,B
2024Q4,Coca-Cola,Carbonated Soft Drinks,Wholesale,Western Cape,7,42.74,20.98,299.18,152.32,28.02,271.16,88.5,1,B
2024Q3,Schweppes,Mixers,On-Trade,Western Cape,84,56.09,33.81,4711.56,1871.52,280.12,4431.44,74.2,1,D
2024Q3,Sprite,Carbonated Soft Drinks,Mass Retail,Gauteng,51,58.38,28.42,2977.38,1527.96,320.06,2657.32,68.2,0,B
2024Q2,Coca-Cola,Carbonated Soft Drinks,Mass Retail,Gauteng,16,52.44,30.73,839.04,347.36,72.66,766.38,54.9,1,B
2024Q4,Sprite,Carbonated Soft Drinks,Mass Retail,Mpumalanga,83,56.68,27.35,4704.44,2434.39,206.62,4497.82,75.4,0,B
2024Q1,Cappy,Juices & Nectars,E-Commerce,KwaZulu-Natal,13,59.73,33.66,776.49,338.91,48.09,728.4,46.4,0,B
2024Q2,Coca-Cola,Carbonated Soft Drinks,Wholesale,Western Cape,85,59.72,34.87,5076.2,2112.25,477.26,4598.94,55.9,0,A
2024Q3,Cappy,Juices & Nectars,Convenience,Western Cape,65,69.09,42.48,4490.85,1729.65,405.38,4085.47,54.8,1,A
2024Q3,Schweppes,Mixers,Convenience,Eastern Cape,42,63.23,35.82,2655.66,1151.22,272.25,2383.41,82.3,0,B
2024Q1,Cappy,Juices & Nectars,E-Commerce,Western Cape,22,70.91,40.39,1560.02,671.44,101.61,1458.41,95.8,1,A
2024Q3,Coca-Cola,Carbonated Soft Drinks,On-Trade,KwaZulu-Natal,12,53.21,30.85,638.52,268.32,34.53,603.99,57.5,0,C
2024Q1,Sprite,Carbonated Soft Drinks,Mass Retail,Gauteng,46,52.81,29.05,2429.26,1092.96,274.37,2154.89,52.8,0,A
2024Q1,Coca-Cola,Carbonated Soft Drinks,Mass Retail,KwaZulu-Natal,20,50.11,28.85,1002.2,425.2,87.69,914.51,85.0,0,A
2024Q3,Coca-Cola,Carbonated Soft Drinks,Convenience,Western Cape,5,47.05,29.07,235.25,89.9,14.91,220.34,60.6,0,C
2024Q1,Fanta,Carbonated Soft Drinks,Convenience,KwaZulu-Natal,9,51.7,31.44,465.3,182.34,28.5,436.8,92.5,1,B
2024Q4,Monster,Energy Drinks,Petrol & Travel,Gauteng,57,113.5,57.16,6469.5,3211.38,759.95,5709.55,69.0,0,A
2024Q4,Sprite,Carbonated Soft Drinks,Mass Retail,Free State,12,60.06,30.41,720.72,355.8,46.34,674.38,49.9,1,C
2024Q4,Coca-Cola,Carbonated Soft Drinks,E-Commerce,Gauteng,28,48.22,28.52,1350.16,551.6,69.28,1280.88,51.9,0,A
2024Q1,Powerade,Sports Drinks,Mass Retail,Eastern Cape,22,73.22,41.87,1610.84,689.7,133.67,1477.17,80.9,0,B
2024Q3,Powerade,Sports Drinks,Convenience,KwaZulu-Natal,10,71.55,34.73,715.5,368.2,54.7,660.8,92.2,0,D
2024Q1,Coca-Cola,Carbonated Soft Drinks,On-Trade,Eastern Cape,49,48.37,27.78,2370.13,1008.91,280.61,2089.52,97.2,0,B
2024Q2,Schweppes,Mixers,Mass Retail,Limpopo,59,54.41,26.93,3210.19,1621.32,328.9,2881.29,93.2,0,D
2024Q3,Coca-Cola,Carbonated Soft Drinks,Convenience,Gauteng,14,60.12,32.54,841.68,386.12,54.57,787.11,85.4,0,B
2024Q4,Sprite,Carbonated Soft Drinks,Mass Retail,North West,44,57.96,29.87,2550.24,1235.96,115.74,2434.5,59.2,0,C
2024Q4,Coca-Cola,Carbonated Soft Drinks,E-Commerce,Gauteng,100,55.52,28.65,5552.0,2687.0,541.6,5010.4,46.5,0,A
2024Q1,Schweppes,Mixers,Wholesale,Northern Cape,14,58.99,35.11,825.86,334.32,48.56,777.3,79.6,0,A
2024Q2,Schweppes,Mixers,On-Trade,Eastern Cape,16,58.34,28.14,933.44,483.2,105.26,828.18,59.3,0,B
2024Q3,Coca-Cola,Carbonated Soft Drinks,On-Trade,KwaZulu-Natal,65,46.91,28.86,3049.15,1173.25,345.36,2703.79,71.7,0,C
2024Q3,Sprite,Carbonated Soft Drinks,Mass Retail,KwaZulu-Natal,20,54.04,27.99,1080.8,521.0,113.78,967.02,65.1,1,C
2024Q3,Coca-Cola,Carbonated Soft Drinks,Mass Retail,KwaZulu-Natal,12,59.6,30.0,715.2,355.2,85.03,630.17,88.5,0,B
2024Q3,Sprite,Carbonated Soft Drinks,On-Trade,KwaZulu-Natal,39,51.01,31.12,1989.39,775.71,158.63,1830.76,89.7,0,C
2024Q2,Coca-Cola,Carbonated Soft Drinks,E-Commerce,Mpumalanga,74,55.85,28.17,4132.9,2048.32,284.75,3848.15,78.8,1,A
2024Q3,Coca-Cola,Carbonated Soft Drinks,Mass Retail,Gauteng,51,42.98,26.62,2191.98,834.36,170.89,2021.09,88.3,0,B
2024Q1,Cappy,Juices & Nectars,Convenience,Eastern Cape,46,73.87,44.63,3398.02,1345.04,247.63,3150.39,77.0,0,B
2024Q1,Sprite,Carbonated Soft Drinks,On-Trade,Western Cape,13,54.25,26.75,705.25,357.5,29.15,676.1,91.3,1,C
2024Q4,Fanta,Carbonated Soft Drinks,Convenience,Western Cape,57,46.69,24.5,2661.33,1264.83,214.19,2447.14,53.6,0,C
2024Q3,Coca-Cola,Carbonated Soft Drinks,Mass Retail,Western Cape,104,49.89,24.95,5188.56,2593.76,211.12,4977.44,46.1,0,A
2024Q2,Fanta,Carbonated Soft Drinks,Mass Retail,Free State,82,38.68,18.61,3171.76,1645.74,234.12,2937.64,83.1,0,A
2024Q1,Coca-Cola,Carbonated Soft Drinks,Mass Retail,Gauteng,16,55.23,32.8,883.68,358.88,76.95,806.73,56.2,1,B
2024Q3,Monster,Energy Drinks,On-Trade,Western Cape,79,114.92,61.85,9078.68,4192.53,550.75,8527.93,91.0,0,A
2024Q2,Coca-Cola,Carbonated Soft Drinks,On-Trade,Gauteng,19,39.89,20.29,757.91,372.4,68.32,689.59,64.0,0,C
2024Q1,Bonaqua,Water,E-Commerce,Western Cape,6,31.24,17.47,187.44,82.62,21.24,166.2,87.4,0,B
2024Q1,Cappy,Juices & Nectars,Wholesale,Free State,55,75.5,41.44,4152.5,1873.3,229.99,3922.51,69.6,1,C
2024Q3,Coca-Cola,Carbonated Soft Drinks,Mass Retail,Gauteng,27,54.63,33.51,1475.01,570.24,121.9,1353.11,78.5,0,A
2024Q2,Coca-Cola,Carbonated Soft Drinks,Convenience,Gauteng,25,48.11,23.76,1202.75,608.75,108.05,1094.7,68.7,0,B
2024Q2,Coca-Cola,Carbonated Soft Drinks,Convenience,Gauteng,21,50.06,26.88,1051.26,486.78,119.98,931.28,82.7,0,B
2024Q3,Fanta,Carbonated Soft Drinks,E-Commerce,Eastern Cape,16,50.19,31.01,803.04,306.88,74.93,728.11,60.1,0,C
2024Q2,Stoney,Carbonated Soft Drinks,Convenience,Gauteng,48,54.63,28.1,2622.24,1273.44,255.42,2366.82,86.2,0,B
2024Q4,Fanta,Carbonated Soft Drinks,On-Trade,Western Cape,65,51.05,25.07,3318.25,1688.7,220.57,3097.68,58.2,0,D
2024Q3,Powerplay,Energy Drinks,On-Trade,Northern Cape,107,102.4,58.97,10956.8,4647.01,624.17,10332.63,57.7,0,B
2024Q2,Schweppes,Mixers,E-Commerce,Western Cape,10,55.12,26.61,551.2,285.1,60.83,490.37,96.2,0,B
2024Q3,Coca-Cola,Carbonated Soft Drinks,E-Commerce,Mpumalanga,70,54.22,27.14,3795.4,1895.6,200.3,3595.1,86.9,0,B
2024Q1,Sprite,Carbonated Soft Drinks,Petrol & Travel,Gauteng,36,53.29,27.88,1918.44,914.76,133.33,1785.11,85.8,0,D
2024Q3,Fanta,Carbonated Soft Drinks,Convenience,Northern Cape,52,49.53,26.59,2575.56,1192.88,262.06,2313.5,70.6,0,A
2024Q3,Powerade,Sports Drinks,Mass Retail,Gauteng,20,70.62,41.86,1412.4,575.2,152.55,1259.85,60.3,0,D
2024Q1,Fanta,Carbonated Soft Drinks,On-Trade,KwaZulu-Natal,223,54.79,31.25,12218.17,5249.42,505.31,11712.86,95.9,1,A
2024Q2,Sprite,Carbonated Soft Drinks,Mass Retail,Western Cape,59,55.86,32.02,3295.74,1406.56,348.73,2947.01,45.7,0,A
2024Q2,Cappy,Juices & Nectars,Mass Retail,Western Cape,31,49.9,24.46,1546.9,788.64,146.58,1400.32,71.7,0,C
2024Q1,Stoney,Carbonated Soft Drinks,E-Commerce,Gauteng,12,59.42,33.91,713.04,306.12,38.36,674.68,91.2,0,B
2024Q1,Coca-Cola,Carbonated Soft Drinks,E-Commerce,KwaZulu-Natal,17,52.16,29.61,886.72,383.35,53.43,833.29,87.6,0,C
2024Q4,Bonaqua,Water,Mass Retail,Limpopo,33,41.73,22.69,1377.09,628.32,138.09,1239.0,52.0,0,B
2024Q1,Monster,Energy Drinks,Wholesale,Gauteng,16,112.0,60.31,1792.0,827.04,194.01,1597.99,90.4,1,B
2024Q3,Schweppes,Mixers,Mass Retail,Western Cape,27,55.47,33.42,1497.69,595.35,75.35,1422.34,83.2,1,B
2024Q1,Coca-Cola,Carbonated Soft Drinks,Convenience,Gauteng,9,57.35,33.86,516.15,211.41,30.3,485.85,78.9,1,C
2024Q1,Powerade,Sports Drinks,Petrol & Travel,Eastern Cape,56,69.5,34.59,3892.0,1954.96,425.5,3466.5,76.5,1,A
2024Q1,Coca-Cola,Carbonated Soft Drinks,Convenience,Gauteng,12,50.97,29.46,611.64,258.12,61.6,550.04,50.6,0,B
2024Q4,Cappy,Juices & Nectars,Convenience,Gauteng,55,66.96,37.16,3682.8,1639.0,263.45,3419.35,90.0,0,B
2024Q2,Cappy,Juices & Nectars,Mass Retail,Gauteng,13,49.87,29.85,648.31,260.26,69.08,579.23,66.4,0,B
2024Q2,Schweppes,Mixers,Mass Retail,KwaZulu-Natal,300,55.94,28.72,16782.0,8166.0,1737.21,15044.79,70.8,0,A
2024Q1,Coca-Cola,Carbonated Soft Drinks,Convenience,KwaZulu-Natal,26,50.36,30.87,1309.36,506.74,84.33,1225.03,53.9,0,A
2024Q3,Sprite,Carbonated Soft Drinks,Convenience,Gauteng,48,46.73,26.04,2243.04,993.12,153.7,2089.34,68.7,0,B
2024Q4,Coca-Cola,Carbonated Soft Drinks,Mass Retail,Northern Cape,10,49.08,25.23,490.8,238.5,37.61,453.19,85.3,1,B
2024Q3,Sprite,Carbonated Soft Drinks,Wholesale,Gauteng,103,53.51,28.22,5511.53,2604.87,469.03,5042.5,55.9,0,A
2024Q2,Stoney,Carbonated Soft Drinks,Mass Retail,Eastern Cape,42,58.48,30.96,2456.16,1155.84,240.25,2215.91,61.9,0,D
2024Q1,Bonaqua,Water,Wholesale,Free State,29,39.8,21.85,1154.2,520.55,53.73,1100.47,55.4,0,B
2024Q3,Cappy,Juices & Nectars,Mass Retail,Western Cape,31,68.15,41.52,2112.65,825.53,176.59,1936.06,59.3,0,A
2024Q3,Fanta,Carbonated Soft Drinks,Mass Retail,Western Cape,66,45.29,22.07,2989.14,1532.52,146.74,2842.4,45.2,0,B
2024Q1,Schweppes,Mixers,Petrol & Travel,KwaZulu-Natal,52,60.18,33.18,3129.36,1404.0,200.3,2929.06,53.0,0,B
2024Q1,Powerplay,Energy Drinks,Convenience,Gauteng,97,102.8,57.11,9971.6,4431.93,460.67,9510.93,46.0,1,B
2024Q1,Cappy,Juices & Nectars,On-Trade,Gauteng,57,66.1,37.63,3767.7,1622.79,392.39,3375.31,69.7,0,A
2024Q3,Schweppes,Mixers,On-Trade,Mpumalanga,21,59.54,32.85,1250.34,560.49,98.76,1151.58,78.1,0,C
2024Q2,Coca-Cola,Carbonated Soft Drinks,Wholesale,KwaZulu-Natal,85,61.78,30.09,5251.3,2693.65,236.48,5014.82,54.9,1,D
2024Q4,Fanta,Carbonated Soft Drinks,On-Trade,Mpumalanga,66,53.84,26.87,3553.44,1780.02,379.81,3173.63,53.2,0,C
2024Q4,Fanta,Carbonated Soft Drinks,Mass Retail,Western Cape,19,44.64,23.02,848.16,410.78,67.1,781.06,66.6,0,B
2024Q3,Stoney,Carbonated Soft Drinks,Mass Retail,Mpumalanga,37,57.17,27.88,2115.29,1083.73,226.16,1889.13,72.1,0,B
2024Q3,Sprite,Carbonated Soft Drinks,Mass Retail,Western Cape,12,56.4,28.63,676.8,333.24,44.33,632.47,76.5,1,B
2024Q3,Coca-Cola,Carbonated Soft Drinks,Petrol & Travel,Northern Cape,19,56.05,27.97,1064.95,533.52,55.0,1009.95,82.0,0,C
2024Q1,Schweppes,Mixers,Wholesale,Mpumalanga,16,59.52,30.6,952.32,462.72,102.26,850.06,56.1,1,D
2024Q4,Bonaqua,Water,Mass Retail,Western Cape,17,45.59,27.76,775.03,303.11,71.32,703.71,49.8,0,C
2024Q2,Coca-Cola,Carbonated Soft Drinks,Convenience,North West,17,46.95,25.18,798.15,370.09,35.2,762.95,71.3,1,B
2024Q3,Fanta,Carbonated Soft Drinks,Convenience,Gauteng,8,45.56,26.8,364.48,150.08,38.0,326.48,53.1,0,B
2024Q2,Coca-Cola,Carbonated Soft Drinks,On-Trade,KwaZulu-Natal,14,50.47,29.87,706.58,288.4,68.24,638.34,55.1,0,C
2024Q2,Coca-Cola,Carbonated Soft Drinks,On-Trade,Western Cape,41,48.6,24.15,1992.6,1002.45,236.87,1755.73,86.4,0,B
2024Q2,Bonaqua,Water,E-Commerce,KwaZulu-Natal,64,40.9,22.8,2617.6,1158.4,141.25,2476.35,65.1,0,B
2024Q3,Fanta,Carbonated Soft Drinks,Wholesale,Gauteng,97,55.22,33.21,5356.34,2134.97,597.33,4759.01,93.7,1,C
2024Q4,Coca-Cola,Carbonated Soft Drinks,Mass Retail,Gauteng,125,53.29,31.23,6661.25,2757.5,589.77,6071.48,53.8,0,D
2024Q3,Coca-Cola,Carbonated Soft Drinks,E-Commerce,Free State,23,53.02,28.89,1219.46,554.99,65.75,1153.71,62.9,1,A
2024Q3,Coca-Cola,Carbonated Soft Drinks,Mass Retail,Gauteng,79,42.9,24.31,3389.1,1468.61,315.45,3073.65,89.3,1,B
2024Q1,Schweppes,Mixers,On-Trade,Gauteng,33,62.98,38.88,2078.34,795.3,99.32,1979.02,61.1,0,B
2024Q4,Stoney,Carbonated Soft Drinks,Convenience,Western Cape,52,58.68,28.71,3051.36,1558.44,256.17,2795.19,76.3,0,C
2024Q2,Sprite,Carbonated Soft Drinks,Wholesale,Western Cape,18,49.46,29.58,890.28,357.84,49.5,840.78,88.8,0,A
2024Q3,Coca-Cola,Carbonated Soft Drinks,Convenience,North West,62,56.06,28.54,3475.72,1706.24,297.19,3178.53,91.0,0,D
2024Q2,Coca-Cola,Carbonated Soft Drinks,On-Trade,Gauteng,31,54.12,27.06,1677.72,838.86,119.38,1558.34,95.4,0,A
2024Q4,Bonaqua,Water,Petrol & Travel,Limpopo,19,39.63,23.04,752.97,315.21,48.88,704.09,86.5,0,C
2024Q1,Monster,Energy Drinks,Wholesale,Western Cape,112,110.41,58.91,12365.92,5768.0,933.01,11432.91,64.9,0,B
2024Q1,Cappy,Juices & Nectars,On-Trade,Western Cape,99,67.48,35.81,6680.52,3135.33,547.4,6133.12,80.5,1,B
2024Q2,Sprite,Carbonated Soft Drinks,E-Commerce,Gauteng,41,54.72,31.81,2243.52,939.31,193.34,2050.18,79.3,1,B
2024Q1,Sprite,Carbonated Soft Drinks,E-Commerce,KwaZulu-Natal,38,65.97,36.71,2506.86,1111.88,172.36,2334.5,49.3,1,A
2024Q3,Sprite,Carbonated Soft Drinks,Wholesale,Eastern Cape,30,57.88,31.56,1736.4,789.6,76.78,1659.62,47.0,0,B
2024Q2,Sprite,Carbonated Soft Drinks,On-Trade,Gauteng,58,69.16,35.55,4011.28,1949.38,399.44,3611.84,53.9,1,B
2024Q2,Schweppes,Mixers,Mass Retail,Western Cape,7,55.82,28.73,390.74,189.63,35.8,354.94,79.5,0,C
2024Q4,Bonaqua,Water,On-Trade,Gauteng,18,39.93,20.7,718.74,346.14,85.1,633.64,76.6,0,B
2024Q2,Coca-Cola,Carbonated Soft Drinks,Convenience,Mpumalanga,33,51.03,24.76,1683.99,866.91,144.05,1539.94,93.8,0,C
2024Q2,Coca-Cola,Carbonated Soft Drinks,Mass Retail,KwaZulu-Natal,6,60.52,37.06,363.12,140.76,34.09,329.03,48.4,0,C
2024Q3,Coca-Cola,Carbonated Soft Drinks,Mass Retail,Western Cape,28,45.37,24.67,1270.36,579.6,109.98,1160.38,63.9,1,A
2024Q2,Stoney,Carbonated Soft Drinks,On-Trade,Northern Cape,92,59.73,34.22,5495.16,2346.92,368.56,5126.6,94.6,0,B
2024Q2,Sprite,Carbonated Soft Drinks,E-Commerce,Mpumalanga,59,57.75,35.55,3407.25,1309.8,378.84,3028.41,76.8,0,A
2024Q3,Coca-Cola,Carbonated Soft Drinks,E-Commerce,Gauteng,190,49.16,27.43,9340.4,4128.7,928.54,8411.86,59.8,0,B
2024Q1,Cappy,Juices & Nectars,Convenience,KwaZulu-Natal,28,62.51,36.57,1750.28,726.32,167.1,1583.18,97.5,1,C
2024Q1,Bonaqua,Water,Mass Retail,Eastern Cape,6,40.32,21.84,241.92,110.88,26.26,215.66,81.3,0,B
2024Q4,Monster,Energy Drinks,Convenience,Gauteng,43,108.72,53.1,4674.96,2391.66,519.33,4155.63,62.4,0,A
2024Q1,Fanta,Carbonated Soft Drinks,Convenience,Western Cape,58,50.12,24.39,2906.96,1492.34,198.19,2708.77,90.4,0,B
2024Q2,Coca-Cola,Carbonated Soft Drinks,Wholesale,Gauteng,25,46.44,24.8,1161.0,541.0,131.46,1029.54,85.4,0,A
2024Q1,Coca-Cola,Carbonated Soft Drinks,On-Trade,Gauteng,32,53.23,25.98,1703.36,872.0,103.87,1599.49,68.1,1,C
2024Q1,Monster,Energy Drinks,Mass Retail,Mpumalanga,53,97.31,56.54,5157.43,2160.81,594.66,4562.77,91.7,0,A
2024Q2,Powerade,Sports Drinks,Mass Retail,Gauteng,43,75.4,42.03,3242.2,1434.91,159.45,3082.75,51.7,0,D
2024Q3,Cappy,Juices & Nectars,Convenience,Gauteng,71,79.29,48.81,5629.59,2164.08,443.26,5186.33,48.4,0,B
2024Q1,Powerplay,Energy Drinks,E-Commerce,Eastern Cape,7,102.34,62.11,716.38,281.61,39.62,676.76,77.6,0,B
2024Q4,Coca-Cola,Carbonated Soft Drinks,On-Trade,Gauteng,30,50.58,26.16,1517.4,732.6,143.98,1373.42,95.3,1,B
2024Q1,Stoney,Carbonated Soft Drinks,On-Trade,Gauteng,17,59.99,36.64,1019.83,396.95,103.32,916.51,79.9,0,B
2024Q3,Stoney,Carbonated Soft Drinks,Wholesale,Northern Cape,40,60.04,34.82,2401.6,1008.8,273.72,2127.88,72.4,1,B
2024Q3,Monster,Energy Drinks,Mass Retail,KwaZulu-Natal,14,111.85,62.97,1565.9,684.32,123.08,1442.82,78.0,1,D
2024Q4,Schweppes,Mixers,Convenience,Eastern Cape,32,50.9,31.21,1628.8,630.08,115.14,1513.66,67.5,0,B
2024Q2,Coca-Cola,Carbonated Soft Drinks,On-Trade,KwaZulu-Natal,9,55.42,29.79,498.78,230.67,28.64,470.14,96.2,1,A
2024Q2,Coca-Cola,Carbonated Soft Drinks,On-Trade,Gauteng,26,51.73,26.44,1344.98,657.54,137.78,1207.2,55.7,1,C
2024Q2,Powerade,Sports Drinks,Convenience,Western Cape,26,67.35,33.13,1751.1,889.72,183.18,1567.92,85.9,0,A
2024Q3,Coca-Cola,Carbonated Soft Drinks,Mass Retail,Eastern Cape,46,55.53,27.06,2554.38,1309.62,262.15,2292.23,89.8,0,B
2024Q3,Fanta,Carbonated Soft Drinks,E-Commerce,Gauteng,9,50.25,30.07,452.25,181.62,44.4,407.85,97.0,1,B
2024Q2,Stoney,Carbonated Soft Drinks,On-Trade,Gauteng,19,56.52,33.4,1073.88,439.28,59.01,1014.87,48.5,0,A
2024Q4,Monster,Energy Drinks,Wholesale,Western Cape,75,107.51,59.95,8063.25,3567.0,904.14,7159.11,94.1,1,C
2024Q3,Schweppes,Mixers,Convenience,KwaZulu-Natal,29,56.37,32.34,1634.73,696.87,181.56,1453.17,69.4,0,B
2024Q3,Cappy,Juices & Nectars,Wholesale,Gauteng,50,64.03,39.41,3201.5,1231.0,196.85,3004.65,71.2,1,B
2024Q3,Schweppes,Mixers,On-Trade,Gauteng,36,70.72,35.38,2545.92,1272.24,191.87,2354.05,62.7,0,C
2024Q3,Powerplay,Energy Drinks,Convenience,North West,30,108.61,63.7,3258.3,1347.3,316.19,2942.11,64.4,1,C
2024Q2,Coca-Cola,Carbonated Soft Drinks,Convenience,Western Cape,17,47.33,23.94,804.61,397.63,69.32,735.29,53.2,0,B
2024Q3,Sprite,Carbonated Soft Drinks,On-Trade,Limpopo,51,63.35,33.84,3230.85,1505.01,237.86,2992.99,74.8,1,C
2024Q4,Coca-Cola,Carbonated Soft Drinks,Mass Retail,Western Cape,39,50.17,30.54,1956.63,765.57,120.64,1835.99,64.6,0,C
2024Q3,Sprite,Carbonated Soft Drinks,E-Commerce,Gauteng,24,56.32,32.31,1351.68,576.24,98.44,1253.24,69.9,1,A
2024Q1,Sprite,Carbonated Soft Drinks,Mass Retail,Gauteng,51,52.75,28.67,2690.25,1228.08,172.53,2517.72,65.4,0,B
2024Q2,Coca-Cola,Carbonated Soft Drinks,Convenience,Western Cape,16,55.88,27.74,894.08,450.24,53.79,840.29,93.8,0,B
2024Q3,Sprite,Carbonated Soft Drinks,Wholesale,Gauteng,222,59.03,31.36,13104.66,6142.74,1370.34,11734.32,72.7,1,A
2024Q2,Monster,Energy Drinks,E-Commerce,North West,36,101.55,62.06,3655.8,1421.64,236.41,3419.39,91.1,0,A
2024Q1,Coca-Cola,Carbonated Soft Drinks,Convenience,Limpopo,41,49.91,25.35,2046.31,1006.96,142.63,1903.68,71.6,0,A
2024Q1,Bonaqua,Water,On-Trade,KwaZulu-Natal,27,37.39,20.49,1009.53,456.3,84.06,925.47,88.4,1,B
2024Q3,Powerplay,Energy Drinks,Mass Retail,Eastern Cape,53,116.78,65.14,6189.34,2736.92,593.94,5595.4,66.8,1,A
2024Q2,Cappy,Juices & Nectars,On-Trade,Gauteng,42,77.92,44.38,3272.64,1408.68,219.4,3053.24,93.1,0,A
2024Q1,Coca-Cola,Carbonated Soft Drinks,Mass Retail,Western Cape,30,48.52,28.43,1455.6,602.7,150.7,1304.9,71.2,0,B
2024Q1,Coca-Cola,Carbonated Soft Drinks,Mass Retail,North West,20,45.54,27.59,910.8,359.0,101.74,809.06,81.3,0,A
2024Q3,Sprite,Carbonated Soft Drinks,Mass Retail,Gauteng,15,52.98,27.21,794.7,386.55,58.36,736.34,58.3,0,B
2024Q4,Coca-Cola,Carbonated Soft Drinks,Mass Retail,Mpumalanga,23,48.95,27.42,1125.85,495.19,84.83,1041.02,63.4,0,A
2024Q4,Coca-Cola,Carbonated Soft Drinks,Wholesale,Gauteng,41,53.76,28.3,2204.16,1043.86,219.44,1984.72,53.1,1,A
2024Q4,Sprite,Carbonated Soft Drinks,Mass Retail,KwaZulu-Natal,79,52.94,27.24,4182.26,2030.3,188.45,3993.81,52.0,0,B
2024Q1,Coca-Cola,Carbonated Soft Drinks,E-Commerce,KwaZulu-Natal,11,55.04,30.7,605.44,267.74,49.77,555.67,79.7,1,D
2024Q4,Cappy,Juices & Nectars,Convenience,Gauteng,23,71.05,41.01,1634.15,690.92,67.47,1566.68,64.8,0,A
2024Q4,Coca-Cola,Carbonated Soft Drinks,On-Trade,Eastern Cape,17,52.35,30.92,889.95,364.31,51.1,838.85,80.9,0,A
2024Q3,Coca-Cola,Carbonated Soft Drinks,Wholesale,KwaZulu-Natal,120,53.75,30.78,6450.0,2756.4,441.45,6008.55,87.9,0,B
2024Q3,Stoney,Carbonated Soft Drinks,On-Trade,Eastern Cape,116,61.84,32.96,7173.44,3350.08,460.69,6712.75,69.3,0,B
2024Q4,Coca-Cola,Carbonated Soft Drinks,Convenience,Western Cape,35,55.18,31.6,1931.3,825.3,216.81,1714.49,50.2,1,C
2024Q1,Coca-Cola,Carbonated Soft Drinks,Mass Retail,KwaZulu-Natal,65,54.33,32.6,3531.45,1412.45,258.53,3272.92,49.7,0,B
2024Q1,Stoney,Carbonated Soft Drinks,Mass Retail,KwaZulu-Natal,18,54.99,32.34,989.82,407.7,45.57,944.25,88.9,0,C
2024Q2,Fanta,Carbonated Soft Drinks,Convenience,Western Cape,17,50.8,26.78,863.6,408.34,40.74,822.86,96.0,0,B
2024Q4,Powerade,Sports Drinks,Convenience,Western Cape,9,66.24,40.45,596.16,232.11,40.28,555.88,53.5,0,C
2024Q2,Sprite,Carbonated Soft Drinks,E-Commerce,KwaZulu-Natal,78,56.3,30.78,4391.4,1990.56,525.06,3866.34,81.0,1,A
2024Q4,Schweppes,Mixers,E-Commerce,KwaZulu-Natal,48,49.32,25.77,2367.36,1130.4,111.07,2256.29,45.1,0,A
2024Q4,Fanta,Carbonated Soft Drinks,Mass Retail,Gauteng,40,54.82,33.98,2192.8,833.6,138.03,2054.77,59.9,1,A
2024Q4,Bonaqua,Water,Mass Retail,Gauteng,21,37.8,22.34,793.8,324.66,89.27,704.53,96.7,1,B
2024Q2,Schweppes,Mixers,Mass Retail,Gauteng,25,60.87,30.18,1521.75,767.25,166.79,1354.96,78.7,1,C
2024Q2,Powerplay,Energy Drinks,On-Trade,Gauteng,8,103.6,60.41,828.8,345.52,63.22,765.58,97.4,1,C
2024Q4,Sprite,Carbonated Soft Drinks,Mass Retail,KwaZulu-Natal,26,45.62,25.11,1186.12,533.26,77.42,1108.7,83.6,0,A
2024Q3,Stoney,Carbonated Soft Drinks,Mass Retail,KwaZulu-Natal,37,65.21,38.84,2412.77,975.69,155.09,2257.68,66.1,0,D
2024Q1,Bonaqua,Water,On-Trade,Mpumalanga,7,39.5,24.28,276.5,106.54,17.98,258.52,50.2,0,B
2024Q3,Schweppes,Mixers,Convenience,Free State,28,50.47,27.29,1413.16,649.04,146.93,1266.23,84.2,0,A
2024Q3,Powerplay,Energy Drinks,Petrol & Travel,Gauteng,12,98.7,58.07,1184.4,487.56,52.31,1132.09,45.7,0,A
2024Q4,Coca-Cola,Carbonated Soft Drinks,Mass Retail,Western Cape,13,51.74,26.54,672.62,327.6,77.08,595.54,90.6,0,B
2024Q2,Stoney,Carbonated Soft Drinks,Convenience,Western Cape,259,48.93,30.17,12672.87,4858.84,1486.04,11186.83,56.4,0,C
2024Q3,Sprite,Carbonated Soft Drinks,Mass Retail,Western Cape,20,52.62,30.24,1052.4,447.6,76.19,976.21,94.4,1,C
2024Q2,Coca-Cola,Carbonated Soft Drinks,Petrol & Travel,KwaZulu-Natal,64,52.12,31.61,3335.68,1312.64,175.2,3160.48,64.4,0,A
2024Q4,Schweppes,Mixers,Mass Retail,Limpopo,11,47.35,26.7,520.85,227.15,23.82,497.03,57.0,0,D
2024Q4,Coca-Cola,Carbonated Soft Drinks,Mass Retail,Free State,35,52.64,25.41,1842.4,953.05,121.89,1720.51,78.3,1,C
2024Q4,Stoney,Carbonated Soft Drinks,Wholesale,KwaZulu-Natal,40,63.16,30.95,2526.4,1288.4,284.78,2241.62,95.8,1,B
2024Q2,Fanta,Carbonated Soft Drinks,Convenience,Western Cape,7,51.29,27.44,359.03,166.95,19.52,339.51,75.6,0,B
2024Q3,Coca-Cola,Carbonated Soft Drinks,Convenience,Eastern Cape,16,52.05,29.5,832.8,360.8,55.98,776.82,90.4,0,B
2024Q4,Fanta,Carbonated Soft Drinks,Convenience,Northern Cape,21,47.95,28.18,1006.95,415.17,61.67,945.28,85.7,1,C
2024Q2,Coca-Cola,Carbonated Soft Drinks,Convenience,KwaZulu-Natal,24,43.8,26.81,1051.2,407.76,120.4,930.8,56.0,0,C
2024Q3,Fanta,Carbonated Soft Drinks,Wholesale,Eastern Cape,34,45.28,24.65,1539.52,701.42,172.52,1367.0,94.3,0,B
2024Q4,Coca-Cola,Carbonated Soft Drinks,Wholesale,Gauteng,71,51.94,30.8,3687.74,1500.94,148.59,3539.15,62.0,0,B
2024Q3,Schweppes,Mixers,On-Trade,KwaZulu-Natal,19,54.51,26.45,1035.69,533.14,94.73,940.96,58.9,1,B
2024Q4,Powerplay,Energy Drinks,Convenience,Gauteng,57,103.15,61.81,5879.55,2356.38,462.4,5417.15,67.1,0,B
2024Q3,Sprite,Carbonated Soft Drinks,E-Commerce,Western Cape,20,52.56,27.38,1051.2,503.6,56.58,994.62,65.1,0,B
2024Q3,Coca-Cola,Carbonated Soft Drinks,Wholesale,Eastern Cape,11,59.38,36.27,653.18,254.21,28.66,624.52,56.1,0,A
2024Q3,Sprite,Carbonated Soft Drinks,Mass Retail,Gauteng,23,55.86,29.96,1284.78,595.7,118.11,1166.67,82.0,0,C
2024Q1,Schweppes,Mixers,Mass Retail,Gauteng,20,56.06,30.26,1121.2,516.0,56.4,1064.8,95.2,0,C
2024Q3,Coca-Cola,Carbonated Soft Drinks,Mass Retail,Gauteng,79,48.91,26.89,3863.89,1739.58,250.39,3613.5,88.0,0,A
2024Q2,Coca-Cola,Carbonated Soft Drinks,Mass Retail,KwaZulu-Natal,25,52.54,29.38,1313.5,579.0,132.75,1180.75,52.2,1,C
2024Q2,Sprite,Carbonated Soft Drinks,Mass Retail,Eastern Cape,28,62.62,33.97,1753.36,802.2,71.13,1682.23,88.4,0,B
2024Q1,Cappy,Juices & Nectars,Wholesale,Western Cape,158,69.27,40.06,10944.66,4615.18,1274.82,9669.84,73.2,0,D
2024Q4,Fanta,Carbonated Soft Drinks,E-Commerce,Free State,36,51.76,27.01,1863.36,891.0,93.39,1769.97,89.7,0,C
2024Q2,Coca-Cola,Carbonated Soft Drinks,Convenience,KwaZulu-Natal,24,60.69,30.82,1456.56,716.88,128.37,1328.19,48.2,0,B
2024Q1,Monster,Energy Drinks,Mass Retail,Gauteng,5,125.35,73.31,626.75,260.2,66.58,560.17,85.9,1,A
2024Q2,Sprite,Carbonated Soft Drinks,Convenience,Western Cape,37,49.25,30.09,1822.25,708.92,194.61,1627.64,89.7,0,B
2024Q4,Stoney,Carbonated Soft Drinks,Convenience,Gauteng,14,47.58,23.89,666.12,331.66,28.3,637.82,95.2,1,A
2024Q1,Bonaqua,Water,Convenience,KwaZulu-Natal,27,39.93,24.36,1078.11,420.39,93.13,984.98,80.4,0,A
2024Q3,Fanta,Carbonated Soft Drinks,Convenience,Free State,86,43.96,21.34,3780.56,1945.32,207.71,3572.85,89.1,0,B
2024Q4,Coca-Cola,Carbonated Soft Drinks,Mass Retail,KwaZulu-Natal,12,45.77,25.39,549.24,244.56,21.98,527.26,57.8,1,B
2024Q2,Schweppes,Mixers,Mass Retail,KwaZulu-Natal,60,54.52,28.3,3271.2,1573.2,180.97,3090.23,71.7,0,B
2024Q1,Schweppes,Mixers,Petrol & Travel,Gauteng,28,56.83,30.11,1591.24,748.16,158.83,1432.41,74.2,0,C
2024Q1,Monster,Energy Drinks,Mass Retail,Gauteng,29,133.37,64.77,3867.73,1989.4,459.28,3408.45,65.3,1,C
2024Q1,Sprite,Carbonated Soft Drinks,On-Trade,Gauteng,12,59.59,33.49,715.08,313.2,62.17,652.91,68.6,0,A
2024Q2,Coca-Cola,Carbonated Soft Drinks,Wholesale,KwaZulu-Natal,24,45.07,25.03,1081.68,480.96,100.69,980.99,86.6,0,D
2024Q2,Schweppes,Mixers,On-Trade,Gauteng,15,59.2,36.15,888.0,345.75,62.73,825.27,83.7,1,B
2024Q2,Cappy,Juices & Nectars,On-Trade,Free State,31,59.1,35.63,1832.1,727.57,150.56,1681.54,94.3,0,C
2024Q1,Stoney,Carbonated Soft Drinks,Mass Retail,Western Cape,14,59.54,35.27,833.56,339.78,49.81,783.75,92.7,0,B
2024Q3,Bonaqua,Water,Mass Retail,Western Cape,33,42.62,24.5,1406.46,597.96,143.85,1262.61,51.9,0,B
2024Q4,Cappy,Juices & Nectars,Mass Retail,Gauteng,33,64.01,32.11,2112.33,1052.7,115.4,1996.93,64.3,0,B
2024Q4,Coca-Cola,Carbonated Soft Drinks,Petrol & Travel,Gauteng,19,52.83,29.08,1003.77,451.25,54.82,948.95,75.4,0,A
2024Q4,Powerade,Sports Drinks,Mass Retail,Western Cape,123,69.54,36.65,8553.42,4045.47,865.68,7687.74,67.9,0,A
2024Q1,Fanta,Carbonated Soft Drinks,Convenience,KwaZulu-Natal,85,56.21,29.42,4777.85,2277.15,223.91,4553.94,49.8,0,D
2024Q3,Stoney,Carbonated Soft Drinks,Mass Retail,Gauteng,18,61.49,32.59,1106.82,520.2,96.73,1010.09,89.3,1,C
2024Q1,Coca-Cola,Carbonated Soft Drinks,Convenience,KwaZulu-Natal,45,50.87,24.48,2289.15,1187.55,128.45,2160.7,95.8,0,D
2024Q4,Schweppes,Mixers,Mass Retail,KwaZulu-Natal,28,56.86,27.52,1592.08,821.52,94.86,1497.22,91.7,0,B
2024Q4,Fanta,Carbonated Soft Drinks,Wholesale,Western Cape,46,50.93,27.36,2342.78,1084.22,129.56,2213.22,72.4,0,B
2024Q2,Stoney,Carbonated Soft Drinks,E-Commerce,Gauteng,56,68.09,41.33,3813.04,1498.56,189.88,3623.16,73.3,0,A
2024Q3,Bonaqua,Water,E-Commerce,Western Cape,22,32.14,15.74,707.08,360.8,44.02,663.06,62.2,0,B
2024Q1,Coca-Cola,Carbonated Soft Drinks,Mass Retail,Northern Cape,25,44.62,25.61,1115.5,475.25,59.09,1056.41,70.8,0,B
2024Q3,Monster,Energy Drinks,Mass Retail,Free State,43,119.6,68.61,5142.8,2192.57,257.67,4885.13,95.1,1,B
2024Q2,Coca-Cola,Carbonated Soft Drinks,Mass Retail,Western Cape,18,55.62,33.97,1001.16,389.7,97.71,903.45,85.0,1,B
2024Q4,Sprite,Carbonated Soft Drinks,Mass Retail,KwaZulu-Natal,175,50.91,29.92,8909.25,3673.25,430.47,8478.78,96.0,0,A
2024Q2,Schweppes,Mixers,E-Commerce,Gauteng,62,54.77,30.26,3395.74,1519.62,261.28,3134.46,61.7,0,A
2024Q3,Powerade,Sports Drinks,Mass Retail,Western Cape,20,75.89,43.11,1517.8,655.6,145.63,1372.17,82.7,1,B
2024Q1,Bonaqua,Water,E-Commerce,North West,29,44.03,22.75,1276.87,617.12,75.77,1201.1,70.6,0,A
2024Q1,Coca-Cola,Carbonated Soft Drinks,E-Commerce,Gauteng,99,49.23,24.3,4873.77,2468.07,380.57,4493.2,97.6,0,A
2024Q2,Schweppes,Mixers,Convenience,North West,33,50.56,25.92,1668.48,813.12,121.41,1547.07,86.3,0,C
2024Q4,Coca-Cola,Carbonated Soft Drinks,Mass Retail,Eastern Cape,8,57.57,31.68,460.56,207.12,40.72,419.84,74.7,0,C
2024Q2,Sprite,Carbonated Soft Drinks,Wholesale,Gauteng,11,55.46,32.93,610.06,247.83,50.84,559.22,51.9,0,A
2024Q1,Schweppes,Mixers,Wholesale,Free State,15,55.77,30.82,836.55,374.25,41.0,795.55,94.5,1,B
2024Q1,Coca-Cola,Carbonated Soft Drinks,On-Trade,Free State,21,45.8,24.44,961.8,448.56,99.62,862.18,69.2,1,A
2024Q2,Fanta,Carbonated Soft Drinks,On-Trade,Gauteng,34,43.05,21.55,1463.7,731.0,130.17,1333.53,75.0,0,B
2024Q3,Cappy,Juices & Nectars,Petrol & Travel,KwaZulu-Natal,24,62.87,38.06,1508.88,595.44,177.69,1331.19,90.5,1,A
2024Q2,Stoney,Carbonated Soft Drinks,Convenience,Western Cape,30,62.59,30.12,1877.7,974.1,141.56,1736.14,47.4,0,C
2024Q2,Fanta,Carbonated Soft Drinks,Mass Retail,Gauteng,25,41.69,23.59,1042.25,452.5,114.13,928.12,80.1,0,C
2024Q2,Coca-Cola,Carbonated Soft Drinks,Convenience,Gauteng,35,47.71,24.8,1669.85,801.85,73.08,1596.77,80.4,0,D
2024Q4,Coca-Cola,Carbonated Soft Drinks,Mass Retail,Free State,45,50.25,30.12,2261.25,905.85,255.85,2005.4,59.1,0,C
2024Q2,Coca-Cola,Carbonated Soft Drinks,Convenience,Gauteng,51,44.09,21.47,2248.59,1153.62,97.84,2150.75,83.2,0,D
2024Q4,Stoney,Carbonated Soft Drinks,On-Trade,Gauteng,17,56.78,32.58,965.26,411.4,38.64,926.62,87.7,1,C
2024Q4,Coca-Cola,Carbonated Soft Drinks,On-Trade,Western Cape,23,46.97,25.73,1080.31,488.52,73.89,1006.42,62.0,0,A
2024Q4,Coca-Cola,Carbonated Soft Drinks,On-Trade,KwaZulu-Natal,29,52.2,28.2,1513.8,696.0,166.52,1347.28,61.0,1,B
2024Q4,Coca-Cola,Carbonated Soft Drinks,E-Commerce,Gauteng,52,57.9,32.41,3010.8,1325.48,133.34,2877.46,52.4,0,A
2024Q1,Coca-Cola,Carbonated Soft Drinks,Mass Retail,Western Cape,33,45.92,25.54,1515.36,672.54,94.98,1420.38,95.3,0,B
2024Q4,Monster,Energy Drinks,Petrol & Travel,Western Cape,24,112.93,55.88,2710.32,1369.2,215.26,2495.06,53.5,0,C
2024Q2,Schweppes,Mixers,Mass Retail,Gauteng,31,51.68,27.44,1602.08,751.44,146.03,1456.05,51.8,0,C
2024Q1,Bonaqua,Water,Convenience,Gauteng,52,39.32,19.1,2044.64,1051.44,231.25,1813.39,89.1,0,A
2024Q4,Sprite,Carbonated Soft Drinks,Mass Retail,Gauteng,33,57.66,30.13,1902.78,908.49,131.3,1771.48,48.5,0,A
2024Q1,Cappy,Juices & Nectars,Wholesale,Gauteng,36,65.15,35.31,2345.4,1074.24,271.86,2073.54,58.0,0,B
2024Q3,Coca-Cola,Carbonated Soft Drinks,Wholesale,Eastern Cape,150,51.34,25.13,7701.0,3931.5,427.43,7273.57,56.4,0,B
2024Q1,Cappy,Juices & Nectars,Wholesale,Gauteng,42,59.89,30.55,2515.38,1232.28,274.0,2241.38,94.9,0,B
2024Q4,Coca-Cola,Carbonated Soft Drinks,E-Commerce,Limpopo,12,49.17,23.94,590.04,302.76,36.28,553.76,79.7,0,C
2024Q4,Coca-Cola,Carbonated Soft Drinks,On-Trade,Gauteng,29,54.48,31.44,1579.92,668.16,125.04,1454.88,72.2,1,A
2024Q2,Bonaqua,Water,Convenience,Western Cape,9,32.29,18.69,290.61,122.4,33.49,257.12,62.5,1,B
2024Q3,Coca-Cola,Carbonated Soft Drinks,Convenience,Gauteng,394,50.95,25.66,20074.3,9964.26,2024.24,18050.06,97.2,0,A
2024Q4,Stoney,Carbonated Soft Drinks,Mass Retail,Gauteng,41,58.53,33.87,2399.73,1011.06,183.12,2216.61,73.7,0,B
2024Q2,Coca-Cola,Carbonated Soft Drinks,Mass Retail,Limpopo,5,50.52,27.74,252.6,113.9,21.81,230.79,55.0,0,C
2024Q2,Schweppes,Mixers,On-Trade,Gauteng,80,63.95,31.59,5116.0,2588.8,451.92,4664.08,51.4,1,A
2024Q4,Monster,Energy Drinks,Convenience,Northern Cape,4,117.22,65.93,468.88,205.16,22.1,446.78,67.8,1,C
2024Q2,Coca-Cola,Carbonated Soft Drinks,E-Commerce,Eastern Cape,34,53.14,30.62,1806.76,765.68,119.31,1687.45,50.0,0,A
2024Q2,Sprite,Carbonated Soft Drinks,Mass Retail,Mpumalanga,20,47.95,27.38,959.0,411.4,40.25,918.75,87.9,0,D
2024Q4,Powerplay,Energy Drinks,Convenience,Gauteng,27,107.43,54.01,2900.61,1442.34,323.72,2576.89,81.4,1,C
2024Q1,Fanta,Carbonated Soft Drinks,Convenience,Western Cape,38,48.36,27.09,1837.68,808.26,132.98,1704.7,64.3,1,B
2024Q4,Coca-Cola,Carbonated Soft Drinks,On-Trade,Gauteng,44,47.04,25.37,2069.76,953.48,156.75,1913.01,58.5,0,D
2024Q1,Coca-Cola,Carbonated Soft Drinks,Mass Retail,KwaZulu-Natal,344,47.88,25.03,16470.72,7860.4,898.39,15572.33,49.6,0,A
2024Q1,Schweppes,Mixers,Mass Retail,Western Cape,54,52.85,28.26,2853.9,1327.86,209.08,2644.82,69.9,0,D
2024Q2,Sprite,Carbonated Soft Drinks,Mass Retail,KwaZulu-Natal,26,52.57,30.12,1366.82,583.7,127.47,1239.35,60.2,0,C
2024Q1,Sprite,Carbonated Soft Drinks,Convenience,KwaZulu-Natal,21,52.71,25.47,1106.91,572.04,123.69,983.22,56.2,1,B
2024Q3,Stoney,Carbonated Soft Drinks,Convenience,Gauteng,19,57.82,32.93,1098.58,472.91,50.55,1048.03,52.1,0,C
2024Q1,Schweppes,Mixers,On-Trade,Gauteng,91,52.84,29.49,4808.44,2124.85,290.82,4517.62,79.5,1,B
2024Q3,Coca-Cola,Carbonated Soft Drinks,Wholesale,Western Cape,4,57.82,29.92,231.28,111.6,20.43,210.85,91.2,0,C
2024Q3,Coca-Cola,Carbonated Soft Drinks,Convenience,KwaZulu-Natal,10,58.98,30.17,589.8,288.1,35.72,554.08,70.4,0,B
2024Q2,Schweppes,Mixers,On-Trade,KwaZulu-Natal,27,60.62,32.27,1636.74,765.45,115.69,1521.05,89.3,0,A
2024Q2,Coca-Cola,Carbonated Soft Drinks,Convenience,KwaZulu-Natal,9,56.52,33.6,508.68,206.28,21.91,486.77,91.2,0,C
2024Q4,Cappy,Juices & Nectars,Mass Retail,Mpumalanga,31,53.37,30.6,1654.47,705.87,67.87,1586.6,91.2,0,B
2024Q1,Coca-Cola,Carbonated Soft Drinks,Mass Retail,Western Cape,16,50.41,27.3,806.56,369.76,64.29,742.27,66.4,0,B
2024Q4,Fanta,Carbonated Soft Drinks,E-Commerce,Mpumalanga,49,49.7,28.03,2435.3,1061.83,254.73,2180.57,50.8,0,B
2024Q1,Cappy,Juices & Nectars,Wholesale,Free State,62,56.84,34.14,3524.08,1407.4,163.05,3361.03,48.8,0,A
2024Q2,Powerplay,Energy Drinks,Mass Retail,Western Cape,55,98.93,55.01,5441.15,2415.6,580.2,4860.95,51.6,1,B
2024Q2,Bonaqua,Water,Mass Retail,Gauteng,55,40.65,21.87,2235.75,1032.9,147.91,2087.84,77.2,0,B
2024Q3,Powerplay,Energy Drinks,Convenience,KwaZulu-Natal,85,111.97,58.22,9517.45,4568.75,562.83,8954.62,86.7,1,B
2024Q4,Stoney,Carbonated Soft Drinks,Wholesale,Western Cape,35,48.62,27.15,1701.7,751.45,167.26,1534.44,63.8,0,B
2024Q2,Schweppes,Mixers,Mass Retail,Gauteng,89,67.57,38.49,6013.73,2588.12,365.37,5648.36,49.5,1,C
2024Q3,Fanta,Carbonated Soft Drinks,Mass Retail,KwaZulu-Natal,33,43.86,26.21,1447.38,582.45,139.1,1308.28,86.8,0,B
2024Q4,Schweppes,Mixers,Convenience,KwaZulu-Natal,8,50.48,25.59,403.84,199.12,18.13,385.71,76.3,0,B
2024Q3,Coca-Cola,Carbonated Soft Drinks,E-Commerce,Gauteng,18,55.39,33.02,997.02,402.66,96.03,900.99,95.1,0,A
2024Q2,Sprite,Carbonated Soft Drinks,Mass Retail,Free State,23,64.47,36.64,1482.81,640.09,112.65,1370.16,55.0,0,B
2024Q3,Sprite,Carbonated Soft Drinks,Mass Retail,Mpumalanga,98,55.93,32.61,5481.14,2285.36,510.31,4970.83,51.0,0,A
2024Q2,Coca-Cola,Carbonated Soft Drinks,On-Trade,Mpumalanga,72,52.03,31.67,3746.16,1465.92,166.38,3579.78,88.5,1,A
2024Q4,Coca-Cola,Carbonated Soft Drinks,Petrol & Travel,KwaZulu-Natal,57,43.06,21.56,2454.42,1225.5,244.72,2209.7,45.4,1,B
2024Q3,Coca-Cola,Carbonated Soft Drinks,On-Trade,Gauteng,124,54.62,33.23,6772.88,2652.36,653.17,6119.71,80.6,0,D
2024Q3,Coca-Cola,Carbonated Soft Drinks,Convenience,Northern Cape,162,53.66,28.89,8692.92,4012.74,855.86,7837.06,72.7,1,A
2024Q4,Coca-Cola,Carbonated Soft Drinks,Wholesale,Eastern Cape,46,50.38,29.3,2317.48,969.68,258.59,2058.89,51.2,0,D
2024Q3,Coca-Cola,Carbonated Soft Drinks,Petrol & Travel,KwaZulu-Natal,14,54.18,30.41,758.52,332.78,85.2,673.32,62.0,0,B
2024Q2,Coca-Cola,Carbonated Soft Drinks,Wholesale,North West,48,47.15,24.85,2263.2,1070.4,128.77,2134.43,61.6,1,C
2024Q1,Stoney,Carbonated Soft Drinks,Wholesale,Western Cape,27,63.66,32.74,1718.82,834.84,130.41,1588.41,62.0,0,C
2024Q3,Powerplay,Energy Drinks,Mass Retail,KwaZulu-Natal,31,112.34,67.47,3482.54,1390.97,296.95,3185.59,53.3,0,A
2024Q3,Schweppes,Mixers,Mass Retail,Western Cape,189,58.23,35.2,11005.47,4352.67,827.99,10177.48,92.8,0,A
2024Q3,Schweppes,Mixers,On-Trade,Gauteng,243,56.08,29.47,13627.44,6466.23,1617.41,12010.03,80.4,1,A
2024Q1,Coca-Cola,Carbonated Soft Drinks,E-Commerce,KwaZulu-Natal,78,45.75,22.32,3568.5,1827.54,149.56,3418.94,68.9,0,D
2024Q1,Sprite,Carbonated Soft Drinks,Convenience,KwaZulu-Natal,8,53.49,26.91,427.92,212.64,40.71,387.21,72.3,1,D
2024Q3,Sprite,Carbonated Soft Drinks,Mass Retail,Limpopo,66,47.86,23.46,3158.76,1610.4,163.61,2995.15,48.9,0,B
2024Q4,Coca-Cola,Carbonated Soft Drinks,Mass Retail,Gauteng,63,55.42,32.16,3491.46,1465.38,326.63,3164.83,70.3,0,C
2024Q4,Coca-Cola,Carbonated Soft Drinks,On-Trade,Western Cape,36,50.29,29.62,1810.44,744.12,144.89,1665.55,63.9,1,C
2024Q4,Coca-Cola,Carbonated Soft Drinks,E-Commerce,Northern Cape,99,56.27,33.87,5570.73,2217.6,375.39,5195.34,85.8,0,C
2024Q2,Sprite,Carbonated Soft Drinks,E-Commerce,KwaZulu-Natal,35,59.91,33.1,2096.85,938.35,180.81,1916.04,84.7,0,A
2024Q1,Sprite,Carbonated Soft Drinks,Wholesale,Northern Cape,34,58.57,33.16,1991.38,863.94,156.51,1834.87,50.0,0,D
2024Q3,Fanta,Carbonated Soft Drinks,Convenience,Gauteng,16,54.44,28.47,871.04,415.52,93.23,777.81,48.8,0,B
2024Q2,Fanta,Carbonated Soft Drinks,On-Trade,Eastern Cape,52,44.0,26.89,2288.0,889.72,215.64,2072.36,67.0,0,A
2024Q3,Monster,Energy Drinks,Mass Retail,Western Cape,11,103.17,63.92,1134.87,431.75,113.56,1021.31,79.2,0,C
2024Q1,Coca-Cola,Carbonated Soft Drinks,On-Trade,Western Cape,114,53.36,29.63,6083.04,2705.22,652.48,5430.56,46.8,0,C
2024Q4,Coca-Cola,Carbonated Soft Drinks,Mass Retail,KwaZulu-Natal,25,45.58,22.34,1139.5,581.0,132.56,1006.94,56.8,0,A
2024Q2,Schweppes,Mixers,Mass Retail,Gauteng,40,57.15,31.87,2286.0,1011.2,261.67,2024.33,45.3,0,A
2024Q3,Cappy,Juices & Nectars,Convenience,Northern Cape,29,62.2,37.99,1803.8,702.09,150.42,1653.38,73.0,1,B
2024Q4,Fanta,Carbonated Soft Drinks,Wholesale,KwaZulu-Natal,39,47.17,28.68,1839.63,721.11,104.29,1735.34,80.3,1,D
2024Q1,Cappy,Juices & Nectars,Convenience,Eastern Cape,13,68.73,40.07,893.49,372.58,57.27,836.22,69.6,0,C
2024Q2,Coca-Cola,Carbonated Soft Drinks,Mass Retail,Gauteng,50,49.0,25.6,2450.0,1170.0,227.82,2222.18,53.4,0,B
2024Q3,Coca-Cola,Carbonated Soft Drinks,Convenience,KwaZulu-Natal,28,47.73,24.56,1336.44,648.76,133.47,1202.97,58.9,0,A
2024Q2,Coca-Cola,Carbonated Soft Drinks,On-Trade,Gauteng,30,52.64,29.79,1579.2,685.5,74.25,1504.95,65.8,0,C
2024Q3,Coca-Cola,Carbonated Soft Drinks,Mass Retail,Eastern Cape,84,58.26,30.27,4893.84,2351.16,343.75,4550.09,50.5,0,C
2024Q3,Cappy,Juices & Nectars,On-Trade,Gauteng,147,67.05,34.52,9856.35,4781.91,650.08,9206.27,62.7,1,A
2024Q3,Fanta,Carbonated Soft Drinks,E-Commerce,Gauteng,79,47.76,28.92,3773.04,1488.36,307.34,3465.7,69.1,1,B
2024Q1,Sprite,Carbonated Soft Drinks,Mass Retail,Mpumalanga,32,58.4,30.83,1868.8,882.24,212.93,1655.87,46.3,0,A
2024Q1,Fanta,Carbonated Soft Drinks,E-Commerce,Eastern Cape,10,51.08,27.59,510.8,234.9,47.09,463.71,83.5,1,B
2024Q1,Bonaqua,Water,Mass Retail,Gauteng,17,37.58,18.24,638.86,328.78,31.84,607.02,97.3,0,B
2024Q3,Coca-Cola,Carbonated Soft Drinks,Convenience,Free State,59,53.89,27.81,3179.51,1538.72,132.5,3047.01,56.8,1,A
2024Q2,Coca-Cola,Carbonated Soft Drinks,E-Commerce,Gauteng,29,48.2,24.69,1397.8,681.79,113.61,1284.19,58.4,0,C
2024Q2,Coca-Cola,Carbonated Soft Drinks,Mass Retail,Gauteng,37,55.65,29.47,2059.05,968.66,145.15,1913.9,66.8,0,D
2024Q1,Sprite,Carbonated Soft Drinks,E-Commerce,Gauteng,82,54.69,33.48,4484.58,1739.22,299.91,4184.67,74.7,1,C
2024Q1,Cappy,Juices & Nectars,Mass Retail,Gauteng,24,59.8,30.43,1435.2,704.88,158.05,1277.15,53.4,0,B
2024Q1,Bonaqua,Water,Mass Retail,Gauteng,118,43.22,23.06,5099.96,2378.88,558.59,4541.37,75.1,0,C
2024Q2,Cappy,Juices & Nectars,Wholesale,Gauteng,31,62.85,37.39,1948.35,789.26,173.72,1774.63,89.1,0,A
2024Q3,Sprite,Carbonated Soft Drinks,Mass Retail,Free State,78,50.6,29.89,3946.8,1615.38,251.25,3695.55,71.3,0,D
2024Q2,Sprite,Carbonated Soft Drinks,Mass Retail,Western Cape,10,53.26,26.58,532.6,266.8,29.68,502.92,47.9,1,B
2024Q2,Coca-Cola,Carbonated Soft Drinks,E-Commerce,Eastern Cape,21,47.46,25.16,996.66,468.3,40.54,956.12,89.5,1,C
2024Q1,Bonaqua,Water,Mass Retail,Eastern Cape,207,46.42,26.53,9608.94,4117.23,681.89,8927.05,79.3,1,D
2024Q4,Coca-Cola,Carbonated Soft Drinks,Mass Retail,Western Cape,31,49.28,27.45,1527.68,676.73,169.61,1358.07,50.5,0,B
2024Q2,Fanta,Carbonated Soft Drinks,Convenience,North West,22,44.82,23.5,986.04,469.04,71.01,915.03,53.0,0,C
2024Q4,Powerade,Sports Drinks,Convenience,Western Cape,26,74.82,41.05,1945.32,878.02,209.9,1735.42,82.4,0,A
2024Q2,Powerade,Sports Drinks,Mass Retail,Gauteng,50,65.66,36.82,3283.0,1442.0,189.4,3093.6,59.3,0,B
2024Q1,Sprite,Carbonated Soft Drinks,Mass Retail,Eastern Cape,41,53.76,28.78,2204.16,1024.18,174.96,2029.2,91.7,0,B
2024Q3,Coca-Cola,Carbonated Soft Drinks,Mass Retail,KwaZulu-Natal,19,52.24,25.09,992.56,515.85,59.14,933.42,81.1,1,C
2024Q4,Monster,Energy Drinks,Mass Retail,Western Cape,27,102.78,58.66,2775.06,1191.24,269.09,2505.97,54.5,1,A
2024Q3,Coca-Cola,Carbonated Soft Drinks,E-Commerce,Western Cape,20,54.09,32.19,1081.8,438.0,109.85,971.95,76.6,0,A
2024Q4,Powerade,Sports Drinks,Convenience,Gauteng,20,65.5,36.11,1310.0,587.8,113.74,1196.26,64.0,0,B
2024Q1,Schweppes,Mixers,Mass Retail,Western Cape,100,51.17,31.02,5117.0,2015.0,271.78,4845.22,65.2,1,C
2024Q2,Powerplay,Energy Drinks,Mass Retail,Western Cape,102,115.18,70.31,11748.36,4576.74,732.04,11016.32,95.4,1,B
2024Q4,Fanta,Carbonated Soft Drinks,Petrol & Travel,Gauteng,20,50.6,30.62,1012.0,399.6,83.37,928.63,80.5,0,C
2024Q3,Coca-Cola,Carbonated Soft Drinks,On-Trade,KwaZulu-Natal,24,55.11,27.45,1322.64,663.84,102.47,1220.17,76.7,1,C
2024Q4,Cappy,Juices & Nectars,Wholesale,Western Cape,68,65.88,40.69,4479.84,1712.92,407.5,4072.34,53.6,0,D
2024Q1,Fanta,Carbonated Soft Drinks,Mass Retail,Western Cape,12,50.27,30.62,603.24,235.8,60.68,542.56,83.8,0,B
2024Q1,Fanta,Carbonated Soft Drinks,On-Trade,Gauteng,20,47.58,27.42,951.6,403.2,54.79,896.81,68.2,0,C
2024Q2,Monster,Energy Drinks,Convenience,Gauteng,27,124.17,73.37,3352.59,1371.6,359.03,2993.56,79.7,1,B
2024Q1,Schweppes,Mixers,Mass Retail,KwaZulu-Natal,15,52.14,25.88,782.1,393.9,48.38,733.72,56.1,0,C
2024Q4,Schweppes,Mixers,Convenience,Western Cape,71,62.51,30.84,4438.21,2248.57,505.09,3933.12,75.1,0,A
2024Q3,Schweppes,Mixers,Convenience,Gauteng,17,61.27,35.36,1041.59,440.47,44.97,996.62,89.5,0,C
2024Q4,Fanta,Carbonated Soft Drinks,Mass Retail,Eastern Cape,12,52.48,30.16,629.76,267.84,64.1,565.66,70.1,0,C
2024Q4,Coca-Cola,Carbonated Soft Drinks,Convenience,Limpopo,71,51.58,28.35,3662.18,1649.33,393.12,3269.06,87.5,0,B
2024Q3,Coca-Cola,Carbonated Soft Drinks,On-Trade,Limpopo,22,46.14,27.48,1015.08,410.52,59.09,955.99,72.8,0,C
2024Q4,Coca-Cola,Carbonated Soft Drinks,Convenience,Gauteng,95,46.37,23.85,4405.15,2139.4,214.72,4190.43,87.1,1,B
2024Q4,Coca-Cola,Carbonated Soft Drinks,On-Trade,KwaZulu-Natal,57,50.17,26.52,2859.69,1348.05,337.0,2522.69,96.9,1,B
2024Q4,Monster,Energy Drinks,Convenience,Western Cape,15,110.12,63.77,1651.8,695.25,70.19,1581.61,91.1,1,B
2024Q3,Sprite,Carbonated Soft Drinks,On-Trade,Eastern Cape,29,54.64,33.57,1584.56,611.03,151.25,1433.31,87.5,0,B
2024Q3,Coca-Cola,Carbonated Soft Drinks,Mass Retail,Free State,12,49.02,26.83,588.24,266.28,49.5,538.74,78.5,1,C
2024Q4,Fanta,Carbonated Soft Drinks,E-Commerce,KwaZulu-Natal,6,49.1,26.66,294.6,134.64,25.23,269.37,68.1,0,A
2024Q2,Coca-Cola,Carbonated Soft Drinks,Convenience,Western Cape,67,56.7,33.83,3798.9,1532.29,227.92,3570.98,77.3,0,A
2024Q1,Schweppes,Mixers,On-Trade,Mpumalanga,27,46.78,24.51,1263.06,601.29,64.86,1198.2,56.3,1,C
2024Q1,Coca-Cola,Carbonated Soft Drinks,Mass Retail,Western Cape,81,57.33,35.15,4643.73,1796.58,456.82,4186.91,47.8,0,B
2024Q3,Monster,Energy Drinks,On-Trade,Mpumalanga,28,120.9,67.95,3385.2,1482.6,399.75,2985.45,73.2,0,A
2024Q4,Sprite,Carbonated Soft Drinks,Mass Retail,Gauteng,171,49.0,29.12,8379.0,3399.48,997.61,7381.39,65.6,1,B
2024Q2,Coca-Cola,Carbonated Soft Drinks,Convenience,KwaZulu-Natal,47,57.3,29.1,2693.1,1325.4,214.33,2478.77,84.3,0,B
2024Q3,Fanta,Carbonated Soft Drinks,E-Commerce,Western Cape,7,50.03,30.83,350.21,134.4,32.59,317.62,66.6,0,B
2024Q1,Sprite,Carbonated Soft Drinks,Convenience,Free State,16,58.95,29.71,943.2,467.84,77.71,865.49,60.4,0,C
2024Q4,Fanta,Carbonated Soft Drinks,Mass Retail,Gauteng,43,46.79,24.31,2011.97,966.64,80.52,1931.45,51.7,0,C
2024Q1,Schweppes,Mixers,Petrol & Travel,KwaZulu-Natal,24,59.65,35.13,1431.6,588.48,126.96,1304.64,96.5,0,B
2024Q4,Coca-Cola,Carbonated Soft Drinks,On-Trade,Western Cape,23,52.78,28.26,1213.94,563.96,142.16,1071.78,73.6,0,A
2024Q3,Cappy,Juices & Nectars,On-Trade,Gauteng,44,63.22,36.05,2781.68,1195.48,194.48,2587.2,95.4,1,B
2024Q4,Fanta,Carbonated Soft Drinks,Mass Retail,Western Cape,49,49.13,25.79,2407.37,1143.66,144.88,2262.49,73.3,0,C
2024Q2,Fanta,Carbonated Soft Drinks,Wholesale,KwaZulu-Natal,21,52.09,30.2,1093.89,459.69,77.44,1016.45,66.3,0,B
2024Q4,Coca-Cola,Carbonated Soft Drinks,Petrol & Travel,Eastern Cape,20,41.13,21.91,822.6,384.4,56.8,765.8,47.8,0,B
2024Q4,Schweppes,Mixers,E-Commerce,Limpopo,11,56.05,33.31,616.55,250.14,64.25,552.3,70.8,0,D
2024Q4,Stoney,Carbonated Soft Drinks,Mass Retail,Gauteng,10,63.97,32.82,639.7,311.5,62.97,576.73,47.1,1,A
2024Q4,Coca-Cola,Carbonated Soft Drinks,On-Trade,Gauteng,17,50.1,25.74,851.7,414.12,97.85,753.85,72.6,0,B
2024Q4,Monster,Energy Drinks,Wholesale,KwaZulu-Natal,26,119.76,63.1,3113.76,1473.16,176.18,2937.58,65.0,0,B
2024Q2,Coca-Cola,Carbonated Soft Drinks,Mass Retail,KwaZulu-Natal,12,56.17,31.5,674.04,296.04,30.51,643.53,55.1,0,B
2024Q3,Coca-Cola,Carbonated Soft Drinks,Mass Retail,Gauteng,28,54.52,31.24,1526.56,651.84,92.21,1434.35,51.7,1,B
2024Q1,Fanta,Carbonated Soft Drinks,Convenience,KwaZulu-Natal,16,48.11,24.26,769.76,381.6,77.64,692.12,45.8,0,A
2024Q3,Coca-Cola,Carbonated Soft Drinks,Mass Retail,Eastern Cape,36,42.11,23.53,1515.96,668.88,98.64,1417.32,60.6,0,C
2024Q4,Coca-Cola,Carbonated Soft Drinks,Wholesale,North West,27,53.25,26.29,1437.75,727.92,160.77,1276.98,63.5,0,C
2024Q3,Coca-Cola,Carbonated Soft Drinks,Wholesale,Gauteng,16,50.64,28.49,810.24,354.4,66.45,743.79,55.8,0,C
2024Q1,Powerplay,Energy Drinks,Convenience,Western Cape,45,119.93,59.19,5396.85,2733.3,452.48,4944.37,82.2,0,B
2024Q1,Monster,Energy Drinks,E-Commerce,Gauteng,14,114.52,66.36,1603.28,674.24,151.01,1452.27,46.3,0,B
2024Q3,Cappy,Juices & Nectars,Wholesale,North West,88,60.39,30.81,5314.32,2603.04,463.78,4850.54,93.4,0,B
2024Q3,Coca-Cola,Carbonated Soft Drinks,On-Trade,Eastern Cape,77,50.95,26.25,3923.15,1901.9,464.82,3458.33,77.5,0,B
2024Q2,Fanta,Carbonated Soft Drinks,Convenience,Eastern Cape,12,55.75,31.53,669.0,290.64,64.01,604.99,63.2,1,D
2024Q3,Coca-Cola,Carbonated Soft Drinks,Mass Retail,Gauteng,37,49.09,27.14,1816.33,812.15,180.5,1635.83,72.0,0,B
2024Q3,Coca-Cola,Carbonated Soft Drinks,On-Trade,Western Cape,25,51.71,27.25,1292.75,611.5,152.65,1140.1,91.3,0,C
2024Q2,Coca-Cola,Carbonated Soft Drinks,Convenience,Western Cape,81,53.2,28.82,4309.2,1974.78,178.56,4130.64,48.9,0,D
2024Q3,Powerplay,Energy Drinks,Wholesale,Western Cape,52,112.46,63.71,5847.92,2535.0,535.4,5312.52,46.5,0,C
2024Q1,Coca-Cola,Carbonated Soft Drinks,Petrol & Travel,KwaZulu-Natal,19,55.44,32.11,1053.36,443.27,60.24,993.12,47.1,1,C
2024Q3,Cappy,Juices & Nectars,Mass Retail,KwaZulu-Natal,21,61.39,33.06,1289.19,594.93,104.02,1185.17,70.3,1,B
2024Q2,Stoney,Carbonated Soft Drinks,Wholesale,KwaZulu-Natal,35,57.9,31.0,2026.5,941.5,129.48,1897.02,90.9,0,C
2024Q3,Sprite,Carbonated Soft Drinks,Wholesale,Western Cape,32,60.49,30.14,1935.68,971.2,185.24,1750.44,55.9,0,B
2024Q2,Bonaqua,Water,E-Commerce,Gauteng,30,43.98,25.69,1319.4,548.7,118.16,1201.24,87.6,0,D
2024Q4,Schweppes,Mixers,Wholesale,Eastern Cape,28,64.09,39.21,1794.52,696.64,141.61,1652.91,69.5,0,C
2024Q4,Coca-Cola,Carbonated Soft Drinks,Mass Retail,Eastern Cape,39,57.39,28.99,2238.21,1107.6,173.28,2064.93,96.3,0,B
2024Q1,Sprite,Carbonated Soft Drinks,E-Commerce,KwaZulu-Natal,183,53.29,31.77,9752.07,3938.16,428.52,9323.55,90.2,0,C
2024Q3,Stoney,Carbonated Soft Drinks,Convenience,Western Cape,20,54.85,28.49,1097.0,527.2,90.47,1006.53,47.7,1,B
2024Q4,Coca-Cola,Carbonated Soft Drinks,Mass Retail,KwaZulu-Natal,26,53.04,27.19,1379.04,672.1,105.18,1273.86,72.4,0,C
2024Q3,Coca-Cola,Carbonated Soft Drinks,Convenience,KwaZulu-Natal,104,50.94,28.86,5297.76,2296.32,259.84,5037.92,53.3,0,B
2024Q2,Coca-Cola,Carbonated Soft Drinks,Mass Retail,KwaZulu-Natal,107,49.43,27.75,5289.01,2319.76,375.79,4913.22,54.1,1,C
2024Q4,Stoney,Carbonated Soft Drinks,E-Commerce,Gauteng,8,67.97,37.53,543.76,243.52,29.18,514.58,80.1,0,C
2024Q3,Coca-Cola,Carbonated Soft Drinks,Mass Retail,KwaZulu-Natal,31,44.94,27.71,1393.14,534.13,92.87,1300.27,76.5,1,C
2024Q4,Coca-Cola,Carbonated Soft Drinks,Convenience,Gauteng,17,52.87,32.48,898.79,346.63,87.41,811.38,86.8,0,D
2024Q2,Powerplay,Energy Drinks,Mass Retail,North West,12,127.53,76.54,1530.36,611.88,178.36,1352.0,71.4,0,D
2024Q2,Powerade,Sports Drinks,Mass Retail,KwaZulu-Natal,79,80.19,43.59,6335.01,2891.4,359.47,5975.54,45.2,1,A
2024Q3,Schweppes,Mixers,On-Trade,Gauteng,4,58.22,31.6,232.88,106.48,27.59,205.29,63.6,0,A
2024Q4,Fanta,Carbonated Soft Drinks,Mass Retail,Western Cape,44,55.87,32.77,2458.28,1016.4,127.8,2330.48,75.3,1,C
2024Q3,Sprite,Carbonated Soft Drinks,Mass Retail,Gauteng,24,51.99,25.81,1247.76,628.32,148.32,1099.44,61.4,1,B
2024Q2,Sprite,Carbonated Soft Drinks,Mass Retail,Limpopo,44,49.56,24.23,2180.64,1114.52,237.68,1942.96,96.0,1,D
2024Q4,Coca-Cola,Carbonated Soft Drinks,On-Trade,Western Cape,24,51.85,29.54,1244.4,535.44,90.98,1153.42,59.3,1,C
2024Q4,Coca-Cola,Carbonated Soft Drinks,Petrol & Travel,Gauteng,15,59.51,30.06,892.65,441.75,84.92,807.73,74.9,0,D
2024Q1,Sprite,Carbonated Soft Drinks,On-Trade,Western Cape,40,53.84,30.92,2153.6,916.8,105.96,2047.64,81.8,0,B
2024Q2,Monster,Energy Drinks,Petrol & Travel,Western Cape,11,124.79,76.62,1372.69,529.87,91.14,1281.55,96.0,0,C
2024Q1,Stoney,Carbonated Soft Drinks,E-Commerce,Gauteng,64,56.65,35.09,3625.6,1379.84,218.31,3407.29,68.1,0,B
2024Q3,Coca-Cola,Carbonated Soft Drinks,Wholesale,Western Cape,18,48.18,26.12,867.24,397.08,46.56,820.68,91.3,0,D
2024Q1,Bonaqua,Water,Petrol & Travel,KwaZulu-Natal,40,38.24,21.85,1529.6,655.6,178.19,1351.41,45.2,1,A
2024Q3,Fanta,Carbonated Soft Drinks,Convenience,Northern Cape,70,53.15,26.19,3720.5,1887.2,301.77,3418.73,57.3,1,A
2024Q2,Powerplay,Energy Drinks,Mass Retail,Gauteng,25,110.8,60.45,2770.0,1258.75,318.79,2451.21,54.8,0,B
2024Q3,Bonaqua,Water,Wholesale,Gauteng,33,40.85,20.58,1348.05,668.91,88.01,1260.04,67.5,0,C
2024Q2,Sprite,Carbonated Soft Drinks,Mass Retail,Gauteng,48,52.26,25.09,2508.48,1304.16,219.98,2288.5,93.5,0,B
2024Q4,Powerade,Sports Drinks,Mass Retail,Western Cape,50,61.6,35.71,3080.0,1294.5,292.73,2787.27,61.9,1,B
2024Q3,Powerplay,Energy Drinks,On-Trade,Eastern Cape,85,107.19,58.24,9111.15,4160.75,673.78,8437.37,53.3,0,B
2024Q4,Sprite,Carbonated Soft Drinks,Mass Retail,Eastern Cape,23,55.51,30.1,1276.73,584.43,130.88,1145.85,81.0,0,C
2024Q4,Coca-Cola,Carbonated Soft Drinks,Wholesale,KwaZulu-Natal,104,53.21,29.57,5533.84,2458.56,364.74,5169.1,52.2,0,A
2024Q3,Coca-Cola,Carbonated Soft Drinks,Mass Retail,Gauteng,76,51.69,29.05,3928.44,1720.64,369.02,3559.42,87.6,0,A
2024Q4,Sprite,Carbonated Soft Drinks,Mass Retail,Mpumalanga,43,44.33,26.26,1906.19,777.01,133.23,1772.96,65.6,1,A
2024Q4,Sprite,Carbonated Soft Drinks,On-Trade,Western Cape,14,63.27,33.96,885.78,410.34,83.59,802.19,48.6,0,A
2024Q2,Stoney,Carbonated Soft Drinks,Mass Retail,Western Cape,54,62.1,31.29,3353.4,1663.74,374.89,2978.51,79.8,0,C
2024Q3,Coca-Cola,Carbonated Soft Drinks,Mass Retail,Western Cape,346,47.74,29.06,16518.04,6463.28,1849.9,14668.14,68.8,1,B
2024Q1,Schweppes,Mixers,Mass Retail,Northern Cape,9,50.49,26.26,454.41,218.07,27.94,426.47,90.6,1,B
2024Q4,Fanta,Carbonated Soft Drinks,Convenience,Gauteng,15,52.12,27.53,781.8,368.85,35.12,746.68,59.3,0,C
2024Q1,Powerplay,Energy Drinks,Mass Retail,KwaZulu-Natal,26,111.64,60.83,2902.64,1321.06,225.32,2677.32,91.3,0,B
2024Q2,Fanta,Carbonated Soft Drinks,Petrol & Travel,Free State,172,50.68,30.34,8716.96,3498.48,355.33,8361.63,66.4,0,A
2024Q3,Sprite,Carbonated Soft Drinks,On-Trade,Western Cape,42,62.75,34.77,2635.5,1175.16,178.74,2456.76,72.6,0,B
2024Q4,Coca-Cola,Carbonated Soft Drinks,Petrol & Travel,KwaZulu-Natal,124,49.4,29.67,6125.6,2446.52,320.83,5804.77,68.9,0,B
2024Q2,Cappy,Juices & Nectars,E-Commerce,North West,13,71.26,40.59,926.38,398.71,102.09,824.29,67.2,0,A
2024Q1,Coca-Cola,Carbonated Soft Drinks,On-Trade,Western Cape,86,52.06,25.14,4477.16,2315.12,395.6,4081.56,59.7,0,C
2024Q3,Fanta,Carbonated Soft Drinks,On-Trade,Gauteng,72,45.51,26.14,3276.72,1394.64,189.13,3087.59,46.8,0,A
2024Q2,Bonaqua,Water,Wholesale,Gauteng,67,38.43,22.75,2574.81,1050.56,197.13,2377.68,77.1,0,A
2024Q2,Cappy,Juices & Nectars,Mass Retail,Eastern Cape,26,73.44,38.08,1909.44,919.36,116.86,1792.58,73.4,0,A
2024Q3,Sprite,Carbonated Soft Drinks,Convenience,Free State,16,54.81,31.82,876.96,367.84,50.07,826.89,55.4,0,D
2024Q3,Fanta,Carbonated Soft Drinks,Convenience,Gauteng,47,44.3,23.57,2082.1,974.31,158.06,1924.04,73.5,1,B
2024Q4,Sprite,Carbonated Soft Drinks,Wholesale,Western Cape,6,48.81,23.67,292.86,150.84,23.38,269.48,74.4,0,A
2024Q4,Sprite,Carbonated Soft Drinks,Convenience,Gauteng,16,57.84,29.81,925.44,448.48,97.04,828.4,95.2,1,A
2024Q2,Fanta,Carbonated Soft Drinks,Petrol & Travel,KwaZulu-Natal,10,50.0,24.42,500.0,255.8,33.02,466.98,52.6,0,D
2024Q4,Fanta,Carbonated Soft Drinks,On-Trade,Gauteng,13,50.48,24.3,656.24,340.34,68.68,587.56,54.3,0,B
2024Q2,Bonaqua,Water,Convenience,Gauteng,69,34.67,18.17,2392.23,1138.5,112.33,2279.9,56.8,1,C
2024Q1,Coca-Cola,Carbonated Soft Drinks,Mass Retail,Western Cape,147,48.48,25.06,7126.56,3442.74,291.94,6834.62,72.5,0,B
2024Q4,Bonaqua,Water,Convenience,Western Cape,35,41.93,22.89,1467.55,666.4,126.02,1341.53,94.2,0,A
2024Q3,Schweppes,Mixers,On-Trade,Gauteng,13,53.88,27.84,700.44,338.52,56.28,644.16,84.4,0,B
2024Q4,Cappy,Juices & Nectars,Mass Retail,Eastern Cape,37,65.29,38.71,2415.73,983.46,152.58,2263.15,80.2,0,A
2024Q3,Coca-Cola,Carbonated Soft Drinks,Convenience,Gauteng,155,53.09,32.05,8228.95,3261.2,655.5,7573.45,61.6,0,B
2024Q3,Stoney,Carbonated Soft Drinks,E-Commerce,Western Cape,21,53.35,32.07,1120.35,446.88,109.74,1010.61,66.4,1,B
2024Q1,Bonaqua,Water,E-Commerce,Gauteng,11,37.48,18.91,412.28,204.27,41.01,371.27,58.4,0,C
2024Q1,Fanta,Carbonated Soft Drinks,Wholesale,Gauteng,38,49.87,26.67,1895.06,881.6,87.93,1807.13,49.8,0,A
2024Q4,Coca-Cola,Carbonated Soft Drinks,Mass Retail,Western Cape,10,59.54,32.18,595.4,273.6,26.38,569.02,72.4,0,C
2024Q3,Bonaqua,Water,On-Trade,Western Cape,12,41.84,21.56,502.08,243.36,27.05,475.03,95.8,0,C
2024Q1,Bonaqua,Water,On-Trade,Free State,18,36.75,18.72,661.5,324.54,52.49,609.01,46.0,0,A
2024Q2,Coca-Cola,Carbonated Soft Drinks,Mass Retail,Gauteng,70,52.25,26.28,3657.5,1817.9,381.58,3275.92,87.0,1,C
2024Q4,Coca-Cola,Carbonated Soft Drinks,On-Trade,KwaZulu-Natal,13,50.53,26.06,656.89,318.11,40.11,616.78,74.5,0,C
2024Q4,Monster,Energy Drinks,Convenience,Gauteng,19,121.48,60.74,2308.12,1154.06,250.73,2057.39,61.4,0,A
2024Q4,Sprite,Carbonated Soft Drinks,Mass Retail,Mpumalanga,13,66.71,36.65,867.23,390.78,85.49,781.74,49.7,0,D
2024Q2,Sprite,Carbonated Soft Drinks,Wholesale,KwaZulu-Natal,46,52.19,28.25,2400.74,1101.24,173.53,2227.21,52.3,0,B
2024Q1,Monster,Energy Drinks,Convenience,Western Cape,31,101.58,59.62,3148.98,1300.76,191.02,2957.96,70.5,0,B
2024Q3,Stoney,Carbonated Soft Drinks,Petrol & Travel,Free State,66,61.96,33.34,4089.36,1888.92,414.78,3674.58,47.1,1,A
2024Q4,Sprite,Carbonated Soft Drinks,Convenience,Eastern Cape,23,49.61,29.69,1141.03,458.16,77.25,1063.78,79.7,0,A
2024Q1,Coca-Cola,Carbonated Soft Drinks,Mass Retail,KwaZulu-Natal,7,56.53,31.7,395.71,173.81,26.66,369.05,49.4,0,B
2024Q3,Schweppes,Mixers,Wholesale,Gauteng,24,60.56,34.58,1453.44,623.52,96.39,1357.05,65.7,1,B
2024Q4,Sprite,Carbonated Soft Drinks,Mass Retail,Eastern Cape,14,47.6,27.65,666.4,279.3,53.93,612.47,95.0,1,B
2024Q3,Coca-Cola,Carbonated Soft Drinks,Mass Retail,Mpumalanga,279,52.43,31.92,14627.97,5722.29,642.65,13985.32,75.4,0,D
2024Q3,Monster,Energy Drinks,On-Trade,Western Cape,49,108.09,52.17,5296.41,2740.08,522.21,4774.2,94.5,0,C
2024Q3,Sprite,Carbonated Soft Drinks,Convenience,North West,20,55.03,33.5,1100.6,430.6,85.43,1015.17,46.5,0,C
2024Q3,Cappy,Juices & Nectars,E-Commerce,KwaZulu-Natal,14,66.58,33.96,932.12,456.68,42.09,890.03,75.4,0,C
2024Q2,Coca-Cola,Carbonated Soft Drinks,Convenience,Gauteng,97,52.12,31.3,5055.64,2019.54,451.22,4604.42,45.7,0,B
2024Q3,Coca-Cola,Carbonated Soft Drinks,Convenience,Northern Cape,115,43.9,25.06,5048.5,2166.6,343.39,4705.11,93.6,1,A
2024Q3,Fanta,Carbonated Soft Drinks,Petrol & Travel,Western Cape,26,47.36,25.21,1231.36,575.9,70.36,1161.0,76.0,0,B
2024Q1,Coca-Cola,Carbonated Soft Drinks,E-Commerce,Mpumalanga,32,51.78,30.73,1656.96,673.6,157.7,1499.26,83.4,0,C
2024Q2,Coca-Cola,Carbonated Soft Drinks,Mass Retail,Gauteng,19,50.78,26.31,964.82,464.93,102.79,862.03,97.0,0,B
2024Q3,Powerade,Sports Drinks,E-Commerce,Eastern Cape,62,57.84,28.37,3586.08,1827.14,414.08,3172.0,64.3,0,C
2024Q1,Monster,Energy Drinks,Wholesale,KwaZulu-Natal,58,118.04,66.69,6846.32,2978.3,617.15,6229.17,78.8,0,C
2024Q1,Bonaqua,Water,Convenience,Western Cape,41,40.49,23.59,1660.09,692.9,169.59,1490.5,91.2,1,D
2024Q1,Cappy,Juices & Nectars,On-Trade,Limpopo,32,62.29,34.38,1993.28,893.12,211.95,1781.33,68.5,0,C
2024Q2,Coca-Cola,Carbonated Soft Drinks,Mass Retail,KwaZulu-Natal,21,52.16,29.53,1095.36,475.23,116.37,978.99,53.3,0,D
2024Q4,Coca-Cola,Carbonated Soft Drinks,Mass Retail,Western Cape,13,53.36,26.54,693.68,348.66,82.13,611.55,65.9,1,C
2024Q2,Coca-Cola,Carbonated Soft Drinks,On-Trade,Western Cape,49,47.93,27.1,2348.57,1020.67,214.86,2133.71,49.7,0,A
2024Q1,Coca-Cola,Carbonated Soft Drinks,Petrol & Travel,Eastern Cape,9,48.14,26.22,433.26,197.28,30.85,402.41,90.8,0,A
2024Q1,Cappy,Juices & Nectars,Mass Retail,Western Cape,61,64.65,38.11,3943.65,1618.94,451.41,3492.24,58.0,0,B
2024Q2,Stoney,Carbonated Soft Drinks,Convenience,KwaZulu-Natal,62,57.01,27.41,3534.62,1835.2,301.1,3233.52,63.0,0,A
2024Q4,Cappy,Juices & Nectars,Convenience,Gauteng,71,68.99,39.0,4898.29,2129.29,530.26,4368.03,59.0,0,B
2024Q3,Sprite,Carbonated Soft Drinks,Convenience,Limpopo,26,55.25,30.83,1436.5,634.92,133.48,1303.02,76.4,0,D
2024Q1,Sprite,Carbonated Soft Drinks,E-Commerce,KwaZulu-Natal,18,55.89,27.74,1006.02,506.7,88.25,917.77,59.6,1,A
2024Q1,Coca-Cola,Carbonated Soft Drinks,Petrol & Travel,Gauteng,119,43.36,22.81,5159.84,2445.45,503.78,4656.06,79.1,0,B
2024Q1,Coca-Cola,Carbonated Soft Drinks,Wholesale,Gauteng,59,57.24,32.58,3377.16,1454.94,284.61,3092.55,45.6,0,D
2024Q3,Powerade,Sports Drinks,E-Commerce,Limpopo,51,66.58,39.58,3395.58,1377.0,295.47,3100.11,58.4,1,B
2024Q3,Powerplay,Energy Drinks,On-Trade,Limpopo,25,90.21,47.04,2255.25,1079.25,183.11,2072.14,53.8,0,D
2024Q2,Coca-Cola,Carbonated Soft Drinks,Mass Retail,Western Cape,34,55.62,32.34,1891.08,791.52,141.61,1749.47,78.4,0,C
2024Q4,Sprite,Carbonated Soft Drinks,Mass Retail,KwaZulu-Natal,56,47.77,26.26,2675.12,1204.56,231.03,2444.09,60.2,0,C
2024Q2,Powerplay,Energy Drinks,E-Commerce,Western Cape,27,107.36,53.09,2898.72,1465.29,304.46,2594.26,47.1,0,C
2024Q2,Coca-Cola,Carbonated Soft Drinks,Convenience,Western Cape,54,50.41,27.62,2722.14,1230.66,175.43,2546.71,72.4,0,B
2024Q3,Fanta,Carbonated Soft Drinks,Mass Retail,Western Cape,15,50.7,31.41,760.5,289.35,56.31,704.19,63.5,0,B
2024Q3,Cappy,Juices & Nectars,Mass Retail,Gauteng,77,64.54,35.08,4969.58,2268.42,484.86,4484.72,50.7,0,A
2024Q1,Cappy,Juices & Nectars,On-Trade,Northern Cape,16,70.54,35.29,1128.64,564.0,73.7,1054.94,96.7,1,C
2024Q1,Monster,Energy Drinks,Mass Retail,Western Cape,22,110.74,59.31,2436.28,1131.46,208.8,2227.48,95.5,0,A
2024Q1,Schweppes,Mixers,Mass Retail,Gauteng,38,63.35,30.77,2407.3,1238.04,156.96,2250.34,75.5,0,B
2024Q2,Powerade,Sports Drinks,E-Commerce,Northern Cape,24,70.21,35.86,1685.04,824.4,94.52,1590.52,93.9,0,B
2024Q2,Coca-Cola,Carbonated Soft Drinks,E-Commerce,KwaZulu-Natal,21,57.65,31.74,1210.65,544.11,93.4,1117.25,58.4,0,C
2024Q2,Fanta,Carbonated Soft Drinks,Mass Retail,Western Cape,42,51.95,28.01,2181.9,1005.48,177.55,2004.35,64.6,0,C
2024Q4,Sprite,Carbonated Soft Drinks,Mass Retail,KwaZulu-Natal,57,58.65,34.09,3343.05,1399.92,188.42,3154.63,62.9,0,A
2024Q4,Coca-Cola,Carbonated Soft Drinks,Wholesale,Western Cape,84,48.8,25.67,4099.2,1942.92,209.3,3889.9,66.1,0,A
2024Q4,Schweppes,Mixers,Convenience,KwaZulu-Natal,51,51.19,27.67,2610.69,1199.52,119.26,2491.43,70.9,0,C
2024Q4,Fanta,Carbonated Soft Drinks,On-Trade,Northern Cape,78,50.2,26.13,3915.6,1877.46,183.64,3731.96,94.6,0,C
2024Q4,Sprite,Carbonated Soft Drinks,Mass Retail,Western Cape,99,56.96,29.93,5639.04,2675.97,548.64,5090.4,52.2,0,C
2024Q1,Coca-Cola,Carbonated Soft Drinks,On-Trade,Limpopo,42,50.53,25.83,2122.26,1037.4,206.69,1915.57,95.0,0,C
2024Q3,Sprite,Carbonated Soft Drinks,Mass Retail,Gauteng,6,64.77,34.04,388.62,184.38,30.33,358.29,76.9,0,D
2024Q3,Coca-Cola,Carbonated Soft Drinks,Wholesale,Gauteng,31,56.15,32.12,1740.65,744.93,194.27,1546.38,65.8,0,B
2024Q3,Coca-Cola,Carbonated Soft Drinks,Mass Retail,Western Cape,137,45.87,26.58,6284.19,2642.73,729.26,5554.93,58.0,0,B
2024Q4,Sprite,Carbonated Soft Drinks,E-Commerce,Gauteng,8,56.06,33.0,448.48,184.48,37.75,410.73,80.0,0,A
2024Q4,Powerplay,Energy Drinks,Wholesale,Gauteng,220,105.19,56.45,23141.8,10722.8,1292.93,21848.87,96.0,0,A
2024Q4,Fanta,Carbonated Soft Drinks,Mass Retail,Gauteng,20,56.27,29.81,1125.4,529.2,81.67,1043.73,66.7,0,B
2024Q4,Fanta,Carbonated Soft Drinks,Wholesale,Eastern Cape,28,62.53,31.19,1750.84,877.52,139.52,1611.32,54.0,1,C
2024Q4,Monster,Energy Drinks,Mass Retail,Gauteng,37,117.02,66.97,4329.74,1851.85,312.36,4017.38,93.2,0,C
2024Q1,Schweppes,Mixers,Mass Retail,Eastern Cape,20,63.24,38.85,1264.8,487.8,133.61,1131.19,90.3,1,C
2024Q4,Schweppes,Mixers,Convenience,Gauteng,15,52.76,27.33,791.4,381.45,85.81,705.59,46.7,1,B
2024Q3,Coca-Cola,Carbonated Soft Drinks,On-Trade,Western Cape,16,49.35,25.29,789.6,384.96,81.99,707.61,74.8,1,B
2024Q3,Monster,Energy Drinks,On-Trade,KwaZulu-Natal,7,98.05,48.63,686.35,345.94,64.58,621.77,82.2,0,B
2024Q1,Coca-Cola,Carbonated Soft Drinks,On-Trade,Gauteng,58,59.6,36.5,3456.8,1339.8,260.76,3196.04,76.8,0,D
2024Q1,Fanta,Carbonated Soft Drinks,E-Commerce,Western Cape,161,50.09,29.6,8064.49,3298.89,698.72,7365.77,93.2,0,A
2024Q2,Bonaqua,Water,Mass Retail,Gauteng,29,38.27,18.5,1109.83,573.33,73.64,1036.19,73.5,0,A
2024Q3,Stoney,Carbonated Soft Drinks,Wholesale,Western Cape,38,55.68,30.87,2115.84,942.78,129.72,1986.12,92.7,0,B
2024Q4,Coca-Cola,Carbonated Soft Drinks,Wholesale,Gauteng,68,51.08,27.26,3473.44,1619.76,343.68,3129.76,70.2,1,A
2024Q1,Coca-Cola,Carbonated Soft Drinks,Convenience,Western Cape,30,55.23,32.19,1656.9,691.2,114.95,1541.95,46.0,1,A
2024Q3,Coca-Cola,Carbonated Soft Drinks,Mass Retail,Gauteng,159,51.86,27.32,8245.74,3901.86,788.61,7457.13,82.0,0,C
2024Q1,Coca-Cola,Carbonated Soft Drinks,Petrol & Travel,KwaZulu-Natal,66,51.96,28.5,3429.36,1548.36,260.7,3168.66,55.6,0,B
2024Q4,Coca-Cola,Carbonated Soft Drinks,Mass Retail,Gauteng,36,50.28,25.88,1810.08,878.4,116.45,1693.63,85.9,0,A
2024Q1,Coca-Cola,Carbonated Soft Drinks,Wholesale,Gauteng,19,49.88,29.35,947.72,390.07,47.74,899.98,69.0,0,A
2024Q4,Coca-Cola,Carbonated Soft Drinks,On-Trade,Gauteng,74,58.0,34.42,4292.0,1744.92,187.05,4104.95,60.7,0,D
2024Q1,Coca-Cola,Carbonated Soft Drinks,Mass Retail,KwaZulu-Natal,23,48.88,25.58,1124.24,535.9,91.91,1032.33,80.2,0,B
2024Q3,Sprite,Carbonated Soft Drinks,Mass Retail,Limpopo,15,60.88,31.7,913.2,437.7,76.07,837.13,46.3,1,B
2024Q2,Fanta,Carbonated Soft Drinks,Mass Retail,Eastern Cape,55,49.57,28.8,2726.35,1142.35,128.28,2598.07,89.9,0,B
2024Q2,Sprite,Carbonated Soft Drinks,Mass Retail,KwaZulu-Natal,84,57.18,30.68,4803.12,2226.0,277.24,4525.88,72.1,0,C
2024Q2,Coca-Cola,Carbonated Soft Drinks,Convenience,Gauteng,220,57.83,35.44,12722.6,4925.8,1427.22,11295.38,91.4,0,B
2024Q1,Sprite,Carbonated Soft Drinks,Wholesale,Western Cape,32,47.67,28.53,1525.44,612.48,122.67,1402.77,84.6,1,C
2024Q2,Bonaqua,Water,On-Trade,KwaZulu-Natal,65,37.45,18.84,2434.25,1209.65,165.79,2268.46,59.0,0,A
2024Q4,Bonaqua,Water,Convenience,KwaZulu-Natal,16,44.98,25.09,719.68,318.24,34.54,685.14,87.7,0,D
2024Q3,Monster,Energy Drinks,Mass Retail,Free State,94,118.82,60.52,11169.08,5480.2,1237.24,9931.84,77.7,0,A
2024Q4,Cappy,Juices & Nectars,On-Trade,Gauteng,18,70.41,37.13,1267.38,599.04,132.79,1134.59,81.9,0,C
2024Q4,Monster,Energy Drinks,On-Trade,Northern Cape,131,106.96,57.13,14011.76,6527.73,797.28,13214.48,78.5,0,A
2024Q3,Fanta,Carbonated Soft Drinks,E-Commerce,Limpopo,24,42.4,24.35,1017.6,433.2,84.79,932.81,89.7,0,B
2024Q3,Powerade,Sports Drinks,On-Trade,Gauteng,52,69.57,39.74,3617.64,1551.16,392.52,3225.12,51.0,0,B
2024Q2,Sprite,Carbonated Soft Drinks,On-Trade,Gauteng,27,56.76,27.87,1532.52,780.03,157.93,1374.59,89.3,1,B
2024Q2,Coca-Cola,Carbonated Soft Drinks,Convenience,Mpumalanga,47,55.49,30.68,2608.03,1166.07,277.55,2330.48,67.2,1,B
2024Q1,Powerplay,Energy Drinks,On-Trade,Eastern Cape,34,92.54,51.3,3146.36,1402.16,328.63,2817.73,86.9,0,C
2024Q4,Schweppes,Mixers,Mass Retail,Gauteng,20,59.97,29.21,1199.4,615.2,131.8,1067.6,49.0,1,C
2024Q3,Sprite,Carbonated Soft Drinks,E-Commerce,Free State,17,62.75,37.82,1066.75,423.81,68.1,998.65,45.6,0,B
2024Q1,Monster,Energy Drinks,E-Commerce,Northern Cape,7,121.62,67.48,851.34,378.98,93.76,757.58,93.4,1,B
2024Q1,Bonaqua,Water,Convenience,Gauteng,206,34.69,21.26,7146.14,2766.58,856.75,6289.39,57.5,0,C
2024Q3,Schweppes,Mixers,On-Trade,Gauteng,32,56.2,30.82,1798.4,812.16,75.18,1723.22,81.4,0,C
2024Q1,Coca-Cola,Carbonated Soft Drinks,Petrol & Travel,North West,7,54.27,27.32,379.89,188.65,27.57,352.32,57.3,0,B
2024Q2,Powerplay,Energy Drinks,On-Trade,Gauteng,34,96.12,48.26,3268.08,1627.24,306.15,2961.93,85.0,1,D
2024Q4,Schweppes,Mixers,Mass Retail,Gauteng,17,57.07,32.17,970.19,423.3,59.33,910.86,73.0,0,A
2024Q2,Coca-Cola,Carbonated Soft Drinks,E-Commerce,KwaZulu-Natal,35,55.3,31.06,1935.5,848.4,139.61,1795.89,95.3,0,A
2024Q2,Coca-Cola,Carbonated Soft Drinks,Mass Retail,Gauteng,61,50.01,27.03,3050.61,1401.78,324.26,2726.35,88.6,1,C
2024Q1,Stoney,Carbonated Soft Drinks,Mass Retail,Free State,14,64.54,33.67,903.56,432.18,57.56,846.0,83.5,1,D
2024Q4,Stoney,Carbonated Soft Drinks,Convenience,Gauteng,20,53.23,29.1,1064.6,482.6,46.38,1018.22,96.4,0,A
2024Q3,Sprite,Carbonated Soft Drinks,On-Trade,KwaZulu-Natal,12,50.27,27.29,603.24,275.76,54.35,548.89,52.8,1,B
2024Q4,Powerade,Sports Drinks,Mass Retail,KwaZulu-Natal,23,70.78,37.74,1627.94,759.92,178.59,1449.35,80.1,0,B
2024Q1,Fanta,Carbonated Soft Drinks,Mass Retail,Eastern Cape,30,56.97,33.83,1709.1,694.2,198.89,1510.21,94.1,0,B
2024Q2,Sprite,Carbonated Soft Drinks,Convenience,Gauteng,5,56.24,30.66,281.2,127.9,26.77,254.43,91.9,1,B
2024Q2,Powerplay,Energy Drinks,E-Commerce,Northern Cape,21,105.76,52.43,2220.96,1119.93,140.58,2080.38,77.6,0,D
2024Q2,Sprite,Carbonated Soft Drinks,Mass Retail,Gauteng,40,58.95,28.34,2358.0,1224.4,129.47,2228.53,50.3,0,B
2024Q4,Coca-Cola,Carbonated Soft Drinks,On-Trade,Gauteng,20,52.03,27.51,1040.6,490.4,56.54,984.06,79.3,0,C
2024Q3,Fanta,Carbonated Soft Drinks,On-Trade,Western Cape,3,49.33,30.28,147.99,57.15,8.46,139.53,72.4,0,A
2024Q3,Sprite,Carbonated Soft Drinks,Petrol & Travel,Free State,60,55.81,29.74,3348.6,1564.2,258.16,3090.44,49.7,0,B
2024Q4,Coca-Cola,Carbonated Soft Drinks,Mass Retail,KwaZulu-Natal,17,49.95,27.78,849.15,376.89,70.13,779.02,49.0,0,C
2024Q1,Schweppes,Mixers,On-Trade,Gauteng,12,59.49,32.46,713.88,324.36,69.69,644.19,73.1,0,D
2024Q2,Sprite,Carbonated Soft Drinks,Wholesale,KwaZulu-Natal,72,48.35,29.56,3481.2,1352.88,326.33,3154.87,49.0,0,A
2024Q4,Cappy,Juices & Nectars,Mass Retail,KwaZulu-Natal,74,64.7,34.85,4787.8,2208.9,360.37,4427.43,78.6,0,A
2024Q4,Schweppes,Mixers,On-Trade,Gauteng,35,55.32,28.0,1936.2,956.2,131.03,1805.17,63.4,0,B
2024Q1,Schweppes,Mixers,Convenience,Limpopo,18,55.91,27.98,1006.38,502.74,42.95,963.43,69.9,0,B
2024Q1,Sprite,Carbonated Soft Drinks,Convenience,KwaZulu-Natal,62,61.35,34.99,3803.7,1634.32,403.72,3399.98,50.7,0,B
2024Q3,Bonaqua,Water,E-Commerce,Western Cape,59,45.82,27.34,2703.38,1090.32,123.77,2579.61,81.6,0,B
2024Q2,Coca-Cola,Carbonated Soft Drinks,Mass Retail,KwaZulu-Natal,9,47.22,26.77,424.98,184.05,47.29,377.69,71.3,0,D
2024Q4,Coca-Cola,Carbonated Soft Drinks,Convenience,Western Cape,16,51.13,24.98,818.08,418.4,36.08,782.0,65.1,0,C
2024Q1,Sprite,Carbonated Soft Drinks,Mass Retail,Eastern Cape,72,59.24,28.86,4265.28,2187.36,246.06,4019.22,59.5,0,A
2024Q3,Fanta,Carbonated Soft Drinks,Convenience,KwaZulu-Natal,24,45.14,23.91,1083.36,509.52,111.89,971.47,72.0,1,B
2024Q3,Powerplay,Energy Drinks,E-Commerce,Gauteng,19,121.34,62.71,2305.46,1113.97,161.47,2143.99,71.4,0,B
2024Q2,Coca-Cola,Carbonated Soft Drinks,Petrol & Travel,Western Cape,21,46.08,22.24,967.68,500.64,98.51,869.17,54.1,1,A
2024Q4,Fanta,Carbonated Soft Drinks,E-Commerce,Limpopo,85,52.72,31.31,4481.2,1819.85,356.17,4125.03,55.9,0,B
2024Q1,Powerade,Sports Drinks,On-Trade,Gauteng,14,71.84,43.57,1005.76,395.78,48.63,957.13,97.1,0,B
2024Q3,Schweppes,Mixers,On-Trade,Northern Cape,45,58.12,33.77,2615.4,1095.75,144.47,2470.93,68.4,1,C
2024Q3,Fanta,Carbonated Soft Drinks,Mass Retail,Gauteng,105,47.4,25.32,4977.0,2318.4,330.59,4646.41,76.6,0,A
2024Q2,Sprite,Carbonated Soft Drinks,E-Commerce,Gauteng,29,53.11,26.67,1540.19,766.76,147.29,1392.9,50.6,0,D
2024Q2,Schweppes,Mixers,On-Trade,Western Cape,16,54.41,33.25,870.56,338.56,36.11,834.45,68.2,1,A
2024Q4,Cappy,Juices & Nectars,Petrol & Travel,Western Cape,39,47.13,24.74,1838.07,873.21,92.96,1745.11,64.9,0,A
2024Q1,Coca-Cola,Carbonated Soft Drinks,Petrol & Travel,Western Cape,37,58.24,32.76,2154.88,942.76,120.78,2034.1,60.2,1,B
2024Q3,Fanta,Carbonated Soft Drinks,Mass Retail,Western Cape,17,47.11,26.04,800.87,358.19,68.09,732.78,95.1,1,A
2024Q3,Coca-Cola,Carbonated Soft Drinks,Mass Retail,Gauteng,79,54.07,30.19,4271.53,1886.52,258.0,4013.53,58.9,1,C
2024Q1,Coca-Cola,Carbonated Soft Drinks,On-Trade,Gauteng,78,48.47,23.59,3780.66,1940.64,217.55,3563.11,82.4,0,A
2024Q2,Coca-Cola,Carbonated Soft Drinks,Mass Retail,Free State,145,50.28,26.87,7290.6,3394.45,384.89,6905.71,66.1,0,B
2024Q3,Cappy,Juices & Nectars,Mass Retail,North West,6,67.34,37.12,404.04,181.32,16.94,387.1,61.6,0,B
2024Q4,Sprite,Carbonated Soft Drinks,Convenience,Gauteng,7,64.43,33.5,451.01,216.51,28.79,422.22,65.3,0,C
2024Q2,Coca-Cola,Carbonated Soft Drinks,Mass Retail,Mpumalanga,31,54.03,28.91,1674.93,778.72,180.43,1494.5,67.6,0,A
2024Q2,Sprite,Carbonated Soft Drinks,Convenience,KwaZulu-Natal,60,51.65,28.64,3099.0,1380.6,324.54,2774.46,86.4,1,D
2024Q3,Cappy,Juices & Nectars,On-Trade,Limpopo,67,70.29,37.15,4709.43,2220.38,253.41,4456.02,45.1,0,C
2024Q2,Coca-Cola,Carbonated Soft Drinks,Mass Retail,Eastern Cape,60,43.64,22.1,2618.4,1292.4,284.81,2333.59,58.7,1,C
2024Q1,Bonaqua,Water,Wholesale,Gauteng,27,28.75,14.67,776.25,380.16,47.93,728.32,54.0,0,C
2024Q4,Cappy,Juices & Nectars,On-Trade,Gauteng,27,75.11,43.56,2027.97,851.85,200.52,1827.45,52.3,0,C
2024Q4,Schweppes,Mixers,Convenience,Western Cape,22,59.83,30.28,1316.26,650.1,65.88,1250.38,52.3,0,A
2024Q4,Stoney,Carbonated Soft Drinks,Convenience,Western Cape,109,58.9,34.43,6420.1,2667.23,567.34,5852.76,81.4,1,B
2024Q1,Fanta,Carbonated Soft Drinks,On-Trade,Eastern Cape,75,44.4,21.37,3330.0,1727.25,141.99,3188.01,90.2,0,A
2024Q2,Powerplay,Energy Drinks,Convenience,Gauteng,67,98.81,58.39,6620.27,2708.14,427.3,6192.97,46.9,0,B
2024Q3,Powerplay,Energy Drinks,On-Trade,North West,18,105.87,58.11,1905.66,859.68,193.38,1712.28,56.7,1,B
2024Q3,Coca-Cola,Carbonated Soft Drinks,E-Commerce,Gauteng,43,46.47,28.33,1998.21,780.02,103.41,1894.8,96.5,0,A
2024Q4,Coca-Cola,Carbonated Soft Drinks,Convenience,Western Cape,27,53.41,30.38,1442.07,621.81,145.46,1296.61,97.3,1,B
2024Q4,Sprite,Carbonated Soft Drinks,E-Commerce,Gauteng,18,60.59,30.57,1090.62,540.36,80.39,1010.23,87.1,0,A
2024Q1,Sprite,Carbonated Soft Drinks,Mass Retail,Gauteng,37,55.43,29.7,2050.91,952.01,183.01,1867.9,64.4,0,B
2024Q3,Fanta,Carbonated Soft Drinks,Convenience,Gauteng,44,50.71,28.19,2231.24,990.88,226.41,2004.83,49.7,1,D
2024Q2,Coca-Cola,Carbonated Soft Drinks,Mass Retail,Gauteng,23,52.03,26.82,1196.69,579.83,97.4,1099.29,45.8,1,B
2024Q3,Schweppes,Mixers,Mass Retail,Eastern Cape,289,59.72,36.41,17259.08,6736.59,1581.41,15677.67,67.0,0,A
2024Q3,Fanta,Carbonated Soft Drinks,Mass Retail,Limpopo,19,52.44,26.13,996.36,499.89,93.72,902.64,74.7,0,A
2024Q4,Coca-Cola,Carbonated Soft Drinks,E-Commerce,Eastern Cape,59,57.82,35.74,3411.38,1302.72,282.08,3129.3,51.0,0,D
2024Q2,Cappy,Juices & Nectars,E-Commerce,Gauteng,63,62.98,38.67,3967.74,1531.53,379.89,3587.85,76.6,0,C
2024Q2,Coca-Cola,Carbonated Soft Drinks,On-Trade,Gauteng,10,46.62,26.53,466.2,200.9,46.67,419.53,81.0,1,B
2024Q4,Cappy,Juices & Nectars,E-Commerce,Eastern Cape,107,66.7,36.46,7136.9,3235.68,591.86,6545.04,85.9,0,B
2024Q4,Coca-Cola,Carbonated Soft Drinks,E-Commerce,Western Cape,67,51.17,25.73,3428.39,1704.48,410.18,3018.21,51.3,1,A
2024Q2,Sprite,Carbonated Soft Drinks,On-Trade,Western Cape,26,57.34,33.38,1490.84,622.96,156.36,1334.48,90.5,0,B
2024Q3,Cappy,Juices & Nectars,Convenience,KwaZulu-Natal,76,61.41,30.47,4667.16,2351.44,338.58,4328.58,89.9,0,B
2024Q3,Sprite,Carbonated Soft Drinks,On-Trade,Western Cape,36,66.92,38.17,2409.12,1035.0,283.87,2125.25,48.0,0,B
2024Q2,Coca-Cola,Carbonated Soft Drinks,E-Commerce,Mpumalanga,31,56.72,27.85,1758.32,894.97,149.18,1609.14,62.6,1,D
2024Q4,Powerade,Sports Drinks,On-Trade,Eastern Cape,35,73.87,45.11,2585.45,1006.6,270.13,2315.32,81.7,1,D
2024Q2,Coca-Cola,Carbonated Soft Drinks,Convenience,Western Cape,11,50.69,30.79,557.59,218.9,30.09,527.5,60.2,0,B
2024Q3,Coca-Cola,Carbonated Soft Drinks,Petrol & Travel,KwaZulu-Natal,16,49.19,27.74,787.04,343.2,37.08,749.96,48.1,0,A
2024Q4,Coca-Cola,Carbonated Soft Drinks,On-Trade,Gauteng,46,59.19,31.92,2722.74,1254.42,232.14,2490.6,64.4,0,A
2024Q2,Coca-Cola,Carbonated Soft Drinks,Wholesale,Western Cape,37,50.37,30.46,1863.69,736.67,194.4,1669.29,54.8,0,A
2024Q1,Schweppes,Mixers,Mass Retail,Gauteng,23,58.41,34.68,1343.43,545.79,131.0,1212.43,83.7,1,A
2024Q1,Monster,Energy Drinks,Convenience,Gauteng,71,121.5,72.45,8626.5,3482.55,373.77,8252.73,46.2,0,A
2024Q2,Sprite,Carbonated Soft Drinks,E-Commerce,Western Cape,38,50.28,30.59,1910.64,748.22,136.26,1774.38,89.8,1,A
2024Q4,Coca-Cola,Carbonated Soft Drinks,Convenience,KwaZulu-Natal,55,50.9,25.12,2799.5,1417.9,247.79,2551.71,68.9,0,A
2024Q4,Fanta,Carbonated Soft Drinks,Mass Retail,Gauteng,26,48.6,23.53,1263.6,651.82,94.41,1169.19,59.7,0,B
2024Q4,Coca-Cola,Carbonated Soft Drinks,Mass Retail,Gauteng,118,58.12,32.23,6858.16,3055.02,324.72,6533.44,68.6,0,B
2024Q4,Coca-Cola,Carbonated Soft Drinks,Mass Retail,KwaZulu-Natal,19,50.66,27.67,962.54,436.81,90.64,871.9,91.3,0,B
2024Q4,Fanta,Carbonated Soft Drinks,E-Commerce,Gauteng,14,46.62,24.54,652.68,309.12,40.19,612.49,72.1,0,B
2024Q2,Monster,Energy Drinks,E-Commerce,Western Cape,171,112.45,60.07,19228.95,8956.98,1155.75,18073.2,53.8,0,B
2024Q4,Coca-Cola,Carbonated Soft Drinks,On-Trade,Western Cape,65,55.39,31.76,3600.35,1535.95,211.42,3388.93,76.2,0,D
2024Q1,Coca-Cola,Carbonated Soft Drinks,On-Trade,Western Cape,327,48.27,26.49,15784.29,7122.06,1345.4,14438.89,82.9,1,A
2024Q3,Monster,Energy Drinks,Mass Retail,KwaZulu-Natal,20,114.68,56.12,2293.6,1171.2,270.84,2022.76,95.7,1,C
2024Q4,Coca-Cola,Carbonated Soft Drinks,On-Trade,Mpumalanga,11,51.03,27.96,561.33,253.77,59.73,501.6,95.4,0,B
2024Q1,Cappy,Juices & Nectars,Mass Retail,Western Cape,84,58.01,30.38,4872.84,2320.92,549.59,4323.25,91.1,0,B
2024Q2,Cappy,Juices & Nectars,Convenience,Gauteng,12,61.44,29.78,737.28,379.92,77.61,659.67,68.9,0,B
2024Q4,Sprite,Carbonated Soft Drinks,Mass Retail,KwaZulu-Natal,95,54.84,27.28,5209.8,2618.2,565.85,4643.95,92.6,0,B
2024Q1,Cappy,Juices & Nectars,Wholesale,Western Cape,11,64.26,34.21,706.86,330.55,47.1,659.76,54.3,0,B
2024Q4,Stoney,Carbonated Soft Drinks,Mass Retail,KwaZulu-Natal,80,59.32,28.74,4745.6,2446.4,434.27,4311.33,85.4,0,B
2024Q4,Coca-Cola,Carbonated Soft Drinks,Convenience,Gauteng,43,54.37,33.16,2337.91,912.03,155.73,2182.18,71.7,1,A
2024Q1,Cappy,Juices & Nectars,E-Commerce,Gauteng,26,64.41,32.51,1674.66,829.4,70.81,1603.85,93.2,1,B
2024Q2,Coca-Cola,Carbonated Soft Drinks,Mass Retail,Eastern Cape,19,53.97,32.8,1025.43,402.23,114.26,911.17,79.7,0,A
2024Q3,Cappy,Juices & Nectars,On-Trade,Gauteng,12,73.76,44.63,885.12,349.56,56.05,829.07,74.8,1,A
2024Q4,Stoney,Carbonated Soft Drinks,Wholesale,Western Cape,42,52.58,30.86,2208.36,912.24,197.75,2010.61,57.3,1,C
2024Q1,Monster,Energy Drinks,E-Commerce,KwaZulu-Natal,28,123.23,74.74,3450.44,1357.72,251.15,3199.29,72.8,0,B
2024Q4,Coca-Cola,Carbonated Soft Drinks,Mass Retail,Gauteng,109,50.84,28.15,5541.56,2473.21,362.07,5179.49,58.7,1,C
2024Q1,Bonaqua,Water,Convenience,Gauteng,10,41.83,20.95,418.3,208.8,38.61,379.69,81.1,0,A
2024Q1,Coca-Cola,Carbonated Soft Drinks,Mass Retail,Free State,72,52.06,31.81,3748.32,1458.0,392.04,3356.28,78.7,0,A
2024Q2,Powerplay,Energy Drinks,E-Commerce,Free State,26,96.41,47.04,2506.66,1283.62,296.49,2210.17,76.2,0,C
2024Q3,Coca-Cola,Carbonated Soft Drinks,Convenience,Free State,32,61.01,29.56,1952.32,1006.4,173.73,1778.59,83.0,0,B
2024Q4,Coca-Cola,Carbonated Soft Drinks,Mass Retail,KwaZulu-Natal,17,55.08,28.14,936.36,457.98,49.55,886.81,64.7,0,A
2024Q4,Coca-Cola,Carbonated Soft Drinks,Convenience,Gauteng,23,56.74,31.91,1305.02,571.09,127.46,1177.56,57.8,1,C
2024Q3,Coca-Cola,Carbonated Soft Drinks,Mass Retail,Gauteng,35,53.36,32.94,1867.6,714.7,125.17,1742.43,82.3,1,B
2024Q3,Sprite,Carbonated Soft Drinks,Mass Retail,Gauteng,35,47.77,25.07,1671.95,794.5,89.3,1582.65,58.9,1,C
2024Q2,Fanta,Carbonated Soft Drinks,Petrol & Travel,KwaZulu-Natal,31,57.61,28.41,1785.91,905.2,95.97,1689.94,50.4,0,B
2024Q4,Coca-Cola,Carbonated Soft Drinks,Mass Retail,KwaZulu-Natal,39,50.56,24.41,1971.84,1019.85,118.21,1853.63,92.2,0,C
2024Q3,Powerade,Sports Drinks,On-Trade,Western Cape,87,67.3,37.96,5855.1,2552.58,553.58,5301.52,97.7,1,D
2024Q4,Schweppes,Mixers,Mass Retail,Gauteng,18,67.47,32.76,1214.46,624.78,49.98,1164.48,51.3,0,B
2024Q1,Schweppes,Mixers,Mass Retail,KwaZulu-Natal,124,66.87,32.4,8291.88,4274.28,642.99,7648.89,94.0,0,A
2024Q4,Schweppes,Mixers,Wholesale,Gauteng,92,59.95,35.36,5515.4,2262.28,449.74,5065.66,90.5,0,C
2024Q3,Schweppes,Mixers,Mass Retail,Western Cape,26,59.31,30.8,1542.06,741.26,68.24,1473.82,87.2,0,A
2024Q4,Sprite,Carbonated Soft Drinks,On-Trade,Gauteng,18,52.09,31.58,937.62,369.18,100.06,837.56,74.3,0,C
2024Q1,Coca-Cola,Carbonated Soft Drinks,Mass Retail,KwaZulu-Natal,4,49.67,30.21,198.68,77.84,9.94,188.74,67.2,0,B
2024Q1,Powerade,Sports Drinks,On-Trade,Gauteng,2,66.69,36.86,133.38,59.66,6.83,126.55,72.2,1,A
2024Q1,Cappy,Juices & Nectars,Mass Retail,Gauteng,23,74.89,42.52,1722.47,744.51,169.16,1553.31,81.0,0,D
2024Q2,Schweppes,Mixers,Mass Retail,KwaZulu-Natal,9,50.9,28.99,458.1,197.19,36.46,421.64,90.0,0,B
2024Q1,Sprite,Carbonated Soft Drinks,Mass Retail,Western Cape,28,54.56,31.0,1527.68,659.68,97.92,1429.76,46.0,0,A
2024Q2,Sprite,Carbonated Soft Drinks,Petrol & Travel,Gauteng,70,58.86,29.91,4120.2,2026.5,242.0,3878.2,72.6,1,D
2024Q2,Coca-Cola,Carbonated Soft Drinks,Mass Retail,KwaZulu-Natal,13,47.12,23.67,612.56,304.85,34.56,578.0,86.8,1,A
2024Q2,Coca-Cola,Carbonated Soft Drinks,On-Trade,Gauteng,35,50.82,31.34,1778.7,681.8,118.28,1660.42,51.3,0,A
2024Q4,Coca-Cola,Carbonated Soft Drinks,Mass Retail,Gauteng,36,52.65,29.86,1895.4,820.44,123.59,1771.81,73.7,1,D
2024Q3,Coca-Cola,Carbonated Soft Drinks,Wholesale,Western Cape,84,55.88,34.37,4693.92,1806.84,285.54,4408.38,46.0,0,B
2024Q4,Coca-Cola,Carbonated Soft Drinks,Convenience,Western Cape,70,54.83,27.81,3838.1,1891.4,233.89,3604.21,72.2,0,C
2024Q4,Cappy,Juices & Nectars,E-Commerce,Gauteng,30,72.94,43.18,2188.2,892.8,189.17,1999.03,86.0,0,B
2024Q2,Coca-Cola,Carbonated Soft Drinks,Wholesale,Gauteng,21,55.26,30.75,1160.46,514.71,66.29,1094.17,70.2,0,B
2024Q3,Coca-Cola,Carbonated Soft Drinks,Convenience,Gauteng,47,49.85,30.8,2342.95,895.35,97.45,2245.5,82.0,1,B
2024Q4,Fanta,Carbonated Soft Drinks,Mass Retail,Gauteng,30,48.08,29.37,1442.4,561.3,59.05,1383.35,76.2,0,A
2024Q3,Bonaqua,Water,Mass Retail,Limpopo,83,44.15,25.33,3664.45,1562.06,422.83,3241.62,88.6,1,B
2024Q3,Bonaqua,Water,Wholesale,Northern Cape,4,38.2,19.99,152.8,72.84,11.63,141.17,65.4,0,B
2024Q1,Coca-Cola,Carbonated Soft Drinks,Petrol & Travel,Gauteng,32,55.43,31.45,1773.76,767.36,188.75,1585.01,64.1,0,D
2024Q4,Coca-Cola,Carbonated Soft Drinks,Wholesale,Gauteng,8,46.74,28.49,373.92,146.0,39.75,334.17,50.8,1,D
2024Q4,Cappy,Juices & Nectars,E-Commerce,Western Cape,16,66.01,37.41,1056.16,457.6,54.39,1001.77,72.7,1,B
2024Q4,Sprite,Carbonated Soft Drinks,Mass Retail,Western Cape,82,50.14,27.46,4111.48,1859.76,486.23,3625.25,91.3,0,C
2024Q1,Coca-Cola,Carbonated Soft Drinks,Mass Retail,Free State,66,48.08,29.19,3173.28,1246.74,186.76,2986.52,93.1,0,C
2024Q2,Schweppes,Mixers,Mass Retail,Western Cape,41,65.74,35.95,2695.34,1221.39,156.01,2539.33,82.4,1,B
2024Q1,Fanta,Carbonated Soft Drinks,Petrol & Travel,Free State,9,51.43,31.57,462.87,178.74,19.58,443.29,55.6,1,A
2024Q1,Coca-Cola,Carbonated Soft Drinks,On-Trade,Western Cape,10,50.09,27.49,500.9,226.0,55.0,445.9,82.7,0,B
2024Q3,Coca-Cola,Carbonated Soft Drinks,Convenience,Free State,40,49.7,25.01,1988.0,987.6,204.58,1783.42,58.3,0,C
2024Q3,Fanta,Carbonated Soft Drinks,Convenience,Limpopo,69,48.5,24.14,3346.5,1680.84,285.29,3061.21,52.5,0,C
2024Q1,Cappy,Juices & Nectars,Wholesale,Limpopo,29,71.55,39.23,2074.95,937.28,236.95,1838.0,72.6,0,B
2024Q2,Cappy,Juices & Nectars,Mass Retail,Gauteng,133,70.73,35.01,9407.09,4750.76,994.22,8412.87,68.1,1,D
2024Q4,Sprite,Carbonated Soft Drinks,Mass Retail,Northern Cape,21,60.97,30.12,1280.37,647.85,116.13,1164.24,91.6,0,A
2024Q3,Coca-Cola,Carbonated Soft Drinks,On-Trade,Western Cape,22,56.69,31.99,1247.18,543.4,110.38,1136.8,64.3,0,C
2024Q2,Coca-Cola,Carbonated Soft Drinks,Convenience,KwaZulu-Natal,2,53.26,33.0,106.52,40.52,8.47,98.05,54.5,0,B
2024Q2,Fanta,Carbonated Soft Drinks,Mass Retail,KwaZulu-Natal,51,52.58,31.04,2681.58,1098.54,259.15,2422.43,58.5,0,A
2024Q3,Coca-Cola,Carbonated Soft Drinks,Mass Retail,Eastern Cape,31,52.4,26.11,1624.4,814.99,191.76,1432.64,91.0,0,D
2024Q1,Monster,Energy Drinks,Convenience,Mpumalanga,36,120.01,68.47,4320.36,1855.44,361.31,3959.05,47.7,0,C
2024Q3,Coca-Cola,Carbonated Soft Drinks,Mass Retail,Western Cape,193,52.35,28.81,10103.55,4543.22,801.67,9301.88,54.1,1,A
2024Q1,Coca-Cola,Carbonated Soft Drinks,Mass Retail,Western Cape,24,50.16,30.91,1203.84,462.0,62.9,1140.94,59.3,0,A
2024Q1,Coca-Cola,Carbonated Soft Drinks,Petrol & Travel,KwaZulu-Natal,13,53.45,31.6,694.85,284.05,71.44,623.41,57.6,0,A
2024Q3,Fanta,Carbonated Soft Drinks,Mass Retail,KwaZulu-Natal,22,51.0,27.47,1122.0,517.66,95.08,1026.92,54.9,0,D
2024Q3,Sprite,Carbonated Soft Drinks,Mass Retail,Western Cape,8,59.65,35.15,477.2,196.0,51.17,426.03,62.2,0,C
2024Q3,Coca-Cola,Carbonated Soft Drinks,Mass Retail,Gauteng,23,61.12,37.11,1405.76,552.23,97.07,1308.69,60.2,0,C
2024Q3,Sprite,Carbonated Soft Drinks,Mass Retail,Western Cape,6,52.81,30.48,316.86,133.98,31.93,284.93,90.2,0,C
2024Q2,Coca-Cola,Carbonated Soft Drinks,Wholesale,Western Cape,68,47.91,25.64,3257.88,1514.36,306.78,2951.1,70.2,0,A
2024Q2,Coca-Cola,Carbonated Soft Drinks,Convenience,North West,28,57.59,29.67,1612.52,781.76,112.27,1500.25,46.1,0,B
2024Q4,Schweppes,Mixers,On-Trade,Western Cape,493,60.44,37.25,29796.92,11432.67,3364.56,26432.36,53.6,0,C
2024Q3,Coca-Cola,Carbonated Soft Drinks,On-Trade,North West,7,47.76,28.26,334.32,136.5,27.39,306.93,75.3,0,A
2024Q3,Sprite,Carbonated Soft Drinks,Mass Retail,Free State,25,56.56,32.8,1414.0,594.0,105.82,1308.18,60.6,1,C
2024Q1,Coca-Cola,Carbonated Soft Drinks,Convenience,Eastern Cape,5,51.21,26.38,256.05,124.15,24.47,231.58,85.8,1,B
2024Q1,Bonaqua,Water,Wholesale,Western Cape,10,43.81,22.54,438.1,212.7,17.84,420.26,57.5,1,C
2024Q1,Coca-Cola,Carbonated Soft Drinks,Mass Retail,Gauteng,13,53.6,29.69,696.8,310.83,60.77,636.03,60.8,1,A
2024Q4,Cappy,Juices & Nectars,Mass Retail,KwaZulu-Natal,16,72.93,43.14,1166.88,476.64,86.98,1079.9,69.0,0,A
2024Q2,Sprite,Carbonated Soft Drinks,Mass Retail,KwaZulu-Natal,14,59.55,29.6,833.7,419.3,70.43,763.27,62.3,0,A
2024Q1,Coca-Cola,Carbonated Soft Drinks,Wholesale,KwaZulu-Natal,30,61.22,34.7,1836.6,795.6,153.42,1683.18,84.2,0,B
2024Q4,Stoney,Carbonated Soft Drinks,Mass Retail,Mpumalanga,160,61.46,37.02,9833.6,3910.4,733.41,9100.19,66.9,0,C
2024Q1,Coca-Cola,Carbonated Soft Drinks,Mass Retail,Western Cape,18,52.6,31.82,946.8,374.04,40.2,906.6,84.7,0,C
2024Q3,Bonaqua,Water,On-Trade,Western Cape,10,46.57,24.51,465.7,220.6,21.99,443.71,74.8,0,C
2024Q3,Bonaqua,Water,E-Commerce,KwaZulu-Natal,40,37.64,21.96,1505.6,627.2,152.64,1352.96,93.0,0,B
2024Q4,Stoney,Carbonated Soft Drinks,E-Commerce,Western Cape,17,57.31,31.0,974.27,447.27,70.3,903.97,75.5,0,C
2024Q1,Coca-Cola,Carbonated Soft Drinks,Mass Retail,Gauteng,34,58.94,29.16,2003.96,1012.52,217.76,1786.2,61.4,0,B
2024Q3,Fanta,Carbonated Soft Drinks,Mass Retail,North West,29,49.07,23.87,1423.03,730.8,137.19,1285.84,90.1,0,A
2024Q3,Coca-Cola,Carbonated Soft Drinks,Convenience,Eastern Cape,37,54.99,31.25,2034.63,878.38,218.99,1815.64,60.7,0,A
2024Q3,Fanta,Carbonated Soft Drinks,E-Commerce,Northern Cape,37,49.36,26.52,1826.32,845.08,217.81,1608.51,70.0,0,C
2024Q2,Cappy,Juices & Nectars,Wholesale,Gauteng,6,68.64,33.67,411.84,209.82,45.98,365.86,87.5,1,A
2024Q3,Coca-Cola,Carbonated Soft Drinks,Wholesale,Gauteng,52,57.37,30.82,2983.24,1380.6,179.95,2803.29,90.6,0,C
2024Q2,Fanta,Carbonated Soft Drinks,Convenience,KwaZulu-Natal,191,53.87,26.54,10289.17,5220.03,801.67,9487.5,55.3,1,C
2024Q3,Monster,Energy Drinks,E-Commerce,Gauteng,55,113.42,60.85,6238.1,2891.35,353.2,5884.9,79.4,0,B
2024Q4,Powerade,Sports Drinks,Mass Retail,Northern Cape,52,69.49,38.58,3613.48,1607.32,361.89,3251.59,52.4,0,B
2024Q1,Coca-Cola,Carbonated Soft Drinks,Mass Retail,North West,40,41.86,25.54,1674.4,652.8,184.09,1490.31,52.1,1,D
2024Q2,Coca-Cola,Carbonated Soft Drinks,E-Commerce,Gauteng,11,48.16,27.26,529.76,229.9,59.45,470.31,96.0,0,C
2024Q4,Coca-Cola,Carbonated Soft Drinks,Wholesale,Gauteng,35,57.2,29.12,2002.0,982.8,164.11,1837.89,74.4,0,C
2024Q2,Coca-Cola,Carbonated Soft Drinks,E-Commerce,Mpumalanga,20,46.81,24.85,936.2,439.2,109.31,826.89,68.5,0,D
2024Q3,Fanta,Carbonated Soft Drinks,Mass Retail,KwaZulu-Natal,16,53.63,30.04,858.08,377.44,95.71,762.37,70.2,0,C
2024Q2,Sprite,Carbonated Soft Drinks,Convenience,Gauteng,39,60.53,32.29,2360.67,1101.36,270.92,2089.75,67.9,0,C
2024Q1,Fanta,Carbonated Soft Drinks,Mass Retail,Western Cape,170,43.21,23.59,7345.7,3335.4,322.02,7023.68,91.7,0,C
2024Q2,Stoney,Carbonated Soft Drinks,Convenience,Gauteng,14,60.91,29.27,852.74,442.96,50.84,801.9,82.3,1,B
2024Q2,Sprite,Carbonated Soft Drinks,Wholesale,Gauteng,31,55.78,28.37,1729.18,849.71,94.28,1634.9,45.7,0,C
2024Q2,Coca-Cola,Carbonated Soft Drinks,On-Trade,KwaZulu-Natal,41,55.95,28.33,2293.95,1132.42,144.11,2149.84,70.2,0,B
2024Q1,Powerade,Sports Drinks,On-Trade,Gauteng,64,62.54,33.87,4002.56,1834.88,255.47,3747.09,69.2,1,A
2024Q3,Powerade,Sports Drinks,Mass Retail,Gauteng,19,71.42,41.53,1356.98,567.91,61.7,1295.28,95.6,1,B
2024Q1,Powerade,Sports Drinks,On-Trade,Western Cape,37,68.48,42.15,2533.76,974.21,198.22,2335.54,83.6,0,A
2024Q2,Sprite,Carbonated Soft Drinks,Mass Retail,KwaZulu-Natal,27,49.56,24.94,1338.12,664.74,158.65,1179.47,50.1,0,C
2024Q1,Sprite,Carbonated Soft Drinks,On-Trade,Eastern Cape,56,65.16,37.32,3648.96,1559.04,179.87,3469.09,74.4,0,C
2024Q4,Monster,Energy Drinks,On-Trade,Gauteng,16,105.58,50.84,1689.28,875.84,100.32,1588.96,81.0,1,B
2024Q2,Coca-Cola,Carbonated Soft Drinks,Mass Retail,Western Cape,74,52.12,30.08,3856.88,1630.96,276.04,3580.84,64.7,0,A
2024Q1,Fanta,Carbonated Soft Drinks,On-Trade,Gauteng,47,45.62,24.22,2144.14,1005.8,231.97,1912.17,85.1,0,C
2024Q4,Coca-Cola,Carbonated Soft Drinks,Convenience,KwaZulu-Natal,12,49.67,29.24,596.04,245.16,47.04,549.0,56.9,1,B
2024Q2,Coca-Cola,Carbonated Soft Drinks,Mass Retail,KwaZulu-Natal,48,49.62,25.41,2381.76,1162.08,195.62,2186.14,68.9,0,B
2024Q4,Stoney,Carbonated Soft Drinks,Convenience,Free State,25,59.51,32.12,1487.75,684.75,131.66,1356.09,74.6,0,A
2024Q1,Monster,Energy Drinks,Convenience,Free State,46,102.38,51.76,4709.48,2328.52,471.15,4238.33,63.0,0,C
2024Q2,Coca-Cola,Carbonated Soft Drinks,On-Trade,Gauteng,30,49.71,28.77,1491.3,628.2,86.72,1404.58,87.2,0,A
2024Q2,Sprite,Carbonated Soft Drinks,Mass Retail,Gauteng,7,60.08,32.9,420.56,190.26,36.92,383.64,70.0,0,C
2024Q1,Coca-Cola,Carbonated Soft Drinks,Mass Retail,Eastern Cape,11,50.75,25.88,558.25,273.57,22.59,535.66,61.0,0,D
2024Q4,Fanta,Carbonated Soft Drinks,Convenience,KwaZulu-Natal,20,52.42,32.2,1048.4,404.4,84.07,964.33,93.6,0,D
2024Q3,Schweppes,Mixers,Mass Retail,Gauteng,23,58.4,29.83,1343.2,657.11,54.68,1288.52,83.0,0,C
2024Q3,Sprite,Carbonated Soft Drinks,On-Trade,KwaZulu-Natal,19,60.37,35.9,1147.03,464.93,57.87,1089.16,54.2,0,B
2024Q1,Fanta,Carbonated Soft Drinks,On-Trade,KwaZulu-Natal,8,45.82,26.89,366.56,151.44,17.51,349.05,63.6,0,A
2024Q2,Coca-Cola,Carbonated Soft Drinks,Mass Retail,Free State,16,46.02,27.09,736.32,302.88,64.56,671.76,79.2,0,B
2024Q4,Coca-Cola,Carbonated Soft Drinks,Convenience,Gauteng,55,59.09,35.72,3249.95,1285.35,312.07,2937.88,55.7,0,A
2024Q4,Coca-Cola,Carbonated Soft Drinks,Convenience,Mpumalanga,19,51.98,31.9,987.62,381.52,49.66,937.96,82.0,0,B
2024Q2,Bonaqua,Water,On-Trade,North West,35,44.2,22.63,1547.0,754.95,76.93,1470.07,64.3,1,B
2024Q2,Coca-Cola,Carbonated Soft Drinks,E-Commerce,Northern Cape,50,52.05,29.17,2602.5,1144.0,289.38,2313.12,79.5,0,C
2024Q2,Fanta,Carbonated Soft Drinks,On-Trade,Western Cape,30,54.7,32.91,1641.0,653.7,103.92,1537.08,51.8,0,B
2024Q1,Coca-Cola,Carbonated Soft Drinks,Petrol & Travel,Western Cape,69,52.89,32.33,3649.41,1418.64,161.63,3487.78,71.6,0,D
2024Q4,Coca-Cola,Carbonated Soft Drinks,Mass Retail,Western Cape,88,54.22,28.16,4771.36,2293.28,403.39,4367.97,82.6,1,A
2024Q3,Schweppes,Mixers,Convenience,Western Cape,45,62.91,38.56,2830.95,1095.75,190.13,2640.82,50.7,0,A
2024Q2,Cappy,Juices & Nectars,Mass Retail,Gauteng,5,69.16,33.83,345.8,176.65,31.04,314.76,76.0,0,B
2024Q3,Coca-Cola,Carbonated Soft Drinks,Wholesale,Gauteng,26,54.34,29.5,1412.84,645.84,117.97,1294.87,50.3,0,B
2024Q3,Cappy,Juices & Nectars,Mass Retail,Western Cape,18,65.74,35.12,1183.32,551.16,104.15,1079.17,72.2,0,B
2024Q4,Schweppes,Mixers,Wholesale,Gauteng,30,56.43,33.56,1692.9,686.1,78.54,1614.36,90.3,1,A
2024Q4,Cappy,Juices & Nectars,On-Trade,Eastern Cape,23,72.47,41.0,1666.81,723.81,87.06,1579.75,48.5,1,B
2024Q2,Coca-Cola,Carbonated Soft Drinks,Mass Retail,Western Cape,24,48.85,26.97,1172.4,525.12,102.12,1070.28,86.9,0,C
2024Q3,Coca-Cola,Carbonated Soft Drinks,On-Trade,Gauteng,10,59.32,32.41,593.2,269.1,43.4,549.8,89.6,1,C
2024Q2,Coca-Cola,Carbonated Soft Drinks,On-Trade,KwaZulu-Natal,39,51.33,30.81,2001.87,800.28,92.36,1909.51,50.6,0,B
2024Q4,Sprite,Carbonated Soft Drinks,Convenience,Gauteng,9,58.59,34.0,527.31,221.31,46.19,481.12,62.2,1,B
2024Q1,Stoney,Carbonated Soft Drinks,Wholesale,Gauteng,17,62.97,37.58,1070.49,431.63,78.81,991.68,75.6,0,D
2024Q1,Sprite,Carbonated Soft Drinks,Mass Retail,Gauteng,25,59.63,30.37,1490.75,731.5,152.07,1338.68,68.0,1,A
2024Q1,Coca-Cola,Carbonated Soft Drinks,Mass Retail,KwaZulu-Natal,111,56.79,29.73,6303.69,3003.66,413.53,5890.16,63.0,0,C
2024Q4,Fanta,Carbonated Soft Drinks,Convenience,Limpopo,49,47.58,24.33,2331.42,1139.25,108.34,2223.08,91.4,0,C
2024Q1,Bonaqua,Water,Mass Retail,Western Cape,120,37.9,21.15,4548.0,2010.0,492.26,4055.74,61.7,0,B
2024Q4,Schweppes,Mixers,Wholesale,Eastern Cape,5,56.33,34.07,281.65,111.3,15.0,266.65,52.9,0,C
2024Q1,Cappy,Juices & Nectars,Mass Retail,Eastern Cape,13,69.86,37.35,908.18,422.63,105.1,803.08,58.1,0,B
2024Q2,Bonaqua,Water,On-Trade,Limpopo,24,45.71,27.94,1097.04,426.48,108.53,988.51,69.3,0,A
2024Q1,Sprite,Carbonated Soft Drinks,Mass Retail,Western Cape,62,62.74,37.83,3889.88,1544.42,266.66,3623.22,60.9,1,B
2024Q2,Sprite,Carbonated Soft Drinks,Convenience,Gauteng,45,58.91,33.72,2650.95,1133.55,236.39,2414.56,90.0,0,C
2024Q4,Monster,Energy Drinks,Wholesale,Gauteng,25,119.15,72.65,2978.75,1162.5,285.64,2693.11,58.6,0,B
2024Q2,Coca-Cola,Carbonated Soft Drinks,E-Commerce,KwaZulu-Natal,13,52.45,29.52,681.85,298.09,44.44,637.41,47.8,0,D
2024Q1,Bonaqua,Water,Petrol & Travel,Western Cape,66,41.45,23.82,2735.7,1163.58,187.56,2548.14,72.2,0,D
2024Q1,Powerplay,Energy Drinks,E-Commerce,Gauteng,49,110.22,59.05,5400.78,2507.33,627.79,4772.99,82.2,1,B
2024Q2,Coca-Cola,Carbonated Soft Drinks,Convenience,Gauteng,32,55.79,30.37,1785.28,813.44,152.32,1632.96,52.9,0,B
2024Q2,Coca-Cola,Carbonated Soft Drinks,Convenience,Gauteng,118,49.58,29.34,5850.44,2388.32,676.4,5174.04,77.3,1,B
2024Q3,Bonaqua,Water,Mass Retail,Eastern Cape,133,42.53,25.92,5656.49,2209.13,548.63,5107.86,64.5,0,A
2024Q2,Sprite,Carbonated Soft Drinks,Mass Retail,Western Cape,30,53.36,28.65,1600.8,741.3,85.4,1515.4,46.2,1,B
2024Q4,Coca-Cola,Carbonated Soft Drinks,Petrol & Travel,KwaZulu-Natal,80,54.38,33.63,4350.4,1660.0,294.56,4055.84,76.8,0,A
2024Q2,Sprite,Carbonated Soft Drinks,Convenience,Western Cape,50,51.82,30.35,2591.0,1073.5,122.08,2468.92,90.6,0,A
2024Q3,Coca-Cola,Carbonated Soft Drinks,Mass Retail,Western Cape,29,50.45,27.81,1463.05,656.56,120.83,1342.22,59.2,0,D
2024Q3,Coca-Cola,Carbonated Soft Drinks,Mass Retail,Western Cape,23,51.48,26.87,1184.04,566.03,97.67,1086.37,66.6,1,A
2024Q2,Sprite,Carbonated Soft Drinks,Convenience,KwaZulu-Natal,39,54.31,33.64,2118.09,806.13,140.56,1977.53,65.2,0,B
2024Q4,Cappy,Juices & Nectars,Wholesale,Western Cape,18,74.99,45.5,1349.82,530.82,114.47,1235.35,68.9,0,A
2024Q3,Bonaqua,Water,E-Commerce,Gauteng,30,39.51,21.57,1185.3,538.2,77.24,1108.06,82.1,0,B
2024Q3,Cappy,Juices & Nectars,Mass Retail,KwaZulu-Natal,54,64.85,38.09,3501.9,1445.04,241.54,3260.36,83.9,1,B
2024Q3,Fanta,Carbonated Soft Drinks,Mass Retail,Western Cape,37,55.9,29.12,2068.3,990.86,191.24,1877.06,79.0,1,B
2024Q2,Cappy,Juices & Nectars,Mass Retail,Gauteng,31,64.42,36.06,1997.02,879.16,219.93,1777.09,94.2,0,A
2024Q2,Cappy,Juices & Nectars,Wholesale,Northern Cape,24,75.25,43.98,1806.0,750.48,101.83,1704.17,64.7,0,C
2024Q1,Sprite,Carbonated Soft Drinks,Convenience,Eastern Cape,25,60.43,32.8,1510.75,690.75,163.32,1347.43,86.1,0,C
2024Q2,Fanta,Carbonated Soft Drinks,Mass Retail,Northern Cape,85,45.38,25.36,3857.3,1701.7,204.35,3652.95,61.4,0,A
2024Q2,Coca-Cola,Carbonated Soft Drinks,Mass Retail,Northern Cape,57,49.07,23.69,2796.99,1446.66,261.97,2535.02,69.9,0,B
2024Q4,Schweppes,Mixers,Mass Retail,Gauteng,34,56.07,29.8,1906.38,893.18,139.65,1766.73,89.1,0,B
2024Q4,Stoney,Carbonated Soft Drinks,Petrol & Travel,Gauteng,90,65.33,33.67,5879.7,2849.4,387.94,5491.76,89.2,0,B
2024Q3,Fanta,Carbonated Soft Drinks,On-Trade,Gauteng,45,41.98,20.51,1889.1,966.15,107.11,1781.99,70.7,1,B
2024Q1,Bonaqua,Water,On-Trade,Gauteng,48,42.87,26.24,2057.76,798.24,196.47,1861.29,94.8,0,A
2024Q3,Coca-Cola,Carbonated Soft Drinks,On-Trade,Western Cape,42,52.3,29.81,2196.6,944.58,93.27,2103.33,83.4,0,B
2024Q4,Bonaqua,Water,Mass Retail,Gauteng,44,44.73,25.67,1968.12,838.64,234.63,1733.49,49.8,0,B
2024Q2,Coca-Cola,Carbonated Soft Drinks,Mass Retail,Gauteng,67,46.34,26.19,3104.78,1350.05,162.31,2942.47,56.0,0,B
2024Q3,Cappy,Juices & Nectars,Convenience,Eastern Cape,24,63.62,37.98,1526.88,615.36,101.03,1425.85,70.9,0,A
2024Q1,Coca-Cola,Carbonated Soft Drinks,On-Trade,Gauteng,21,46.41,26.22,974.61,423.99,97.88,876.73,92.8,0,A
2024Q2,Cappy,Juices & Nectars,Mass Retail,KwaZulu-Natal,18,70.71,34.19,1272.78,657.36,89.99,1182.79,52.5,0,A
2024Q3,Sprite,Carbonated Soft Drinks,Mass Retail,North West,25,55.91,33.39,1397.75,563.0,83.72,1314.03,67.9,0,B
2024Q2,Sprite,Carbonated Soft Drinks,E-Commerce,Western Cape,8,46.5,22.75,372.0,190.0,26.83,345.17,85.5,0,A
2024Q3,Coca-Cola,Carbonated Soft Drinks,On-Trade,Gauteng,9,44.47,25.72,400.23,168.75,46.2,354.03,59.2,0,C
2024Q1,Sprite,Carbonated Soft Drinks,On-Trade,Mpumalanga,48,61.0,30.22,2928.0,1477.44,264.16,2663.84,54.9,0,B
2024Q2,Fanta,Carbonated Soft Drinks,Petrol & Travel,Eastern Cape,77,50.37,27.44,3878.49,1765.61,241.84,3636.65,57.2,0,B
2024Q1,Stoney,Carbonated Soft Drinks,Mass Retail,Gauteng,26,53.82,27.24,1399.32,691.08,142.54,1256.78,70.1,0,C
2024Q1,Stoney,Carbonated Soft Drinks,E-Commerce,Western Cape,72,57.82,32.24,4163.04,1841.76,405.6,3757.44,92.5,0,A
2024Q4,Cappy,Juices & Nectars,Convenience,Eastern Cape,43,66.17,31.99,2845.31,1469.74,199.59,2645.72,92.5,1,B
2024Q1,Coca-Cola,Carbonated Soft Drinks,Mass Retail,KwaZulu-Natal,15,47.55,26.9,713.25,309.75,53.54,659.71,83.5,0,C
2024Q3,Cappy,Juices & Nectars,Convenience,KwaZulu-Natal,14,70.19,42.86,982.66,382.62,60.1,922.56,52.9,1,B
2024Q2,Coca-Cola,Carbonated Soft Drinks,On-Trade,KwaZulu-Natal,15,52.69,26.31,790.35,395.7,50.58,739.77,59.9,0,A
2024Q3,Fanta,Carbonated Soft Drinks,Mass Retail,KwaZulu-Natal,52,52.78,27.27,2744.56,1326.52,163.64,2580.92,96.2,1,D
2024Q2,Coca-Cola,Carbonated Soft Drinks,E-Commerce,KwaZulu-Natal,27,53.2,32.59,1436.4,556.47,96.79,1339.61,68.3,0,D
2024Q3,Coca-Cola,Carbonated Soft Drinks,Mass Retail,KwaZulu-Natal,8,55.46,30.92,443.68,196.32,43.68,400.0,47.2,1,B
2024Q2,Bonaqua,Water,Wholesale,Gauteng,13,39.99,22.91,519.87,222.04,29.7,490.17,67.9,1,B
2024Q1,Schweppes,Mixers,Mass Retail,Gauteng,14,57.92,27.99,810.88,419.02,35.75,775.13,95.6,1,C
2024Q1,Coca-Cola,Carbonated Soft Drinks,Petrol & Travel,Gauteng,24,52.76,26.12,1266.24,639.36,102.2,1164.04,69.6,0,B
2024Q1,Powerade,Sports Drinks,E-Commerce,Eastern Cape,15,79.52,42.13,1192.8,560.85,138.09,1054.71,77.0,0,C
2024Q2,Stoney,Carbonated Soft Drinks,Wholesale,Gauteng,29,61.32,33.23,1778.28,814.61,87.44,1690.84,89.4,1,C
2024Q4,Coca-Cola,Carbonated Soft Drinks,Mass Retail,KwaZulu-Natal,28,52.79,31.89,1478.12,585.2,145.42,1332.7,53.7,0,A
2024Q4,Coca-Cola,Carbonated Soft Drinks,On-Trade,Western Cape,15,49.75,29.86,746.25,298.35,53.94,692.31,66.1,1,A
2024Q2,Coca-Cola,Carbonated Soft Drinks,Mass Retail,Limpopo,70,50.77,26.95,3553.9,1667.4,412.71,3141.19,95.2,1,B
2024Q3,Bonaqua,Water,Mass Retail,Gauteng,40,39.65,21.21,1586.0,737.6,63.99,1522.01,59.5,0,A
2024Q1,Coca-Cola,Carbonated Soft Drinks,Convenience,KwaZulu-Natal,24,53.26,26.39,1278.24,644.88,145.42,1132.82,84.8,0,A
2024Q4,Sprite,Carbonated Soft Drinks,Convenience,KwaZulu-Natal,24,61.92,36.3,1486.08,614.88,103.65,1382.43,57.9,0,A
2024Q1,Fanta,Carbonated Soft Drinks,On-Trade,Free State,42,49.84,26.36,2093.28,986.16,238.09,1855.19,94.4,1,B
2024Q1,Coca-Cola,Carbonated Soft Drinks,E-Commerce,Eastern Cape,25,57.72,35.12,1443.0,565.0,109.68,1333.32,84.4,0,A
2024Q1,Cappy,Juices & Nectars,Mass Retail,North West,19,63.57,34.3,1207.83,556.13,121.31,1086.52,77.1,0,C
2024Q3,Coca-Cola,Carbonated Soft Drinks,E-Commerce,KwaZulu-Natal,29,44.48,21.63,1289.92,662.65,135.96,1153.96,97.5,0,C
2024Q4,Coca-Cola,Carbonated Soft Drinks,Mass Retail,Eastern Cape,84,58.63,34.61,4924.92,2017.68,297.03,4627.89,85.5,0,C
2024Q3,Coca-Cola,Carbonated Soft Drinks,Convenience,Gauteng,49,43.94,22.0,2153.06,1075.06,164.07,1988.99,91.7,0,B
2024Q3,Coca-Cola,Carbonated Soft Drinks,E-Commerce,Gauteng,42,56.8,28.79,2385.6,1176.42,206.33,2179.27,71.8,0,A
2024Q2,Powerplay,Energy Drinks,Convenience,Gauteng,27,99.99,49.01,2699.73,1376.46,129.32,2570.41,67.0,0,A
2024Q2,Sprite,Carbonated Soft Drinks,Mass Retail,KwaZulu-Natal,28,58.32,34.18,1632.96,675.92,134.59,1498.37,82.3,1,D
2024Q1,Stoney,Carbonated Soft Drinks,On-Trade,KwaZulu-Natal,34,62.98,37.56,2141.32,864.28,148.19,1993.13,50.3,0,B
2024Q3,Powerade,Sports Drinks,Mass Retail,North West,32,66.13,33.53,2116.16,1043.2,190.86,1925.3,96.9,0,B
2024Q1,Schweppes,Mixers,Mass Retail,Mpumalanga,34,63.52,34.9,2159.68,973.08,247.14,1912.54,92.2,0,C
2024Q2,Fanta,Carbonated Soft Drinks,Mass Retail,Western Cape,45,42.74,21.85,1923.3,940.05,145.23,1778.07,70.7,0,C
2024Q3,Coca-Cola,Carbonated Soft Drinks,On-Trade,Gauteng,28,55.75,26.9,1561.0,807.8,170.06,1390.94,54.2,0,B
2024Q3,Coca-Cola,Carbonated Soft Drinks,Wholesale,KwaZulu-Natal,31,50.63,31.29,1569.53,599.54,75.42,1494.11,67.5,0,C
2024Q2,Stoney,Carbonated Soft Drinks,Mass Retail,Gauteng,28,59.11,33.56,1655.08,715.4,110.74,1544.34,80.6,1,C
2024Q4,Coca-Cola,Carbonated Soft Drinks,Mass Retail,Western Cape,45,48.74,24.84,2193.3,1075.5,238.21,1955.09,48.1,1,C
2024Q2,Coca-Cola,Carbonated Soft Drinks,Convenience,Eastern Cape,16,54.41,30.76,870.56,378.4,85.39,785.17,61.7,0,A
2024Q3,Powerade,Sports Drinks,Mass Retail,Western Cape,9,75.47,42.12,679.23,300.15,58.51,620.72,53.8,0,B
2024Q3,Sprite,Carbonated Soft Drinks,Petrol & Travel,KwaZulu-Natal,14,47.91,28.1,670.74,277.34,52.72,618.02,94.8,0,A
2024Q4,Bonaqua,Water,Wholesale,Western Cape,99,39.08,21.75,3868.92,1715.67,324.07,3544.85,47.8,0,B
2024Q1,Sprite,Carbonated Soft Drinks,Convenience,Gauteng,57,53.83,30.93,3068.31,1305.3,206.42,2861.89,73.8,0,B
2024Q2,Sprite,Carbonated Soft Drinks,On-Trade,KwaZulu-Natal,12,49.92,24.26,599.04,307.92,52.63,546.41,90.3,0,C
2024Q1,Coca-Cola,Carbonated Soft Drinks,Mass Retail,Northern Cape,59,57.76,30.76,3407.84,1593.0,174.77,3233.07,82.6,0,B
2024Q3,Sprite,Carbonated Soft Drinks,Mass Retail,Gauteng,112,57.23,28.36,6409.76,3233.44,686.27,5723.49,74.4,0,B
2024Q4,Monster,Energy Drinks,E-Commerce,Gauteng,77,108.26,65.7,8336.02,3277.12,671.13,7664.89,76.5,0,A
2024Q2,Monster,Energy Drinks,Petrol & Travel,Mpumalanga,30,123.38,67.01,3701.4,1691.1,273.58,3427.82,72.0,0,A
2024Q2,Coca-Cola,Carbonated Soft Drinks,E-Commerce,Gauteng,53,52.29,26.42,2771.37,1371.11,271.4,2499.97,88.0,0,B
2024Q1,Coca-Cola,Carbonated Soft Drinks,Petrol & Travel,Western Cape,87,60.4,36.27,5254.8,2099.31,555.6,4699.2,51.5,0,C
2024Q1,Coca-Cola,Carbonated Soft Drinks,E-Commerce,Limpopo,9,49.81,29.97,448.29,178.56,33.43,414.86,87.8,1,A
2024Q4,Coca-Cola,Carbonated Soft Drinks,Mass Retail,Gauteng,33,51.29,25.34,1692.57,856.35,169.85,1522.72,59.6,0,A
2024Q3,Coca-Cola,Carbonated Soft Drinks,E-Commerce,Eastern Cape,27,50.03,29.49,1350.81,554.58,70.41,1280.4,79.3,0,B
2024Q1,Stoney,Carbonated Soft Drinks,Convenience,KwaZulu-Natal,73,62.41,30.91,4555.93,2299.5,273.62,4282.31,92.4,0,B
2024Q2,Coca-Cola,Carbonated Soft Drinks,Wholesale,Gauteng,101,56.98,30.65,5754.98,2659.33,250.71,5504.27,86.6,0,B
2024Q4,Coca-Cola,Carbonated Soft Drinks,E-Commerce,KwaZulu-Natal,70,51.76,27.28,3623.2,1713.6,230.24,3392.96,91.3,0,B
2024Q2,Monster,Energy Drinks,Wholesale,Western Cape,13,111.53,56.89,1449.89,710.32,134.11,1315.78,65.4,0,B
2024Q2,Coca-Cola,Carbonated Soft Drinks,Petrol & Travel,Western Cape,90,49.8,26.35,4482.0,2110.5,239.2,4242.8,46.8,0,C
2024Q1,Sprite,Carbonated Soft Drinks,Mass Retail,Western Cape,27,56.85,28.93,1534.95,753.84,180.49,1354.46,46.3,0,C
2024Q4,Sprite,Carbonated Soft Drinks,Mass Retail,KwaZulu-Natal,28,55.08,33.52,1542.24,603.68,78.92,1463.32,74.2,1,A
2024Q1,Cappy,Juices & Nectars,On-Trade,Gauteng,30,75.47,39.85,2264.1,1068.6,166.34,2097.76,94.2,0,A
2024Q2,Sprite,Carbonated Soft Drinks,E-Commerce,Western Cape,54,56.9,29.86,3072.6,1460.16,216.58,2856.02,77.5,0,B
2024Q3,Fanta,Carbonated Soft Drinks,Mass Retail,KwaZulu-Natal,4,48.21,29.8,192.84,73.64,20.38,172.46,68.1,0,A
2024Q1,Coca-Cola,Carbonated Soft Drinks,Wholesale,Gauteng,22,50.85,26.92,1118.7,526.46,80.81,1037.89,45.9,0,D
2024Q1,Fanta,Carbonated Soft Drinks,On-Trade,Eastern Cape,76,42.67,20.92,3242.92,1653.0,175.12,3067.8,92.2,0,A
2024Q3,Coca-Cola,Carbonated Soft Drinks,Mass Retail,Northern Cape,10,48.18,28.92,481.8,192.6,57.76,424.04,78.4,0,D
2024Q3,Fanta,Carbonated Soft Drinks,Mass Retail,Western Cape,20,54.86,30.74,1097.2,482.4,117.01,980.19,81.5,1,D
2024Q1,Stoney,Carbonated Soft Drinks,Mass Retail,Western Cape,16,57.69,29.57,923.04,449.92,103.79,819.25,47.0,1,B
2024Q4,Cappy,Juices & Nectars,Mass Retail,Eastern Cape,70,58.68,32.55,4107.6,1829.1,236.03,3871.57,53.7,1,B
2024Q4,Monster,Energy Drinks,Mass Retail,Gauteng,8,111.31,68.2,890.48,344.88,68.66,821.82,48.1,0,A
2024Q2,Schweppes,Mixers,Petrol & Travel,Gauteng,84,51.32,26.64,4310.88,2073.12,369.27,3941.61,85.9,0,C
2024Q3,Schweppes,Mixers,E-Commerce,Gauteng,16,51.78,28.22,828.48,376.96,94.59,733.89,92.8,1,B
2024Q4,Coca-Cola,Carbonated Soft Drinks,Mass Retail,KwaZulu-Natal,32,47.42,23.47,1517.44,766.4,102.65,1414.79,52.9,0,A
2024Q1,Stoney,Carbonated Soft Drinks,On-Trade,Gauteng,95,51.66,30.99,4907.7,1963.65,242.43,4665.27,81.5,0,D
2024Q1,Fanta,Carbonated Soft Drinks,Petrol & Travel,Gauteng,23,44.78,21.97,1029.94,524.63,98.5,931.44,58.4,0,A
2024Q1,Monster,Energy Drinks,Convenience,North West,303,108.9,60.95,32996.7,14528.85,2403.46,30593.24,55.2,0,B
2024Q1,Sprite,Carbonated Soft Drinks,Mass Retail,Gauteng,15,58.35,30.51,875.25,417.6,68.29,806.96,68.8,0,B
2024Q4,Sprite,Carbonated Soft Drinks,Mass Retail,Gauteng,109,61.03,35.4,6652.27,2793.67,421.81,6230.46,62.1,0,B
2024Q2,Sprite,Carbonated Soft Drinks,Mass Retail,Limpopo,23,57.13,27.47,1313.99,682.18,57.06,1256.93,57.9,1,D
2024Q3,Powerade,Sports Drinks,Convenience,Western Cape,82,68.0,39.65,5576.0,2324.7,319.22,5256.78,66.2,0,B
2024Q3,Monster,Energy Drinks,Wholesale,Gauteng,46,114.62,69.62,5272.52,2070.0,425.7,4846.82,81.8,1,B
2024Q4,Schweppes,Mixers,Mass Retail,Gauteng,9,59.21,32.0,532.89,244.89,48.35,484.54,58.6,1,B
2024Q1,Coca-Cola,Carbonated Soft Drinks,Wholesale,KwaZulu-Natal,18,49.07,30.33,883.26,337.32,56.95,826.31,51.8,0,C
2024Q1,Coca-Cola,Carbonated Soft Drinks,E-Commerce,Gauteng,46,55.55,28.97,2555.3,1222.68,217.02,2338.28,82.9,0,B
2024Q4,Coca-Cola,Carbonated Soft Drinks,Convenience,Gauteng,64,53.57,32.24,3428.48,1365.12,295.93,3132.55,67.8,0,C
2024Q4,Schweppes,Mixers,Mass Retail,Western Cape,78,56.94,29.13,4441.32,2169.18,347.06,4094.26,52.0,0,A
2024Q4,Coca-Cola,Carbonated Soft Drinks,Mass Retail,North West,22,47.45,25.26,1043.9,488.18,124.7,919.2,97.7,1,C
2024Q4,Coca-Cola,Carbonated Soft Drinks,Mass Retail,Gauteng,23,50.33,25.85,1157.59,563.04,94.05,1063.54,75.2,1,A
2024Q2,Cappy,Juices & Nectars,Mass Retail,Western Cape,17,72.61,44.23,1234.37,482.46,114.23,1120.14,68.1,0,D
2024Q4,Coca-Cola,Carbonated Soft Drinks,Mass Retail,KwaZulu-Natal,20,55.65,29.36,1113.0,525.8,127.86,985.14,53.7,1,A
2024Q2,Cappy,Juices & Nectars,E-Commerce,Northern Cape,100,65.72,38.65,6572.0,2707.0,746.33,5825.67,73.3,1,A
2024Q3,Monster,Energy Drinks,Petrol & Travel,KwaZulu-Natal,101,115.09,56.75,11624.09,5892.34,625.52,10998.57,45.7,0,B
2024Q1,Coca-Cola,Carbonated Soft Drinks,Mass Retail,Gauteng,43,55.14,34.05,2371.02,906.87,106.8,2264.22,92.9,0,B
2024Q3,Stoney,Carbonated Soft Drinks,Wholesale,Western Cape,53,58.08,35.04,3078.24,1221.12,309.71,2768.53,74.9,1,A
2024Q3,Coca-Cola,Carbonated Soft Drinks,Wholesale,Western Cape,5,54.03,31.93,270.15,110.5,27.19,242.96,93.3,1,A
2024Q2,Sprite,Carbonated Soft Drinks,Convenience,Western Cape,24,56.74,27.88,1361.76,692.64,56.74,1305.02,78.3,0,D
2024Q1,Sprite,Carbonated Soft Drinks,Wholesale,KwaZulu-Natal,32,55.99,29.48,1791.68,848.32,161.17,1630.51,88.8,0,B
2024Q2,Powerplay,Energy Drinks,Mass Retail,Eastern Cape,25,120.06,68.3,3001.5,1294.0,325.67,2675.83,71.0,1,B
2024Q3,Powerade,Sports Drinks,Wholesale,Eastern Cape,20,69.21,35.58,1384.2,672.6,88.35,1295.85,74.7,0,A
2024Q3,Powerplay,Energy Drinks,Wholesale,Western Cape,24,109.83,54.62,2635.92,1325.04,210.71,2425.21,62.9,0,A
2024Q1,Powerade,Sports Drinks,Convenience,Western Cape,18,69.4,33.94,1249.2,638.28,147.39,1101.81,81.1,0,D
2024Q1,Bonaqua,Water,Wholesale,KwaZulu-Natal,75,43.0,25.34,3225.0,1324.5,252.29,2972.71,67.8,1,A
2024Q2,Cappy,Juices & Nectars,Mass Retail,KwaZulu-Natal,37,70.61,35.9,2612.57,1284.27,296.71,2315.86,93.5,0,B
2024Q1,Coca-Cola,Carbonated Soft Drinks,Mass Retail,Gauteng,55,50.05,29.79,2752.75,1114.3,160.97,2591.78,50.2,0,B
2024Q1,Sprite,Carbonated Soft Drinks,Mass Retail,Gauteng,58,53.63,25.77,3110.54,1615.88,129.65,2980.89,69.7,1,C
2024Q3,Schweppes,Mixers,Convenience,Western Cape,54,65.62,32.21,3543.48,1804.14,187.84,3355.64,65.6,1,C
2024Q2,Sprite,Carbonated Soft Drinks,Petrol & Travel,Western Cape,24,61.38,30.27,1473.12,746.64,116.0,1357.12,49.8,1,B
2024Q4,Sprite,Carbonated Soft Drinks,On-Trade,Gauteng,51,53.58,32.65,2732.58,1067.43,289.93,2442.65,62.7,1,B
2024Q3,Monster,Energy Drinks,On-Trade,Western Cape,132,114.55,70.91,15120.6,5760.48,763.98,14356.62,47.6,0,C
2024Q1,Bonaqua,Water,Wholesale,Gauteng,41,41.29,23.74,1692.89,719.55,196.92,1495.97,72.1,0,C
2024Q4,Coca-Cola,Carbonated Soft Drinks,On-Trade,KwaZulu-Natal,15,49.47,27.54,742.05,328.95,56.57,685.48,91.5,1,A
2024Q4,Cappy,Juices & Nectars,On-Trade,KwaZulu-Natal,66,62.42,30.79,4119.72,2087.58,270.51,3849.21,65.5,0,B
2024Q2,Cappy,Juices & Nectars,On-Trade,Limpopo,36,66.28,35.97,2386.08,1091.16,270.49,2115.59,69.8,1,A
2024Q4,Sprite,Carbonated Soft Drinks,Convenience,Gauteng,15,55.72,29.8,835.8,388.8,72.83,762.97,59.6,1,D
2024Q4,Sprite,Carbonated Soft Drinks,E-Commerce,Western Cape,24,58.65,35.86,1407.6,546.96,91.99,1315.61,79.7,1,A
2024Q3,Sprite,Carbonated Soft Drinks,Mass Retail,Gauteng,61,52.13,28.88,3179.93,1418.25,363.27,2816.66,67.7,0,B
2024Q1,Powerplay,Energy Drinks,Wholesale,KwaZulu-Natal,44,108.12,66.43,4757.28,1834.36,315.55,4441.73,92.0,0,D
2024Q3,Sprite,Carbonated Soft Drinks,Mass Retail,Gauteng,50,49.83,24.43,2491.5,1270.0,266.43,2225.07,54.3,1,C
2024Q2,Fanta,Carbonated Soft Drinks,E-Commerce,Gauteng,104,42.6,25.55,4430.4,1773.2,522.52,3907.88,68.3,1,D
2024Q2,Powerade,Sports Drinks,Mass Retail,Northern Cape,46,75.93,41.21,3492.78,1597.12,226.13,3266.65,71.6,0,B
2024Q4,Sprite,Carbonated Soft Drinks,Mass Retail,North West,41,62.42,37.62,2559.22,1016.8,213.65,2345.57,57.6,0,A
2024Q3,Schweppes,Mixers,Petrol & Travel,Gauteng,10,58.6,33.24,586.0,253.6,40.21,545.79,89.8,0,B
2024Q1,Sprite,Carbonated Soft Drinks,Mass Retail,Free State,22,56.56,30.28,1244.32,578.16,147.65,1096.67,87.8,1,B
2024Q3,Cappy,Juices & Nectars,E-Commerce,KwaZulu-Natal,15,60.39,34.49,905.85,388.5,91.09,814.76,84.7,0,C
2024Q1,Coca-Cola,Carbonated Soft Drinks,Mass Retail,Gauteng,26,57.53,28.61,1495.78,751.92,127.37,1368.41,95.5,0,B
2024Q1,Schweppes,Mixers,On-Trade,Gauteng,145,61.88,37.76,8972.6,3497.4,666.37,8306.23,62.6,0,B
2024Q3,Coca-Cola,Carbonated Soft Drinks,E-Commerce,Northern Cape,23,55.47,30.23,1275.81,580.52,93.4,1182.41,52.9,0,A
2024Q2,Schweppes,Mixers,Mass Retail,Gauteng,72,56.19,28.46,4045.68,1996.56,339.15,3706.53,46.3,0,C
2024Q1,Cappy,Juices & Nectars,Convenience,Gauteng,145,73.23,35.68,10618.35,5444.75,604.0,10014.35,48.9,0,B
2024Q1,Bonaqua,Water,On-Trade,KwaZulu-Natal,75,46.79,26.47,3509.25,1524.0,294.57,3214.68,59.5,1,A
2024Q3,Bonaqua,Water,Mass Retail,Gauteng,12,41.82,21.11,501.84,248.52,55.12,446.72,84.4,0,C
2024Q2,Coca-Cola,Carbonated Soft Drinks,Convenience,Western Cape,9,49.54,30.57,445.86,170.73,46.27,399.59,61.0,0,B
2024Q1,Sprite,Carbonated Soft Drinks,Mass Retail,Gauteng,17,59.88,32.32,1017.96,468.52,55.86,962.1,50.9,0,A
2024Q4,Sprite,Carbonated Soft Drinks,Wholesale,KwaZulu-Natal,61,52.85,32.73,3223.85,1227.32,148.71,3075.14,70.1,0,C
2024Q1,Coca-Cola,Carbonated Soft Drinks,Mass Retail,Gauteng,56,55.13,29.16,3087.28,1454.32,235.58,2851.7,76.5,0,A
2024Q1,Coca-Cola,Carbonated Soft Drinks,Mass Retail,Northern Cape,51,51.08,26.44,2605.08,1256.64,310.33,2294.75,80.5,0,A
2024Q1,Cappy,Juices & Nectars,Wholesale,Gauteng,10,70.79,36.7,707.9,340.9,34.75,673.15,51.0,0,B
2024Q3,Fanta,Carbonated Soft Drinks,E-Commerce,Gauteng,52,55.61,27.49,2891.72,1462.24,312.82,2578.9,76.9,0,A
2024Q2,Coca-Cola,Carbonated Soft Drinks,Mass Retail,Gauteng,15,54.17,29.59,812.55,368.7,74.66,737.89,46.5,1,B
2024Q3,Sprite,Carbonated Soft Drinks,Petrol & Travel,Western Cape,24,52.88,28.56,1269.12,583.68,100.25,1168.87,52.3,0,B
2024Q2,Cappy,Juices & Nectars,Convenience,North West,9,70.89,34.16,638.01,330.57,29.48,608.53,65.8,1,B
2024Q4,Coca-Cola,Carbonated Soft Drinks,E-Commerce,KwaZulu-Natal,107,46.16,25.69,4939.12,2190.29,288.91,4650.21,63.2,0,A
2024Q2,Cappy,Juices & Nectars,On-Trade,Gauteng,45,69.97,39.01,3148.65,1393.2,217.2,2931.45,64.3,0,D
2024Q3,Sprite,Carbonated Soft Drinks,Wholesale,Western Cape,90,60.4,29.31,5436.0,2798.1,480.77,4955.23,70.7,1,C
2024Q3,Schweppes,Mixers,On-Trade,Western Cape,52,55.85,31.11,2904.2,1286.48,212.22,2691.98,48.9,0,B
2024Q1,Schweppes,Mixers,Mass Retail,Gauteng,65,64.33,35.47,4181.45,1875.9,312.37,3869.08,76.4,1,D
2024Q3,Coca-Cola,Carbonated Soft Drinks,Convenience,KwaZulu-Natal,36,54.67,28.62,1968.12,937.8,149.53,1818.59,87.7,1,B
2024Q2,Coca-Cola,Carbonated Soft Drinks,E-Commerce,Western Cape,74,47.15,24.71,3489.1,1660.56,360.77,3128.33,51.9,0,B
2024Q3,Coca-Cola,Carbonated Soft Drinks,On-Trade,Western Cape,38,55.73,29.5,2117.74,996.74,124.12,1993.62,77.7,0,A
2024Q4,Coca-Cola,Carbonated Soft Drinks,Mass Retail,Western Cape,16,60.51,33.21,968.16,436.8,91.59,876.57,50.4,0,B
2024Q3,Coca-Cola,Carbonated Soft Drinks,Mass Retail,Gauteng,31,46.17,27.23,1431.27,587.14,112.84,1318.43,62.8,1,B
2024Q1,Fanta,Carbonated Soft Drinks,Mass Retail,Gauteng,8,51.54,29.18,412.32,178.88,48.73,363.59,50.9,1,B
2024Q3,Schweppes,Mixers,On-Trade,Western Cape,49,57.21,33.64,2803.29,1154.93,313.57,2489.72,62.7,0,A
2024Q3,Coca-Cola,Carbonated Soft Drinks,Convenience,Gauteng,81,54.84,32.28,4442.04,1827.36,367.83,4074.21,87.3,0,B
2024Q4,Coca-Cola,Carbonated Soft Drinks,Mass Retail,Western Cape,53,44.36,24.61,2351.08,1046.75,248.92,2102.16,97.0,0,A
2024Q1,Coca-Cola,Carbonated Soft Drinks,Mass Retail,Eastern Cape,25,52.97,31.19,1324.25,544.5,92.32,1231.93,47.1,0,D
2024Q1,Coca-Cola,Carbonated Soft Drinks,E-Commerce,Western Cape,15,53.14,32.38,797.1,311.4,36.84,760.26,94.3,0,B
2024Q4,Coca-Cola,Carbonated Soft Drinks,Convenience,Free State,14,45.36,26.48,635.04,264.32,55.96,579.08,80.6,0,C
2024Q3,Coca-Cola,Carbonated Soft Drinks,E-Commerce,Western Cape,41,51.99,26.51,2131.59,1044.68,156.52,1975.07,60.5,0,B
2024Q4,Coca-Cola,Carbonated Soft Drinks,Mass Retail,Northern Cape,17,56.15,27.59,954.55,485.52,39.06,915.49,67.7,0,C
2024Q1,Bonaqua,Water,Mass Retail,Western Cape,32,41.34,21.33,1322.88,640.32,147.23,1175.65,71.0,0,A
2024Q3,Coca-Cola,Carbonated Soft Drinks,Mass Retail,Gauteng,27,48.71,29.82,1315.17,510.03,114.63,1200.54,63.3,0,C
2024Q3,Stoney,Carbonated Soft Drinks,Mass Retail,Gauteng,27,61.79,34.03,1668.33,749.52,194.69,1473.64,54.1,0,C
2024Q1,Fanta,Carbonated Soft Drinks,Mass Retail,KwaZulu-Natal,115,54.02,28.59,6212.3,2924.45,404.49,5807.81,81.3,1,B
2024Q1,Cappy,Juices & Nectars,Mass Retail,North West,11,65.09,31.32,715.99,371.47,84.2,631.79,67.9,0,B
2024Q2,Stoney,Carbonated Soft Drinks,E-Commerce,Western Cape,40,54.58,27.73,2183.2,1074.0,225.32,1957.88,86.5,1,D
2024Q2,Fanta,Carbonated Soft Drinks,Mass Retail,Gauteng,35,50.14,30.26,1754.9,695.8,204.49,1550.41,63.2,1,C
2024Q4,Powerplay,Energy Drinks,Petrol & Travel,Western Cape,33,96.54,57.06,3185.82,1302.84,165.7,3020.12,80.0,0,C
2024Q4,Fanta,Carbonated Soft Drinks,Mass Retail,Western Cape,91,45.06,24.57,4100.46,1864.59,430.4,3670.06,53.3,0,D
2024Q3,Coca-Cola,Carbonated Soft Drinks,E-Commerce,Gauteng,69,53.71,27.68,3705.99,1796.07,245.25,3460.74,73.5,1,C
2024Q2,Stoney,Carbonated Soft Drinks,Convenience,Free State,52,62.77,31.41,3264.04,1630.72,251.68,3012.36,86.1,0,C
2024Q4,Cappy,Juices & Nectars,Mass Retail,Gauteng,22,67.63,38.23,1487.86,646.8,77.68,1410.18,89.0,0,A
2024Q2,Coca-Cola,Carbonated Soft Drinks,Mass Retail,Free State,61,49.96,24.33,3047.56,1563.43,218.6,2828.96,64.6,0,B
2024Q3,Coca-Cola,Carbonated Soft Drinks,E-Commerce,Eastern Cape,38,53.38,26.1,2028.44,1036.64,197.11,1831.33,72.9,0,C
2024Q1,Coca-Cola,Carbonated Soft Drinks,Convenience,Gauteng,58,44.64,24.56,2589.12,1164.64,204.97,2384.15,69.2,1,D
2024Q2,Coca-Cola,Carbonated Soft Drinks,Convenience,Northern Cape,26,58.63,36.01,1524.38,588.12,92.78,1431.6,81.2,0,C
2024Q3,Coca-Cola,Carbonated Soft Drinks,Mass Retail,Gauteng,64,53.56,31.91,3427.84,1385.6,235.87,3191.97,76.8,1,D
2024Q1,Fanta,Carbonated Soft Drinks,Mass Retail,Western Cape,9,50.86,29.71,457.74,190.35,37.65,420.09,66.8,1,C
2024Q1,Coca-Cola,Carbonated Soft Drinks,Wholesale,Gauteng,63,53.42,27.24,3365.46,1649.34,396.33,2969.13,52.6,1,B
2024Q1,Fanta,Carbonated Soft Drinks,Convenience,Gauteng,38,46.22,27.24,1756.36,721.24,121.77,1634.59,96.8,0,B
2024Q3,Coca-Cola,Carbonated Soft Drinks,Convenience,Western Cape,30,47.1,27.09,1413.0,600.3,150.59,1262.41,69.3,0,A
2024Q4,Coca-Cola,Carbonated Soft Drinks,Mass Retail,KwaZulu-Natal,63,46.56,28.78,2933.28,1120.14,128.84,2804.44,92.0,0,A
2024Q4,Coca-Cola,Carbonated Soft Drinks,Mass Retail,Gauteng,6,51.17,25.86,307.02,151.86,18.28,288.74,89.1,0,B
2024Q1,Coca-Cola,Carbonated Soft Drinks,Mass Retail,Gauteng,29,52.88,26.28,1533.52,771.4,62.09,1471.43,71.9,0,A
2024Q1,Coca-Cola,Carbonated Soft Drinks,Mass Retail,Gauteng,13,56.64,34.14,736.32,292.5,75.5,660.82,45.8,0,B
2024Q4,Coca-Cola,Carbonated Soft Drinks,Wholesale,KwaZulu-Natal,17,50.11,25.64,851.87,415.99,66.01,785.86,67.5,0,B
2024Q3,Coca-Cola,Carbonated Soft Drinks,E-Commerce,Limpopo,50,49.3,30.5,2465.0,940.0,251.98,2213.02,60.7,1,B
2024Q3,Coca-Cola,Carbonated Soft Drinks,Mass Retail,KwaZulu-Natal,23,50.55,28.17,1162.65,514.74,102.82,1059.83,82.4,0,C
2024Q4,Coca-Cola,Carbonated Soft Drinks,Convenience,KwaZulu-Natal,14,46.94,27.01,657.16,279.02,44.66,612.5,56.3,0,C
2024Q1,Monster,Energy Drinks,On-Trade,Gauteng,23,109.01,64.99,2507.23,1012.46,271.4,2235.83,56.6,1,A
2024Q4,Coca-Cola,Carbonated Soft Drinks,Convenience,North West,17,54.88,29.37,932.96,433.67,42.11,890.85,57.0,0,B
2024Q2,Coca-Cola,Carbonated Soft Drinks,Petrol & Travel,Limpopo,20,54.49,28.72,1089.8,515.4,55.3,1034.5,48.9,0,C
2024Q1,Monster,Energy Drinks,On-Trade,North West,51,129.4,75.98,6599.4,2724.42,707.5,5891.9,87.8,1,B
2024Q3,Coca-Cola,Carbonated Soft Drinks,Mass Retail,Free State,50,47.56,25.33,2378.0,1111.5,282.03,2095.97,80.3,0,C
2024Q1,Fanta,Carbonated Soft Drinks,Mass Retail,Gauteng,44,48.8,25.62,2147.2,1019.92,255.87,1891.33,53.4,0,A
2024Q3,Cappy,Juices & Nectars,Mass Retail,Western Cape,25,74.3,40.53,1857.5,844.25,220.87,1636.63,67.5,0,D
2024Q1,Coca-Cola,Carbonated Soft Drinks,Convenience,Western Cape,13,59.15,28.53,768.95,398.06,67.16,701.79,45.7,1,C
2024Q4,Coca-Cola,Carbonated Soft Drinks,Mass Retail,Western Cape,12,53.89,27.31,646.68,318.96,59.66,587.02,47.8,0,A
2024Q4,Stoney,Carbonated Soft Drinks,On-Trade,Gauteng,40,54.32,31.11,2172.8,928.4,212.26,1960.54,58.5,1,C
2024Q2,Schweppes,Mixers,Mass Retail,Western Cape,29,53.77,32.93,1559.33,604.36,89.53,1469.8,58.6,1,B
2024Q1,Stoney,Carbonated Soft Drinks,Convenience,Gauteng,120,64.18,36.58,7701.6,3312.0,838.63,6862.97,70.8,1,A
2024Q4,Bonaqua,Water,On-Trade,North West,71,36.32,20.55,2578.72,1119.67,212.69,2366.03,81.2,0,D
2024Q3,Powerplay,Energy Drinks,Mass Retail,Mpumalanga,39,116.87,68.84,4557.93,1873.17,273.0,4284.93,80.9,0,C
2024Q3,Sprite,Carbonated Soft Drinks,Convenience,Northern Cape,94,52.98,30.81,4980.12,2083.98,222.92,4757.2,75.8,1,A
2024Q1,Fanta,Carbonated Soft Drinks,On-Trade,Free State,8,54.24,26.3,433.92,223.52,36.16,397.76,65.6,1,B
2024Q3,Sprite,Carbonated Soft Drinks,Petrol & Travel,Eastern Cape,57,57.8,29.5,3294.6,1613.1,201.25,3093.35,56.1,0,A
2024Q2,Coca-Cola,Carbonated Soft Drinks,Wholesale,Gauteng,34,52.54,31.7,1786.36,708.56,162.73,1623.63,65.5,0,B
2024Q4,Coca-Cola,Carbonated Soft Drinks,On-Trade,Gauteng,21,59.52,33.17,1249.92,553.35,105.76,1144.16,59.7,0,B
2024Q3,Cappy,Juices & Nectars,Mass Retail,Gauteng,5,63.58,37.82,317.9,128.8,24.19,293.71,77.0,0,C
2024Q3,Coca-Cola,Carbonated Soft Drinks,Convenience,Gauteng,16,48.02,29.16,768.32,301.76,70.64,697.68,49.3,1,C
2024Q3,Coca-Cola,Carbonated Soft Drinks,Mass Retail,Western Cape,45,47.72,27.82,2147.4,895.5,233.58,1913.82,94.9,1,C
2024Q1,Fanta,Carbonated Soft Drinks,Petrol & Travel,KwaZulu-Natal,14,46.9,24.87,656.6,308.42,74.31,582.29,75.5,0,C
2024Q1,Coca-Cola,Carbonated Soft Drinks,E-Commerce,Western Cape,22,51.98,25.42,1143.56,584.32,94.95,1048.61,83.1,1,B
2024Q4,Coca-Cola,Carbonated Soft Drinks,Wholesale,Gauteng,65,54.54,29.32,3545.1,1639.3,353.49,3191.61,66.4,0,B
2024Q3,Bonaqua,Water,Mass Retail,Gauteng,14,34.7,17.46,485.8,241.36,27.36,458.44,81.7,0,B
2024Q2,Coca-Cola,Carbonated Soft Drinks,Convenience,Limpopo,12,50.39,26.2,604.68,290.28,46.2,558.48,60.4,1,C
2024Q3,Coca-Cola,Carbonated Soft Drinks,Mass Retail,KwaZulu-Natal,104,52.82,27.32,5493.28,2652.0,484.86,5008.42,80.5,0,B
2024Q2,Coca-Cola,Carbonated Soft Drinks,Wholesale,Western Cape,6,49.09,29.31,294.54,118.68,29.65,264.89,62.0,1,B
2024Q4,Powerplay,Energy Drinks,Convenience,Gauteng,20,109.43,57.69,2188.6,1034.8,219.42,1969.18,60.6,0,C
2024Q3,Fanta,Carbonated Soft Drinks,On-Trade,Western Cape,16,53.32,31.03,853.12,356.64,85.16,767.96,66.1,1,B
2024Q1,Sprite,Carbonated Soft Drinks,Convenience,Gauteng,63,55.55,31.64,3499.65,1506.33,188.4,3311.25,81.2,0,D
2024Q3,Sprite,Carbonated Soft Drinks,E-Commerce,KwaZulu-Natal,113,58.05,32.05,6559.65,2938.0,689.54,5870.11,83.3,0,C
2024Q3,Fanta,Carbonated Soft Drinks,Convenience,KwaZulu-Natal,40,49.02,29.95,1960.8,762.8,99.92,1860.88,70.9,1,A
2024Q4,Monster,Energy Drinks,Mass Retail,KwaZulu-Natal,63,119.54,59.74,7531.02,3767.4,829.63,6701.39,54.6,0,C
2024Q1,Powerplay,Energy Drinks,Convenience,Gauteng,6,104.17,52.31,625.02,311.16,33.38,591.64,80.1,0,B
2024Q3,Powerade,Sports Drinks,Mass Retail,KwaZulu-Natal,36,66.26,38.41,2385.36,1002.6,106.56,2278.8,74.7,1,B
2024Q1,Stoney,Carbonated Soft Drinks,Wholesale,Gauteng,47,60.66,36.01,2851.02,1158.55,303.02,2548.0,75.2,0,C
2024Q2,Fanta,Carbonated Soft Drinks,On-Trade,North West,19,45.66,25.93,867.54,374.87,46.68,820.86,58.7,0,A
2024Q3,Schweppes,Mixers,Wholesale,Gauteng,48,50.73,30.91,2435.04,951.36,243.13,2191.91,80.3,0,C
2024Q2,Bonaqua,Water,E-Commerce,KwaZulu-Natal,11,40.22,24.34,442.42,174.68,26.49,415.93,49.8,0,A
2024Q1,Coca-Cola,Carbonated Soft Drinks,On-Trade,Gauteng,23,47.38,22.93,1089.74,562.35,55.54,1034.2,54.2,1,A
2024Q4,Coca-Cola,Carbonated Soft Drinks,Mass Retail,Western Cape,72,53.93,28.71,3882.96,1815.84,426.99,3455.97,56.3,0,A
2024Q2,Coca-Cola,Carbonated Soft Drinks,Convenience,Northern Cape,44,47.7,25.7,2098.8,968.0,186.92,1911.88,85.4,0,C
2024Q1,Fanta,Carbonated Soft Drinks,E-Commerce,KwaZulu-Natal,53,50.75,26.48,2689.75,1286.31,184.87,2504.88,83.0,0,B
2024Q2,Schweppes,Mixers,Mass Retail,Free State,23,52.11,28.43,1198.53,544.64,88.15,1110.38,54.4,0,A
2024Q3,Cappy,Juices & Nectars,Convenience,Western Cape,30,75.41,43.38,2262.3,960.9,252.89,2009.41,52.2,1,B
2024Q3,Coca-Cola,Carbonated Soft Drinks,On-Trade,Western Cape,101,52.86,25.64,5338.86,2749.22,633.84,4705.02,69.1,0,B
2024Q4,Stoney,Carbonated Soft Drinks,Mass Retail,Western Cape,16,57.06,33.71,912.96,373.6,106.3,806.66,66.9,0,A
2024Q3,Coca-Cola,Carbonated Soft Drinks,Mass Retail,Western Cape,31,57.49,33.02,1782.19,758.57,133.31,1648.88,74.6,1,A
2024Q3,Schweppes,Mixers,On-Trade,Western Cape,26,57.9,34.42,1505.4,610.48,159.57,1345.83,57.6,0,D
2024Q2,Sprite,Carbonated Soft Drinks,On-Trade,Gauteng,245,53.23,27.69,13041.35,6257.3,1139.8,11901.55,60.8,1,B
2024Q4,Monster,Energy Drinks,Convenience,Western Cape,48,86.93,43.51,4172.64,2084.16,350.85,3821.79,52.7,0,B
2024Q3,Coca-Cola,Carbonated Soft Drinks,Mass Retail,KwaZulu-Natal,16,50.88,26.93,814.08,383.2,43.87,770.21,64.8,0,B
2024Q3,Monster,Energy Drinks,Mass Retail,Eastern Cape,74,99.61,60.63,7371.14,2884.52,531.07,6840.07,55.2,1,D
2024Q4,Coca-Cola,Carbonated Soft Drinks,E-Commerce,Western Cape,39,56.68,30.82,2210.52,1008.54,114.88,2095.64,68.8,1,B
2024Q3,Coca-Cola,Carbonated Soft Drinks,On-Trade,Western Cape,34,48.47,24.79,1647.98,805.12,120.08,1527.9,91.5,0,A
2024Q4,Coca-Cola,Carbonated Soft Drinks,Petrol & Travel,Western Cape,13,49.43,29.26,642.59,262.21,57.81,584.78,69.8,1,A
2024Q1,Coca-Cola,Carbonated Soft Drinks,E-Commerce,Gauteng,41,51.6,28.53,2115.6,945.87,152.44,1963.16,72.6,0,B
2024Q2,Schweppes,Mixers,Mass Retail,Gauteng,14,54.98,30.89,769.72,337.26,71.75,697.97,82.8,0,A
2024Q4,Powerplay,Energy Drinks,On-Trade,Western Cape,19,106.73,65.55,2027.87,782.42,151.69,1876.18,78.0,0,D
2024Q1,Coca-Cola,Carbonated Soft Drinks,Mass Retail,Gauteng,10,52.95,31.01,529.5,219.4,55.23,474.27,74.3,0,B
2024Q2,Sprite,Carbonated Soft Drinks,On-Trade,Gauteng,11,50.57,31.03,556.27,214.94,57.12,499.15,80.0,0,B
2024Q2,Stoney,Carbonated Soft Drinks,Convenience,Northern Cape,16,58.39,32.06,934.24,421.28,102.69,831.55,92.0,1,A
2024Q2,Sprite,Carbonated Soft Drinks,On-Trade,Gauteng,25,57.88,28.1,1447.0,744.5,156.02,1290.98,90.8,0,B
2024Q1,Fanta,Carbonated Soft Drinks,E-Commerce,Gauteng,93,51.27,30.25,4768.11,1954.86,530.25,4237.86,74.3,0,B
2024Q1,Schweppes,Mixers,Mass Retail,Free State,33,62.83,33.57,2073.39,965.58,184.63,1888.76,48.0,0,B
2024Q2,Sprite,Carbonated Soft Drinks,Convenience,Gauteng,25,57.15,30.84,1428.75,657.75,164.53,1264.22,67.7,0,C
2024Q2,Bonaqua,Water,On-Trade,Western Cape,67,31.53,17.92,2112.51,911.87,219.82,1892.69,69.0,0,C
2024Q2,Fanta,Carbonated Soft Drinks,Convenience,Western Cape,6,51.77,29.62,310.62,132.9,30.26,280.36,74.6,1,C
2024Q1,Sprite,Carbonated Soft Drinks,On-Trade,Limpopo,21,51.74,26.88,1086.54,522.06,102.0,984.54,46.0,0,A
2024Q1,Fanta,Carbonated Soft Drinks,Mass Retail,Western Cape,16,45.62,25.27,729.92,325.6,41.81,688.11,91.9,1,B
2024Q3,Coca-Cola,Carbonated Soft Drinks,Mass Retail,North West,83,51.25,29.02,4253.75,1845.09,269.63,3984.12,67.3,0,B
2024Q3,Sprite,Carbonated Soft Drinks,Wholesale,Gauteng,22,57.65,28.16,1268.3,648.78,74.79,1193.51,67.6,0,A
2024Q3,Fanta,Carbonated Soft Drinks,Wholesale,North West,11,52.57,28.94,578.27,259.93,65.98,512.29,88.2,0,B
2024Q4,Coca-Cola,Carbonated Soft Drinks,On-Trade,Gauteng,50,48.82,24.69,2441.0,1206.5,197.52,2243.48,49.9,0,D
2024Q4,Powerade,Sports Drinks,On-Trade,Gauteng,57,66.01,40.42,3762.57,1458.63,152.35,3610.22,69.6,1,B
2024Q3,Coca-Cola,Carbonated Soft Drinks,E-Commerce,Gauteng,34,55.75,27.34,1895.5,965.94,92.54,1802.96,65.3,0,D
2024Q1,Schweppes,Mixers,Wholesale,Gauteng,61,59.18,31.44,3609.98,1692.14,156.88,3453.1,96.6,1,C
2024Q1,Fanta,Carbonated Soft Drinks,On-Trade,Free State,29,52.07,25.07,1510.03,783.0,143.65,1366.38,97.0,0,B
2024Q1,Coca-Cola,Carbonated Soft Drinks,Convenience,Eastern Cape,24,50.4,28.18,1209.6,533.28,110.05,1099.55,84.2,1,C
2024Q1,Sprite,Carbonated Soft Drinks,Mass Retail,Eastern Cape,36,57.1,34.18,2055.6,825.12,171.04,1884.56,67.0,0,A
2024Q3,Fanta,Carbonated Soft Drinks,On-Trade,Western Cape,76,50.98,31.27,3874.48,1497.96,364.31,3510.17,74.1,1,C
2024Q1,Powerplay,Energy Drinks,Mass Retail,North West,20,101.95,53.29,2039.0,973.2,140.29,1898.71,67.3,1,C
2024Q1,Cappy,Juices & Nectars,Convenience,Limpopo,35,65.41,36.32,2289.35,1018.15,172.92,2116.43,78.6,0,B
2024Q4,Coca-Cola,Carbonated Soft Drinks,E-Commerce,KwaZulu-Natal,152,47.96,29.42,7289.92,2818.08,781.26,6508.66,67.6,0,C
2024Q3,Fanta,Carbonated Soft Drinks,Mass Retail,Gauteng,40,44.94,27.75,1797.6,687.6,146.44,1651.16,94.2,0,B
2024Q1,Coca-Cola,Carbonated Soft Drinks,Wholesale,Gauteng,35,49.85,25.84,1744.75,840.35,74.32,1670.43,88.5,1,B
2024Q1,Coca-Cola,Carbonated Soft Drinks,E-Commerce,Limpopo,19,55.83,28.32,1060.77,522.69,125.08,935.69,64.2,0,D
2024Q1,Coca-Cola,Carbonated Soft Drinks,On-Trade,Free State,81,60.6,36.85,4908.6,1923.75,461.19,4447.41,66.4,0,A
2024Q2,Sprite,Carbonated Soft Drinks,Mass Retail,Gauteng,38,49.55,30.38,1882.9,728.46,169.52,1713.38,88.3,0,D
2024Q1,Coca-Cola,Carbonated Soft Drinks,Convenience,KwaZulu-Natal,17,49.81,27.28,846.77,383.01,81.42,765.35,57.0,1,A
2024Q3,Bonaqua,Water,Mass Retail,KwaZulu-Natal,38,40.17,23.19,1526.46,645.24,110.07,1416.39,55.2,0,C
2024Q3,Monster,Energy Drinks,Convenience,Gauteng,23,93.34,47.48,2146.82,1054.78,137.64,2009.18,55.6,0,C
2024Q3,Coca-Cola,Carbonated Soft Drinks,On-Trade,Western Cape,67,57.84,30.9,3875.28,1804.98,436.83,3438.45,96.4,1,B
2024Q4,Fanta,Carbonated Soft Drinks,Mass Retail,Western Cape,37,43.94,21.65,1625.78,824.73,121.8,1503.98,75.8,0,C
2024Q2,Schweppes,Mixers,Mass Retail,Gauteng,49,48.2,29.61,2361.8,910.91,133.4,2228.4,79.7,1,C
2024Q1,Fanta,Carbonated Soft Drinks,Mass Retail,KwaZulu-Natal,35,47.12,23.31,1649.2,833.35,68.92,1580.28,54.1,0,B
2024Q4,Cappy,Juices & Nectars,Mass Retail,Northern Cape,15,70.31,40.33,1054.65,449.7,57.58,997.07,77.5,0,B
2024Q1,Sprite,Carbonated Soft Drinks,Mass Retail,Western Cape,17,54.38,26.96,924.46,466.14,90.73,833.73,95.0,0,B
2024Q1,Fanta,Carbonated Soft Drinks,Mass Retail,North West,71,53.21,27.5,3777.91,1825.41,164.79,3613.12,45.1,0,B
2024Q4,Schweppes,Mixers,Convenience,Limpopo,28,56.67,34.46,1586.76,621.88,81.28,1505.48,73.5,0,B
2024Q1,Coca-Cola,Carbonated Soft Drinks,Convenience,KwaZulu-Natal,15,52.44,27.51,786.6,373.95,34.69,751.91,66.0,1,C
2024Q3,Coca-Cola,Carbonated Soft Drinks,E-Commerce,North West,141,54.43,30.18,7674.63,3419.25,573.59,7101.04,65.5,0,D
2024Q1,Bonaqua,Water,E-Commerce,KwaZulu-Natal,58,37.61,22.04,2181.38,903.06,160.41,2020.97,60.8,0,B
2024Q1,Monster,Energy Drinks,Convenience,Western Cape,31,110.44,60.81,3423.64,1538.53,369.52,3054.12,57.5,0,C
2024Q3,Fanta,Carbonated Soft Drinks,Petrol & Travel,North West,23,54.23,26.58,1247.29,635.95,106.65,1140.64,74.6,0,C
2024Q3,Bonaqua,Water,Convenience,KwaZulu-Natal,33,40.96,21.64,1351.68,637.56,74.17,1277.51,45.3,0,A
2024Q2,Sprite,Carbonated Soft Drinks,E-Commerce,Mpumalanga,91,56.33,31.02,5126.03,2303.21,580.87,4545.16,78.3,0,D
2024Q2,Coca-Cola,Carbonated Soft Drinks,On-Trade,Gauteng,33,51.97,29.86,1715.01,729.63,91.96,1623.05,55.1,0,C
2024Q3,Coca-Cola,Carbonated Soft Drinks,On-Trade,Gauteng,32,49.93,26.16,1597.76,760.64,148.92,1448.84,89.5,0,B
2024Q1,Schweppes,Mixers,E-Commerce,Free State,42,57.12,33.69,2399.04,984.06,268.16,2130.88,68.3,1,A
2024Q2,Fanta,Carbonated Soft Drinks,Mass Retail,Gauteng,120,47.4,23.48,5688.0,2870.4,350.59,5337.41,47.5,0,B
2024Q3,Coca-Cola,Carbonated Soft Drinks,Mass Retail,Gauteng,48,52.84,27.12,2536.32,1234.56,242.2,2294.12,96.7,0,B
2024Q1,Monster,Energy Drinks,Mass Retail,Gauteng,25,109.13,54.65,2728.25,1362.0,262.36,2465.89,83.5,0,B
2024Q2,Schweppes,Mixers,Mass Retail,Gauteng,15,55.09,30.92,826.35,362.55,65.03,761.32,83.6,0,B
2024Q2,Cappy,Juices & Nectars,Mass Retail,Western Cape,12,61.57,31.38,738.84,362.28,45.26,693.58,50.0,0,B
2024Q1,Coca-Cola,Carbonated Soft Drinks,On-Trade,Gauteng,17,56.84,32.6,966.28,412.08,94.07,872.21,75.8,0,C
2024Q3,Coca-Cola,Carbonated Soft Drinks,Convenience,Western Cape,22,48.06,24.23,1057.32,524.26,93.15,964.17,82.7,0,A
2024Q3,Stoney,Carbonated Soft Drinks,Mass Retail,KwaZulu-Natal,151,61.54,33.17,9292.54,4283.87,1006.58,8285.96,85.9,1,D
2024Q1,Coca-Cola,Carbonated Soft Drinks,E-Commerce,Free State,11,54.57,30.45,600.27,265.32,69.96,530.31,91.6,0,B
2024Q1,Sprite,Carbonated Soft Drinks,Mass Retail,Western Cape,15,51.94,28.8,779.1,347.1,38.28,740.82,74.1,1,A
2024Q4,Coca-Cola,Carbonated Soft Drinks,Convenience,Free State,13,49.17,30.29,639.21,245.44,62.76,576.45,63.5,1,A
2024Q3,Sprite,Carbonated Soft Drinks,Mass Retail,Gauteng,10,55.76,30.95,557.6,248.1,59.57,498.03,77.6,0,B
2024Q3,Sprite,Carbonated Soft Drinks,On-Trade,Western Cape,61,55.7,34.0,3397.7,1323.7,275.27,3122.43,61.2,0,B
2024Q1,Coca-Cola,Carbonated Soft Drinks,Mass Retail,North West,49,47.32,26.03,2318.68,1043.21,111.91,2206.77,55.5,0,A
2024Q3,Coca-Cola,Carbonated Soft Drinks,Mass Retail,KwaZulu-Natal,37,56.04,32.25,2073.48,880.23,139.18,1934.3,75.3,0,D
2024Q2,Sprite,Carbonated Soft Drinks,On-Trade,KwaZulu-Natal,23,56.01,30.75,1288.23,580.98,82.03,1206.2,62.3,0,B
2024Q2,Powerade,Sports Drinks,Mass Retail,Gauteng,21,62.32,34.36,1308.72,587.16,142.71,1166.01,67.1,0,B
2024Q1,Powerade,Sports Drinks,On-Trade,Eastern Cape,23,71.83,38.43,1652.09,768.2,113.21,1538.88,89.1,1,C
2024Q4,Fanta,Carbonated Soft Drinks,Mass Retail,Western Cape,79,45.35,25.36,3582.65,1579.21,268.35,3314.3,73.6,1,B
2024Q3,Coca-Cola,Carbonated Soft Drinks,On-Trade,Mpumalanga,34,40.33,24.45,1371.22,539.92,83.46,1287.76,91.0,0,A
2024Q1,Cappy,Juices & Nectars,Convenience,Western Cape,24,70.67,36.47,1696.08,820.8,119.6,1576.48,63.9,0,C
2024Q1,Sprite,Carbonated Soft Drinks,Petrol & Travel,Western Cape,74,48.66,24.48,3600.84,1789.32,387.73,3213.11,88.1,0,B
2024Q2,Fanta,Carbonated Soft Drinks,Wholesale,KwaZulu-Natal,23,52.49,25.32,1207.27,624.91,108.09,1099.18,69.3,0,B
2024Q2,Sprite,Carbonated Soft Drinks,On-Trade,Free State,92,58.28,28.66,5361.76,2725.04,283.41,5078.35,83.9,0,D
2024Q2,Coca-Cola,Carbonated Soft Drinks,Wholesale,KwaZulu-Natal,7,49.85,28.17,348.95,151.76,19.13,329.82,78.2,1,B
2024Q4,Cappy,Juices & Nectars,Mass Retail,Gauteng,28,64.3,32.94,1800.4,878.08,200.06,1600.34,47.9,1,B
2024Q2,Powerade,Sports Drinks,On-Trade,KwaZulu-Natal,13,82.54,40.15,1073.02,551.07,43.54,1029.48,97.4,0,C
2024Q3,Powerplay,Energy Drinks,Mass Retail,Gauteng,22,89.23,46.16,1963.06,947.54,132.68,1830.38,79.4,0,C
2024Q1,Stoney,Carbonated Soft Drinks,Convenience,Gauteng,45,57.9,28.78,2605.5,1310.4,149.03,2456.47,47.0,1,C
2024Q4,Coca-Cola,Carbonated Soft Drinks,Mass Retail,Gauteng,31,55.5,27.24,1720.5,876.06,200.92,1519.58,91.6,0,D
2024Q3,Sprite,Carbonated Soft Drinks,Convenience,KwaZulu-Natal,49,59.29,35.68,2905.21,1156.89,301.42,2603.79,63.4,0,A
2024Q1,Powerplay,Energy Drinks,Wholesale,KwaZulu-Natal,16,98.18,48.61,1570.88,793.12,180.35,1390.53,60.4,0,D
2024Q4,Coca-Cola,Carbonated Soft Drinks,E-Commerce,Western Cape,47,51.57,27.17,2423.79,1146.8,247.91,2175.88,90.3,0,D
2024Q4,Schweppes,Mixers,E-Commerce,Western Cape,100,54.22,32.96,5422.0,2126.0,544.34,4877.66,57.0,0,C
2024Q1,Cappy,Juices & Nectars,On-Trade,KwaZulu-Natal,92,56.75,33.85,5221.0,2106.8,287.53,4933.47,86.6,0,A
2024Q4,Coca-Cola,Carbonated Soft Drinks,On-Trade,KwaZulu-Natal,86,50.83,24.54,4371.38,2260.94,214.09,4157.29,97.5,0,B
2024Q1,Sprite,Carbonated Soft Drinks,Convenience,KwaZulu-Natal,93,52.21,29.87,4855.53,2077.62,419.95,4435.58,73.1,0,A
2024Q4,Sprite,Carbonated Soft Drinks,Mass Retail,Western Cape,25,48.6,24.39,1215.0,605.25,106.53,1108.47,58.3,0,B
2024Q1,Sprite,Carbonated Soft Drinks,E-Commerce,North West,22,55.25,27.23,1215.5,616.44,115.32,1100.18,67.7,0,C
2024Q3,Cappy,Juices & Nectars,Petrol & Travel,Gauteng,17,68.07,40.12,1157.19,475.15,138.08,1019.11,73.2,0,B
2024Q1,Schweppes,Mixers,Mass Retail,Gauteng,24,50.33,30.19,1207.92,483.36,64.5,1143.42,59.1,0,B
2024Q3,Sprite,Carbonated Soft Drinks,Mass Retail,Gauteng,16,61.81,37.7,988.96,385.76,47.03,941.93,64.7,0,D
2024Q2,Cappy,Juices & Nectars,Wholesale,KwaZulu-Natal,56,60.56,30.46,3391.36,1685.6,150.84,3240.52,51.4,0,A
2024Q1,Fanta,Carbonated Soft Drinks,Convenience,Gauteng,101,51.03,26.87,5154.03,2440.16,450.53,4703.5,71.2,0,D
2024Q1,Fanta,Carbonated Soft Drinks,E-Commerce,Gauteng,65,53.71,26.13,3491.15,1792.7,293.16,3197.99,69.8,0,B
2024Q4,Coca-Cola,Carbonated Soft Drinks,Wholesale,Western Cape,16,48.19,25.91,771.04,356.48,45.85,725.19,51.8,0,B
2024Q1,Monster,Energy Drinks,Mass Retail,Gauteng,80,112.71,67.22,9016.8,3639.2,564.12,8452.68,74.0,1,B
2024Q3,Sprite,Carbonated Soft Drinks,Mass Retail,Limpopo,28,58.82,31.48,1646.96,765.52,105.77,1541.19,69.4,1,C
2024Q2,Coca-Cola,Carbonated Soft Drinks,Convenience,Gauteng,87,49.92,29.79,4343.04,1751.31,279.41,4063.63,69.9,0,C
2024Q1,Coca-Cola,Carbonated Soft Drinks,Convenience,Gauteng,57,47.54,26.7,2709.78,1187.88,228.26,2481.52,90.5,1,C
2024Q3,Coca-Cola,Carbonated Soft Drinks,Wholesale,Western Cape,50,43.35,25.73,2167.5,881.0,124.23,2043.27,87.6,0,A
2024Q1,Fanta,Carbonated Soft Drinks,E-Commerce,KwaZulu-Natal,53,47.22,23.27,2502.66,1269.35,203.17,2299.49,48.4,0,A
2024Q2,Fanta,Carbonated Soft Drinks,Wholesale,Gauteng,84,58.52,31.4,4915.68,2278.08,365.35,4550.33,57.0,0,B
2024Q3,Coca-Cola,Carbonated Soft Drinks,E-Commerce,Eastern Cape,34,55.14,30.62,1874.76,833.68,192.08,1682.68,61.7,0,A
2024Q2,Schweppes,Mixers,Mass Retail,Western Cape,33,57.66,28.92,1902.78,948.42,96.39,1806.39,55.8,0,A
2024Q2,Coca-Cola,Carbonated Soft Drinks,On-Trade,Gauteng,23,45.87,27.93,1055.01,412.62,116.4,938.61,69.2,0,A
2024Q2,Stoney,Carbonated Soft Drinks,On-Trade,KwaZulu-Natal,9,61.27,29.86,551.43,282.69,63.49,487.94,54.9,1,B
2024Q3,Sprite,Carbonated Soft Drinks,On-Trade,Gauteng,15,41.05,19.81,615.75,318.6,31.92,583.83,65.0,0,C
2024Q4,Powerplay,Energy Drinks,On-Trade,Western Cape,23,95.84,53.48,2204.32,974.28,244.87,1959.45,62.3,1,B
2024Q3,Fanta,Carbonated Soft Drinks,Mass Retail,Gauteng,126,49.75,24.65,6268.5,3162.6,463.71,5804.79,45.9,1,B
2024Q2,Sprite,Carbonated Soft Drinks,Mass Retail,Western Cape,7,54.66,32.7,382.62,153.72,33.74,348.88,69.1,0,B
2024Q2,Coca-Cola,Carbonated Soft Drinks,Mass Retail,KwaZulu-Natal,20,52.01,31.47,1040.2,410.8,124.68,915.52,54.6,1,C
2024Q4,Sprite,Carbonated Soft Drinks,E-Commerce,Western Cape,45,51.37,29.41,2311.65,988.2,249.27,2062.38,84.8,0,C
2024Q4,Coca-Cola,Carbonated Soft Drinks,Mass Retail,Gauteng,115,55.91,30.85,6429.65,2881.9,501.85,5927.8,79.2,0,A
2024Q4,Cappy,Juices & Nectars,Mass Retail,Gauteng,89,75.3,43.73,6701.7,2809.73,612.7,6089.0,72.5,0,C
2024Q4,Sprite,Carbonated Soft Drinks,Mass Retail,Gauteng,9,54.01,25.94,486.09,252.63,41.22,444.87,76.3,0,C
2024Q4,Coca-Cola,Carbonated Soft Drinks,E-Commerce,Gauteng,12,45.23,22.99,542.76,266.88,24.77,517.99,86.0,1,A
2024Q1,Powerplay,Energy Drinks,Convenience,Eastern Cape,117,116.42,63.56,13621.14,6184.62,1499.8,12121.34,68.5,0,D
2024Q1,Schweppes,Mixers,Mass Retail,KwaZulu-Natal,26,55.06,33.92,1431.56,549.64,121.23,1310.33,64.8,0,D
2024Q3,Coca-Cola,Carbonated Soft Drinks,Convenience,Eastern Cape,7,50.01,30.59,350.07,135.94,37.79,312.28,89.7,0,D
2024Q2,Cappy,Juices & Nectars,On-Trade,KwaZulu-Natal,21,69.6,38.99,1461.6,642.81,173.5,1288.1,60.4,0,B
2024Q2,Coca-Cola,Carbonated Soft Drinks,Mass Retail,Western Cape,20,51.97,30.5,1039.4,429.4,55.59,983.81,78.5,1,B
2024Q2,Coca-Cola,Carbonated Soft Drinks,Convenience,Western Cape,30,52.92,27.08,1587.6,775.2,79.91,1507.69,95.1,0,D
2024Q1,Coca-Cola,Carbonated Soft Drinks,Mass Retail,North West,33,59.12,32.31,1950.96,884.73,95.21,1855.75,74.7,1,B
2024Q1,Cappy,Juices & Nectars,Mass Retail,Gauteng,13,65.37,38.56,849.81,348.53,42.29,807.52,55.0,1,A
2024Q1,Cappy,Juices & Nectars,Mass Retail,Gauteng,104,68.38,35.83,7111.52,3385.2,332.63,6778.89,69.6,0,C
2024Q3,Sprite,Carbonated Soft Drinks,Convenience,Free State,19,52.34,32.06,994.46,385.32,115.69,878.77,97.5,0,C
2024Q4,Coca-Cola,Carbonated Soft Drinks,Convenience,KwaZulu-Natal,21,49.55,26.14,1040.55,491.61,68.1,972.45,95.7,0,A
2024Q1,Cappy,Juices & Nectars,Convenience,Mpumalanga,17,70.02,42.53,1190.34,467.33,126.45,1063.89,53.7,0,C
2024Q3,Cappy,Juices & Nectars,Mass Retail,KwaZulu-Natal,24,65.75,37.61,1578.0,675.36,145.66,1432.34,50.0,0,C
2024Q4,Sprite,Carbonated Soft Drinks,E-Commerce,Gauteng,16,58.44,28.7,935.04,475.84,58.11,876.93,58.2,1,A
2024Q3,Coca-Cola,Carbonated Soft Drinks,On-Trade,Western Cape,42,46.55,24.48,1955.1,926.94,206.51,1748.59,54.7,0,B
2024Q3,Coca-Cola,Carbonated Soft Drinks,Convenience,Gauteng,32,50.66,24.71,1621.12,830.4,191.65,1429.47,86.9,0,D
2024Q4,Fanta,Carbonated Soft Drinks,Mass Retail,Gauteng,38,46.86,27.47,1780.68,736.82,98.4,1682.28,75.1,0,C
2024Q4,Bonaqua,Water,E-Commerce,KwaZulu-Natal,57,42.36,25.55,2414.52,958.17,277.7,2136.82,66.5,0,A
2024Q3,Powerade,Sports Drinks,Convenience,Gauteng,56,72.73,45.05,4072.88,1550.08,167.37,3905.51,63.8,0,B
2024Q1,Coca-Cola,Carbonated Soft Drinks,Mass Retail,Gauteng,16,48.99,28.38,783.84,329.76,36.67,747.17,84.3,0,A
2024Q2,Coca-Cola,Carbonated Soft Drinks,Wholesale,Western Cape,16,48.51,27.56,776.16,335.2,78.37,697.79,91.5,0,A
2024Q2,Sprite,Carbonated Soft Drinks,E-Commerce,Western Cape,35,57.47,34.9,2011.45,789.95,210.56,1800.89,92.4,1,A
2024Q2,Sprite,Carbonated Soft Drinks,Convenience,Eastern Cape,32,57.69,34.14,1846.08,753.6,92.63,1753.45,66.0,1,A
2024Q3,Stoney,Carbonated Soft Drinks,On-Trade,Limpopo,19,57.88,34.31,1099.72,447.83,44.8,1054.92,61.6,1,C
2024Q3,Cappy,Juices & Nectars,E-Commerce,KwaZulu-Natal,9,69.79,36.03,628.11,303.84,49.66,578.45,79.6,1,D
2024Q1,Coca-Cola,Carbonated Soft Drinks,Convenience,Western Cape,21,49.12,30.27,1031.52,395.85,74.03,957.49,76.7,1,D
2024Q1,Sprite,Carbonated Soft Drinks,Mass Retail,Gauteng,17,55.29,26.81,939.93,484.16,72.84,867.09,66.1,1,A
2024Q1,Cappy,Juices & Nectars,Mass Retail,Western Cape,121,59.58,36.63,7209.18,2776.95,767.94,6441.24,69.6,0,A
2024Q4,Sprite,Carbonated Soft Drinks,Mass Retail,Free State,34,50.56,26.24,1719.04,826.88,90.93,1628.11,67.6,1,A
2024Q1,Powerplay,Energy Drinks,Convenience,Gauteng,23,124.53,69.03,2864.19,1276.5,148.11,2716.08,52.4,0,B
2024Q3,Coca-Cola,Carbonated Soft Drinks,Wholesale,KwaZulu-Natal,57,50.36,24.68,2870.52,1463.76,315.96,2554.56,72.8,0,B
2024Q2,Sprite,Carbonated Soft Drinks,On-Trade,Gauteng,13,50.73,26.52,659.49,314.73,73.06,586.43,83.4,0,C
2024Q4,Bonaqua,Water,Convenience,KwaZulu-Natal,19,42.95,24.33,816.05,353.78,62.68,753.37,86.5,0,B
2024Q2,Bonaqua,Water,Wholesale,Eastern Cape,65,41.41,22.21,2691.65,1248.0,122.01,2569.64,72.4,0,A
2024Q2,Stoney,Carbonated Soft Drinks,Convenience,Gauteng,43,60.3,33.04,2592.9,1172.18,200.42,2392.48,79.7,1,A
2024Q2,Coca-Cola,Carbonated Soft Drinks,Petrol & Travel,Gauteng,41,51.31,29.44,2103.71,896.67,86.41,2017.3,55.8,0,A
2024Q4,Coca-Cola,Carbonated Soft Drinks,Convenience,Gauteng,53,54.0,28.13,2862.0,1371.11,327.65,2534.35,74.3,0,B
2024Q3,Coca-Cola,Carbonated Soft Drinks,On-Trade,Limpopo,15,53.06,32.62,795.9,306.6,39.66,756.24,58.5,0,B
2024Q4,Bonaqua,Water,Mass Retail,Free State,79,41.62,22.98,3287.98,1472.56,230.68,3057.3,93.9,1,B
2024Q3,Coca-Cola,Carbonated Soft Drinks,On-Trade,Western Cape,23,54.26,32.49,1247.98,500.71,63.82,1184.16,75.8,0,B
2024Q1,Schweppes,Mixers,Mass Retail,KwaZulu-Natal,125,56.52,33.5,7065.0,2877.5,698.87,6366.13,94.0,0,C
2024Q4,Coca-Cola,Carbonated Soft Drinks,Mass Retail,Gauteng,20,50.26,28.05,1005.2,444.2,55.08,950.12,47.1,1,B
2024Q4,Cappy,Juices & Nectars,On-Trade,Gauteng,42,73.17,38.79,3073.14,1443.96,342.77,2730.37,48.7,0,A
2024Q2,Coca-Cola,Carbonated Soft Drinks,Mass Retail,Gauteng,12,53.82,30.95,645.84,274.44,65.28,580.56,67.8,0,A
2024Q1,Sprite,Carbonated Soft Drinks,Mass Retail,Gauteng,22,52.11,25.69,1146.42,581.24,65.2,1081.22,57.7,0,A
2024Q3,Cappy,Juices & Nectars,Convenience,Western Cape,29,62.71,34.77,1818.59,810.26,203.49,1615.1,97.9,0,B
2024Q4,Coca-Cola,Carbonated Soft Drinks,On-Trade,Western Cape,28,48.91,27.9,1369.48,588.28,93.2,1276.28,59.5,0,C
2024Q1,Sprite,Carbonated Soft Drinks,E-Commerce,Gauteng,60,59.46,36.57,3567.6,1373.4,408.34,3159.26,85.4,0,C
2024Q3,Monster,Energy Drinks,Petrol & Travel,North West,39,98.54,57.86,3843.06,1586.52,429.09,3413.97,86.9,1,C
2024Q3,Monster,Energy Drinks,On-Trade,Western Cape,8,119.94,57.73,959.52,497.68,53.75,905.77,51.0,0,C
2024Q1,Fanta,Carbonated Soft Drinks,Convenience,Western Cape,16,46.1,28.32,737.6,284.48,51.87,685.73,45.5,0,C
2024Q4,Monster,Energy Drinks,E-Commerce,Western Cape,37,104.53,52.95,3867.61,1908.46,266.48,3601.13,90.7,0,A
2024Q4,Fanta,Carbonated Soft Drinks,Petrol & Travel,North West,33,53.49,28.66,1765.17,819.39,176.57,1588.6,48.9,1,B
2024Q3,Bonaqua,Water,Petrol & Travel,Gauteng,28,47.4,28.0,1327.2,543.2,150.37,1176.83,65.6,0,B
2024Q3,Coca-Cola,Carbonated Soft Drinks,Mass Retail,Gauteng,45,52.03,31.03,2341.35,945.0,264.43,2076.92,58.5,0,D
2024Q3,Fanta,Carbonated Soft Drinks,Mass Retail,Gauteng,16,47.34,28.98,757.44,293.76,31.47,725.97,96.2,1,B
2024Q3,Sprite,Carbonated Soft Drinks,Petrol & Travel,KwaZulu-Natal,20,58.98,31.21,1179.6,555.4,67.64,1111.96,76.0,0,B
2024Q4,Powerade,Sports Drinks,E-Commerce,Limpopo,91,65.66,39.68,5975.06,2364.18,356.02,5619.04,75.4,0,D
2024Q1,Schweppes,Mixers,Convenience,Western Cape,18,49.91,27.62,898.38,401.22,45.63,852.75,46.4,1,A
2024Q2,Coca-Cola,Carbonated Soft Drinks,Wholesale,Gauteng,19,52.83,26.76,1003.77,495.33,67.28,936.49,49.1,1,C
2024Q1,Coca-Cola,Carbonated Soft Drinks,Convenience,Free State,12,58.52,33.6,702.24,299.04,61.16,641.08,56.8,0,B
2024Q3,Stoney,Carbonated Soft Drinks,Mass Retail,Limpopo,95,59.5,31.94,5652.5,2618.2,671.37,4981.13,85.8,0,D
2024Q3,Coca-Cola,Carbonated Soft Drinks,On-Trade,Gauteng,3,58.7,34.38,176.1,72.96,19.45,156.65,96.1,0,C
2024Q3,Coca-Cola,Carbonated Soft Drinks,Petrol & Travel,Eastern Cape,20,54.59,30.37,1091.8,484.4,59.38,1032.42,63.4,0,B
2024Q1,Bonaqua,Water,Convenience,Free State,44,37.19,20.94,1636.36,715.0,81.26,1555.1,62.3,0,A
2024Q1,Cappy,Juices & Nectars,Convenience,Eastern Cape,50,63.95,39.4,3197.5,1227.5,182.84,3014.66,54.9,0,A
2024Q4,Coca-Cola,Carbonated Soft Drinks,On-Trade,KwaZulu-Natal,16,56.04,27.06,896.64,463.68,74.69,821.95,95.7,0,A
2024Q3,Cappy,Juices & Nectars,E-Commerce,Gauteng,47,66.46,38.36,3123.62,1320.7,304.66,2818.96,74.8,0,B
2024Q1,Coca-Cola,Carbonated Soft Drinks,Convenience,Free State,56,53.33,30.82,2986.48,1260.56,295.09,2691.39,60.4,0,B
2024Q1,Sprite,Carbonated Soft Drinks,Mass Retail,Gauteng,18,59.69,33.35,1074.42,474.12,64.41,1010.01,88.3,1,A
2024Q1,Fanta,Carbonated Soft Drinks,Petrol & Travel,Eastern Cape,44,54.7,27.69,2406.8,1188.44,200.64,2206.16,60.0,0,A
2024Q2,Sprite,Carbonated Soft Drinks,Mass Retail,Eastern Cape,21,54.56,33.72,1145.76,437.64,48.72,1097.04,80.1,0,B
2024Q2,Stoney,Carbonated Soft Drinks,Wholesale,Limpopo,11,66.09,37.96,726.99,309.43,71.49,655.5,81.6,1,B
2024Q3,Sprite,Carbonated Soft Drinks,Mass Retail,Gauteng,11,59.4,28.75,653.4,337.15,47.82,605.58,68.0,0,B
2024Q3,Monster,Energy Drinks,Mass Retail,Gauteng,14,121.03,63.44,1694.42,806.26,75.98,1618.44,81.4,0,B
2024Q3,Sprite,Carbonated Soft Drinks,Mass Retail,Western Cape,95,51.06,28.35,4850.7,2157.45,376.12,4474.58,72.1,0,B
2024Q2,Schweppes,Mixers,Convenience,KwaZulu-Natal,11,61.76,30.86,679.36,339.9,35.69,643.67,78.9,0,A
2024Q2,Monster,Energy Drinks,Convenience,Western Cape,12,108.25,63.43,1299.0,537.84,138.47,1160.53,91.7,0,D
2024Q3,Sprite,Carbonated Soft Drinks,On-Trade,KwaZulu-Natal,24,56.16,30.86,1347.84,607.2,104.88,1242.96,61.5,0,A
2024Q3,Stoney,Carbonated Soft Drinks,Convenience,Free State,22,54.69,32.18,1203.18,495.22,51.06,1152.12,80.7,0,A
2024Q1,Cappy,Juices & Nectars,Mass Retail,Western Cape,64,57.63,28.29,3688.32,1877.76,223.62,3464.7,50.0,0,D
2024Q4,Fanta,Carbonated Soft Drinks,On-Trade,Western Cape,25,53.45,29.86,1336.25,589.75,99.78,1236.47,69.3,0,B
2024Q1,Sprite,Carbonated Soft Drinks,Convenience,KwaZulu-Natal,68,48.94,26.37,3327.92,1534.76,149.4,3178.52,70.9,0,B
2024Q2,Coca-Cola,Carbonated Soft Drinks,Convenience,Mpumalanga,47,49.57,28.82,2329.79,975.25,198.5,2131.29,69.8,0,B
2024Q3,Coca-Cola,Carbonated Soft Drinks,On-Trade,Gauteng,56,54.43,32.32,3048.08,1238.16,278.65,2769.43,69.3,0,B
2024Q4,Sprite,Carbonated Soft Drinks,Mass Retail,Gauteng,55,53.67,28.68,2951.85,1374.45,146.2,2805.65,49.3,1,B
2024Q2,Stoney,Carbonated Soft Drinks,E-Commerce,Western Cape,31,51.73,29.91,1603.63,676.42,190.69,1412.94,68.4,0,B
2024Q3,Sprite,Carbonated Soft Drinks,Mass Retail,KwaZulu-Natal,290,62.02,34.27,17985.8,8047.5,732.06,17253.74,45.1,1,A
2024Q1,Bonaqua,Water,Mass Retail,North West,42,38.49,19.58,1616.58,794.22,180.37,1436.21,94.2,0,B
2024Q1,Cappy,Juices & Nectars,Petrol & Travel,Western Cape,30,67.83,37.4,2034.9,912.9,109.96,1924.94,87.7,0,A
2024Q2,Coca-Cola,Carbonated Soft Drinks,Mass Retail,KwaZulu-Natal,27,56.76,33.27,1532.52,634.23,73.26,1459.26,47.1,0,D
2024Q1,Fanta,Carbonated Soft Drinks,Mass Retail,KwaZulu-Natal,93,49.73,29.56,4624.89,1875.81,523.9,4100.99,60.8,0,D
2024Q4,Coca-Cola,Carbonated Soft Drinks,E-Commerce,Free State,89,50.95,27.83,4534.55,2057.68,482.22,4052.33,83.7,1,B
2024Q2,Sprite,Carbonated Soft Drinks,On-Trade,Gauteng,25,58.12,31.97,1453.0,653.75,107.21,1345.79,54.1,0,B
2024Q1,Coca-Cola,Carbonated Soft Drinks,Mass Retail,Gauteng,21,49.64,25.13,1042.44,514.71,82.48,959.96,87.3,0,C
2024Q1,Coca-Cola,Carbonated Soft Drinks,On-Trade,Eastern Cape,41,55.39,31.93,2270.99,961.86,212.13,2058.86,68.8,0,B
2024Q2,Coca-Cola,Carbonated Soft Drinks,Convenience,KwaZulu-Natal,18,55.28,32.48,995.04,410.4,40.81,954.23,56.5,1,D
2024Q1,Schweppes,Mixers,E-Commerce,KwaZulu-Natal,58,60.9,36.17,3532.2,1434.34,142.55,3389.65,71.6,0,B
2024Q3,Coca-Cola,Carbonated Soft Drinks,Wholesale,Western Cape,46,47.94,23.58,2205.24,1120.56,120.2,2085.04,70.2,0,C
2024Q4,Cappy,Juices & Nectars,E-Commerce,Western Cape,25,65.0,33.06,1625.0,798.5,96.03,1528.97,57.0,0,B
2024Q1,Sprite,Carbonated Soft Drinks,On-Trade,Northern Cape,17,64.0,37.67,1088.0,447.61,106.13,981.87,51.7,1,A
2024Q3,Schweppes,Mixers,E-Commerce,Western Cape,84,65.75,40.64,5523.0,2109.24,612.8,4910.2,66.8,0,B
2024Q1,Coca-Cola,Carbonated Soft Drinks,On-Trade,Western Cape,17,50.07,25.0,851.19,426.19,43.06,808.13,51.0,1,B
2024Q4,Coca-Cola,Carbonated Soft Drinks,Mass Retail,Gauteng,39,52.17,27.76,2034.63,951.99,155.87,1878.76,62.2,1,A
2024Q3,Sprite,Carbonated Soft Drinks,Mass Retail,Gauteng,27,50.37,25.49,1359.99,671.76,93.99,1266.0,51.8,0,B
2024Q4,Cappy,Juices & Nectars,Mass Retail,North West,16,59.86,29.52,957.76,485.44,71.11,886.65,97.1,0,A
2024Q1,Sprite,Carbonated Soft Drinks,Convenience,Gauteng,68,57.17,28.05,3887.56,1980.16,299.44,3588.12,97.4,0,B
2024Q1,Cappy,Juices & Nectars,On-Trade,Western Cape,44,70.55,41.38,3104.2,1283.48,254.09,2850.11,94.0,0,A
2024Q1,Coca-Cola,Carbonated Soft Drinks,Convenience,KwaZulu-Natal,47,55.82,29.17,2623.54,1252.55,112.42,2511.12,94.6,0,B
2024Q3,Bonaqua,Water,Convenience,Eastern Cape,17,38.91,23.2,661.47,267.07,70.73,590.74,88.2,0,B
2024Q4,Cappy,Juices & Nectars,Mass Retail,Free State,10,61.65,29.67,616.5,319.8,65.77,550.73,49.6,0,B
2024Q3,Cappy,Juices & Nectars,On-Trade,Free State,493,69.62,42.45,34322.66,13394.81,1459.72,32862.94,86.0,1,A
2024Q1,Coca-Cola,Carbonated Soft Drinks,Convenience,Eastern Cape,31,49.88,24.38,1546.28,790.5,159.47,1386.81,73.1,1,A
2024Q2,Coca-Cola,Carbonated Soft Drinks,Wholesale,KwaZulu-Natal,36,50.12,29.71,1804.32,734.76,135.37,1668.95,74.4,0,B
2024Q4,Schweppes,Mixers,Wholesale,Western Cape,11,59.81,33.84,657.91,285.67,59.38,598.53,83.9,0,B
2024Q3,Coca-Cola,Carbonated Soft Drinks,Convenience,Western Cape,34,54.64,31.37,1857.76,791.18,89.09,1768.67,65.2,0,B
2024Q3,Coca-Cola,Carbonated Soft Drinks,Mass Retail,Free State,16,52.43,32.48,838.88,319.2,93.77,745.11,46.1,0,A
2024Q1,Sprite,Carbonated Soft Drinks,Mass Retail,Western Cape,27,58.25,33.83,1572.75,659.34,118.54,1454.21,79.7,0,B
2024Q2,Sprite,Carbonated Soft Drinks,Mass Retail,Eastern Cape,17,47.41,23.72,805.97,402.73,85.83,720.14,63.5,0,A
2024Q4,Fanta,Carbonated Soft Drinks,Mass Retail,Gauteng,32,53.95,30.01,1726.4,766.08,201.16,1525.24,92.0,1,B
2024Q2,Coca-Cola,Carbonated Soft Drinks,Petrol & Travel,KwaZulu-Natal,48,51.91,27.62,2491.68,1165.92,173.73,2317.95,55.3,1,D
2024Q4,Powerplay,Energy Drinks,Wholesale,Free State,65,115.04,70.83,7477.6,2873.65,761.77,6715.83,57.9,1,A
2024Q1,Coca-Cola,Carbonated Soft Drinks,Mass Retail,KwaZulu-Natal,53,50.86,28.58,2695.58,1180.84,154.16,2541.42,92.1,0,B
2024Q3,Powerade,Sports Drinks,Mass Retail,Mpumalanga,50,54.54,33.16,2727.0,1069.0,321.43,2405.57,58.9,1,B
2024Q1,Coca-Cola,Carbonated Soft Drinks,Petrol & Travel,Gauteng,36,48.68,23.46,1752.48,907.92,127.85,1624.63,48.9,0,C
2024Q3,Sprite,Carbonated Soft Drinks,Mass Retail,Gauteng,19,50.58,30.44,961.02,382.66,95.81,865.21,56.6,1,D
2024Q1,Schweppes,Mixers,Convenience,Eastern Cape,17,64.31,37.77,1093.27,451.18,82.68,1010.59,63.3,0,B
2024Q2,Sprite,Carbonated Soft Drinks,E-Commerce,Western Cape,45,56.47,27.5,2541.15,1303.65,208.19,2332.96,46.7,0,B
2024Q3,Schweppes,Mixers,On-Trade,Mpumalanga,26,61.2,37.37,1591.2,619.58,143.92,1447.28,94.5,0,B
2024Q2,Sprite,Carbonated Soft Drinks,Mass Retail,Western Cape,27,53.85,28.82,1453.95,675.81,77.94,1376.01,71.2,0,B
2024Q1,Sprite,Carbonated Soft Drinks,E-Commerce,KwaZulu-Natal,31,57.87,34.14,1793.97,735.63,206.94,1587.03,91.5,1,A
2024Q3,Coca-Cola,Carbonated Soft Drinks,Mass Retail,Gauteng,5,51.79,27.76,258.95,120.15,17.83,241.12,88.8,0,C
2024Q3,Schweppes,Mixers,Convenience,Western Cape,44,57.42,28.04,2526.48,1292.72,199.68,2326.8,86.0,1,B
2024Q3,Sprite,Carbonated Soft Drinks,On-Trade,Western Cape,10,58.0,34.88,580.0,231.2,38.38,541.62,62.4,0,B
2024Q2,Sprite,Carbonated Soft Drinks,Convenience,Eastern Cape,20,51.58,27.77,1031.6,476.2,70.45,961.15,72.8,0,B
2024Q1,Coca-Cola,Carbonated Soft Drinks,Convenience,Western Cape,153,55.47,29.02,8486.91,4046.85,425.31,8061.6,85.3,0,B
2024Q3,Fanta,Carbonated Soft Drinks,Mass Retail,Gauteng,20,44.0,24.19,880.0,396.2,72.75,807.25,80.0,1,B
2024Q2,Cappy,Juices & Nectars,Convenience,Western Cape,27,67.52,36.84,1823.04,828.36,193.63,1629.41,68.9,1,B
2024Q1,Coca-Cola,Carbonated Soft Drinks,Convenience,Western Cape,22,57.95,29.31,1274.9,630.08,147.01,1127.89,73.2,0,C
2024Q4,Coca-Cola,Carbonated Soft Drinks,E-Commerce,Northern Cape,11,46.92,29.0,516.12,197.12,42.19,473.93,52.5,1,D
2024Q1,Coca-Cola,Carbonated Soft Drinks,On-Trade,Free State,20,51.93,28.29,1038.6,472.8,76.35,962.25,86.3,0,B
2024Q2,Coca-Cola,Carbonated Soft Drinks,Mass Retail,Gauteng,17,52.77,30.75,897.09,374.34,107.27,789.82,88.4,0,C
2024Q3,Powerade,Sports Drinks,Petrol & Travel,KwaZulu-Natal,90,67.12,41.01,6040.8,2349.9,719.68,5321.12,66.0,0,C
2024Q3,Sprite,Carbonated Soft Drinks,On-Trade,Gauteng,22,52.43,25.82,1153.46,585.42,71.21,1082.25,85.7,0,B
2024Q3,Schweppes,Mixers,On-Trade,KwaZulu-Natal,53,63.11,34.83,3344.83,1498.84,323.43,3021.4,65.7,0,B
2024Q4,Fanta,Carbonated Soft Drinks,Mass Retail,Western Cape,85,54.29,30.13,4614.65,2053.6,511.39,4103.26,58.4,0,B
2024Q4,Bonaqua,Water,Mass Retail,Limpopo,32,45.34,27.41,1450.88,573.76,98.24,1352.64,64.6,0,B
2024Q2,Fanta,Carbonated Soft Drinks,Mass Retail,Western Cape,94,38.4,20.22,3609.6,1708.92,224.28,3385.32,79.8,1,C
2024Q4,Coca-Cola,Carbonated Soft Drinks,On-Trade,Western Cape,41,53.66,27.19,2200.06,1085.27,210.15,1989.91,76.9,1,B
2024Q1,Schweppes,Mixers,On-Trade,Gauteng,20,50.13,28.97,1002.6,423.2,91.33,911.27,73.2,0,B
2024Q2,Cappy,Juices & Nectars,Wholesale,Western Cape,54,74.19,43.79,4006.26,1641.6,267.38,3738.88,91.7,0,A
2024Q1,Schweppes,Mixers,On-Trade,North West,38,63.28,32.31,2404.64,1176.86,200.53,2204.11,64.7,0,C
2024Q2,Powerplay,Energy Drinks,On-Trade,KwaZulu-Natal,90,107.69,61.91,9692.1,4120.2,918.46,8773.64,56.5,0,C
2024Q2,Coca-Cola,Carbonated Soft Drinks,Convenience,Limpopo,46,54.14,28.49,2490.44,1179.9,206.33,2284.11,52.3,0,B
2024Q1,Stoney,Carbonated Soft Drinks,Mass Retail,Gauteng,37,54.21,30.94,2005.77,860.99,142.84,1862.93,71.4,0,C
2024Q4,Coca-Cola,Carbonated Soft Drinks,Convenience,Gauteng,38,50.99,25.69,1937.62,961.4,83.19,1854.43,54.8,0,D
2024Q1,Cappy,Juices & Nectars,Petrol & Travel,Western Cape,73,65.51,36.26,4782.23,2135.25,199.8,4582.43,83.0,1,C
2024Q2,Monster,Energy Drinks,Wholesale,Mpumalanga,21,115.3,60.92,2421.3,1141.98,244.31,2176.99,95.6,0,B
2024Q4,Bonaqua,Water,Mass Retail,Gauteng,23,41.89,24.84,963.47,392.15,89.22,874.25,55.2,0,C
2024Q4,Powerade,Sports Drinks,Wholesale,Gauteng,25,62.21,31.63,1555.25,764.5,142.34,1412.91,97.7,1,D
2024Q1,Powerplay,Energy Drinks,Convenience,KwaZulu-Natal,214,119.71,72.78,25617.94,10043.02,2061.74,23556.2,73.8,0,B
2024Q1,Cappy,Juices & Nectars,Mass Retail,Free State,20,66.22,36.89,1324.4,586.6,85.53,1238.87,73.3,1,B
2024Q4,Stoney,Carbonated Soft Drinks,Convenience,KwaZulu-Natal,21,54.52,30.85,1144.92,497.07,54.56,1090.36,63.8,1,C
2024Q1,Coca-Cola,Carbonated Soft Drinks,E-Commerce,Eastern Cape,56,62.85,38.36,3519.6,1371.44,403.33,3116.27,96.4,1,C
2024Q2,Sprite,Carbonated Soft Drinks,On-Trade,Gauteng,48,51.31,28.52,2462.88,1093.92,102.15,2360.73,48.3,0,C
2024Q1,Coca-Cola,Carbonated Soft Drinks,Mass Retail,KwaZulu-Natal,25,55.78,33.73,1394.5,551.25,122.01,1272.49,87.7,0,B
2024Q3,Stoney,Carbonated Soft Drinks,E-Commerce,Eastern Cape,28,55.03,29.94,1540.84,702.52,129.55,1411.29,50.6,0,B
2024Q3,Sprite,Carbonated Soft Drinks,E-Commerce,KwaZulu-Natal,18,52.59,29.12,946.62,422.46,78.55,868.07,68.3,0,B
2024Q2,Cappy,Juices & Nectars,Mass Retail,Gauteng,230,68.83,40.01,15830.9,6628.6,664.93,15165.97,75.2,0,C
2024Q2,Fanta,Carbonated Soft Drinks,On-Trade,Gauteng,31,49.04,29.9,1520.24,593.34,103.76,1416.48,69.3,0,B
2024Q2,Coca-Cola,Carbonated Soft Drinks,On-Trade,KwaZulu-Natal,110,39.68,23.69,4364.8,1758.9,432.49,3932.31,59.1,1,C
2024Q4,Stoney,Carbonated Soft Drinks,Mass Retail,Gauteng,82,59.35,35.93,4866.7,1920.44,566.96,4299.74,91.6,0,B
2024Q2,Coca-Cola,Carbonated Soft Drinks,Wholesale,KwaZulu-Natal,109,50.77,29.63,5533.93,2304.26,459.6,5074.33,49.6,0,B
2024Q4,Coca-Cola,Carbonated Soft Drinks,On-Trade,Eastern Cape,6,49.15,27.92,294.9,127.38,27.69,267.21,56.2,0,B
2024Q3,Powerplay,Energy Drinks,Petrol & Travel,KwaZulu-Natal,16,103.34,55.48,1653.44,765.76,162.77,1490.67,96.2,0,B
2024Q4,Sprite,Carbonated Soft Drinks,Wholesale,KwaZulu-Natal,35,52.03,27.09,1821.05,872.9,193.48,1627.57,80.6,0,A
2024Q3,Powerplay,Energy Drinks,Mass Retail,North West,30,93.86,51.64,2815.8,1266.6,166.51,2649.29,76.3,0,A
2024Q1,Coca-Cola,Carbonated Soft Drinks,Mass Retail,KwaZulu-Natal,6,48.69,23.49,292.14,151.2,23.89,268.25,62.8,1,B
2024Q1,Sprite,Carbonated Soft Drinks,Convenience,Mpumalanga,13,51.13,27.36,664.69,309.01,33.6,631.09,71.9,0,C
2024Q2,Monster,Energy Drinks,E-Commerce,Western Cape,85,115.64,62.83,9829.4,4488.85,801.36,9028.04,88.0,0,C
2024Q3,Sprite,Carbonated Soft Drinks,Mass Retail,KwaZulu-Natal,20,63.18,34.02,1263.6,583.2,127.39,1136.21,54.3,0,B
2024Q1,Coca-Cola,Carbonated Soft Drinks,Petrol & Travel,Free State,20,46.89,24.02,937.8,457.4,80.98,856.82,87.3,0,D
2024Q3,Coca-Cola,Carbonated Soft Drinks,On-Trade,Gauteng,8,58.47,34.91,467.76,188.48,46.02,421.74,84.7,1,C
2024Q2,Coca-Cola,Carbonated Soft Drinks,Wholesale,Limpopo,81,51.61,28.41,4180.41,1879.2,395.79,3784.62,76.2,0,C
2024Q3,Sprite,Carbonated Soft Drinks,Mass Retail,KwaZulu-Natal,52,47.97,23.85,2494.44,1254.24,237.51,2256.93,83.8,1,A
2024Q2,Coca-Cola,Carbonated Soft Drinks,E-Commerce,Gauteng,16,59.28,29.48,948.48,476.8,69.8,878.68,55.3,0,B
2024Q4,Coca-Cola,Carbonated Soft Drinks,Mass Retail,KwaZulu-Natal,104,49.13,28.91,5109.52,2102.88,452.51,4657.01,46.2,0,B
2024Q1,Fanta,Carbonated Soft Drinks,E-Commerce,Gauteng,22,52.17,29.27,1147.74,503.8,88.76,1058.98,67.3,0,A
2024Q2,Coca-Cola,Carbonated Soft Drinks,Mass Retail,Gauteng,17,51.55,31.58,876.35,339.49,99.59,776.76,81.3,0,B
2024Q1,Coca-Cola,Carbonated Soft Drinks,Mass Retail,Western Cape,12,52.58,25.3,630.96,327.36,46.6,584.36,52.3,1,C
2024Q4,Sprite,Carbonated Soft Drinks,On-Trade,KwaZulu-Natal,66,58.07,31.55,3832.62,1750.32,308.62,3524.0,46.7,1,D
2024Q2,Coca-Cola,Carbonated Soft Drinks,Convenience,Gauteng,42,45.13,26.34,1895.46,789.18,167.56,1727.9,65.8,1,B
2024Q3,Sprite,Carbonated Soft Drinks,Mass Retail,KwaZulu-Natal,20,60.84,35.47,1216.8,507.4,98.61,1118.19,84.1,0,C
2024Q3,Coca-Cola,Carbonated Soft Drinks,Mass Retail,KwaZulu-Natal,34,55.43,30.58,1884.62,844.9,115.44,1769.18,94.6,0,B
2024Q1,Coca-Cola,Carbonated Soft Drinks,E-Commerce,Gauteng,28,47.7,23.74,1335.6,670.88,107.12,1228.48,74.7,0,B
2024Q1,Powerade,Sports Drinks,Convenience,Gauteng,52,69.95,37.17,3637.4,1704.56,366.89,3270.51,70.7,1,C
2024Q3,Schweppes,Mixers,Mass Retail,Limpopo,25,53.47,26.7,1336.75,669.25,160.22,1176.53,47.6,0,B
2024Q2,Fanta,Carbonated Soft Drinks,Mass Retail,Eastern Cape,7,48.28,27.04,337.96,148.68,17.57,320.39,86.5,0,A
2024Q1,Fanta,Carbonated Soft Drinks,Mass Retail,Western Cape,119,52.76,31.89,6278.44,2483.53,670.93,5607.51,77.2,0,C
2024Q3,Bonaqua,Water,Mass Retail,KwaZulu-Natal,116,40.45,24.39,4692.2,1862.96,226.65,4465.55,65.4,0,A
2024Q2,Cappy,Juices & Nectars,E-Commerce,Limpopo,7,62.79,33.75,439.53,203.28,38.78,400.75,98.0,0,B
2024Q4,Fanta,Carbonated Soft Drinks,Convenience,KwaZulu-Natal,21,48.27,23.46,1013.67,521.01,85.86,927.81,73.9,1,C
2024Q3,Coca-Cola,Carbonated Soft Drinks,Wholesale,Western Cape,78,55.64,28.73,4339.92,2098.98,293.07,4046.85,97.5,0,B
2024Q3,Coca-Cola,Carbonated Soft Drinks,On-Trade,Free State,26,58.55,34.61,1522.3,622.44,154.55,1367.75,80.4,0,B
2024Q4,Sprite,Carbonated Soft Drinks,Convenience,Western Cape,36,58.3,29.92,2098.8,1021.68,150.88,1947.92,85.2,0,A
2024Q4,Sprite,Carbonated Soft Drinks,On-Trade,Gauteng,13,59.01,32.45,767.13,345.28,76.51,690.62,74.8,1,C
2024Q3,Coca-Cola,Carbonated Soft Drinks,On-Trade,Gauteng,21,49.46,25.53,1038.66,502.53,88.53,950.13,71.7,1,B
2024Q3,Sprite,Carbonated Soft Drinks,Mass Retail,Eastern Cape,32,56.89,34.22,1820.48,725.44,196.43,1624.05,72.1,0,B
2024Q4,Cappy,Juices & Nectars,E-Commerce,KwaZulu-Natal,53,61.64,31.94,3266.92,1574.1,348.14,2918.78,49.4,0,C
2024Q4,Coca-Cola,Carbonated Soft Drinks,Mass Retail,Western Cape,75,46.57,25.53,3492.75,1578.0,242.06,3250.69,79.2,0,D
2024Q4,Fanta,Carbonated Soft Drinks,Petrol & Travel,North West,88,51.8,27.65,4558.4,2125.2,354.4,4204.0,91.0,0,C
2024Q4,Bonaqua,Water,Convenience,Gauteng,24,40.48,20.33,971.52,483.6,88.73,882.79,83.0,0,A
2024Q4,Coca-Cola,Carbonated Soft Drinks,Mass Retail,Western Cape,28,47.32,25.07,1324.96,623.0,105.54,1219.42,91.1,0,D
2024Q3,Coca-Cola,Carbonated Soft Drinks,Mass Retail,Eastern Cape,126,51.22,25.59,6453.72,3229.38,604.44,5849.28,57.5,0,D
2024Q3,Cappy,Juices & Nectars,E-Commerce,Limpopo,28,65.23,32.22,1826.44,924.28,174.16,1652.28,46.5,0,B
2024Q3,Fanta,Carbonated Soft Drinks,Convenience,Western Cape,25,50.37,30.75,1259.25,490.5,103.06,1156.19,47.3,0,B
2024Q1,Cappy,Juices & Nectars,On-Trade,Gauteng,28,63.04,36.17,1765.12,752.36,136.96,1628.16,65.3,1,C
2024Q3,Stoney,Carbonated Soft Drinks,E-Commerce,North West,24,58.48,34.68,1403.52,571.2,71.33,1332.19,76.6,0,D
2024Q4,Sprite,Carbonated Soft Drinks,Wholesale,Gauteng,54,49.86,27.12,2692.44,1227.96,193.89,2498.55,76.4,0,A
2024Q3,Sprite,Carbonated Soft Drinks,Mass Retail,Northern Cape,51,47.36,27.17,2415.36,1029.69,101.77,2313.59,69.7,1,B
2024Q4,Cappy,Juices & Nectars,Mass Retail,Gauteng,40,59.83,35.97,2393.2,954.4,264.75,2128.45,48.7,0,B
2024Q1,Cappy,Juices & Nectars,E-Commerce,Free State,13,68.25,40.07,887.25,366.34,88.32,798.93,92.9,1,D
2024Q1,Fanta,Carbonated Soft Drinks,Mass Retail,Western Cape,52,48.05,27.57,2498.6,1064.96,278.72,2219.88,48.0,0,D
2024Q3,Powerplay,Energy Drinks,Mass Retail,Western Cape,22,109.11,60.22,2400.42,1075.58,213.07,2187.35,55.1,1,B
2024Q1,Schweppes,Mixers,E-Commerce,KwaZulu-Natal,22,67.33,40.41,1481.26,592.24,99.82,1381.44,59.1,0,B
2024Q4,Cappy,Juices & Nectars,E-Commerce,Gauteng,24,68.26,33.03,1638.24,845.52,101.4,1536.84,59.3,0,B
2024Q4,Powerade,Sports Drinks,E-Commerce,Eastern Cape,19,76.38,44.14,1451.22,612.56,174.08,1277.14,82.6,0,C
2024Q2,Sprite,Carbonated Soft Drinks,Wholesale,Northern Cape,62,57.41,35.23,3559.42,1375.16,202.45,3356.97,71.7,0,C
2024Q4,Coca-Cola,Carbonated Soft Drinks,On-Trade,Western Cape,52,45.98,23.73,2390.96,1157.0,159.42,2231.54,68.4,0,C
2024Q4,Sprite,Carbonated Soft Drinks,Mass Retail,KwaZulu-Natal,24,42.11,21.97,1010.64,483.36,53.28,957.36,47.5,1,A
2024Q2,Coca-Cola,Carbonated Soft Drinks,Convenience,Gauteng,100,53.67,27.03,5367.0,2664.0,261.29,5105.71,84.7,0,B
2024Q2,Cappy,Juices & Nectars,Convenience,KwaZulu-Natal,33,67.06,35.26,2212.98,1049.4,139.78,2073.2,72.8,1,C
2024Q2,Fanta,Carbonated Soft Drinks,Convenience,Limpopo,35,56.23,27.07,1968.05,1020.6,184.76,1783.29,67.5,0,A
2024Q1,Coca-Cola,Carbonated Soft Drinks,Mass Retail,Gauteng,40,45.99,28.38,1839.6,704.4,84.39,1755.21,60.0,1,C
2024Q3,Fanta,Carbonated Soft Drinks,Petrol & Travel,Western Cape,19,44.54,26.48,846.26,343.14,95.65,750.61,55.7,0,D
2024Q3,Schweppes,Mixers,Mass Retail,Gauteng,44,67.6,36.56,2974.4,1365.76,164.66,2809.74,70.9,0,A
2024Q4,Bonaqua,Water,E-Commerce,Gauteng,55,42.72,21.31,2349.6,1177.55,110.62,2238.98,93.1,0,A
2024Q2,Bonaqua,Water,Mass Retail,Limpopo,253,45.92,27.57,11617.76,4642.55,555.43,11062.33,57.7,0,B
2024Q4,Sprite,Carbonated Soft Drinks,Convenience,Gauteng,23,51.17,30.51,1176.91,475.18,131.12,1045.79,54.9,0,B
2024Q1,Coca-Cola,Carbonated Soft Drinks,Petrol & Travel,Western Cape,31,55.51,27.45,1720.81,869.86,131.86,1588.95,64.9,0,A
2024Q3,Coca-Cola,Carbonated Soft Drinks,Wholesale,Eastern Cape,25,51.85,32.1,1296.25,493.75,108.22,1188.03,70.1,0,C
2024Q3,Coca-Cola,Carbonated Soft Drinks,Mass Retail,Northern Cape,24,50.33,29.85,1207.92,491.52,73.52,1134.4,87.4,1,B
2024Q4,Fanta,Carbonated Soft Drinks,Wholesale,Gauteng,33,47.96,24.34,1582.68,779.46,159.26,1423.42,79.0,0,C
2024Q3,Sprite,Carbonated Soft Drinks,Wholesale,Western Cape,20,57.71,34.17,1154.2,470.8,105.42,1048.78,80.5,0,C
2024Q1,Sprite,Carbonated Soft Drinks,E-Commerce,Gauteng,13,66.22,37.69,860.86,370.89,54.95,805.91,54.7,0,C
2024Q3,Cappy,Juices & Nectars,Wholesale,Gauteng,29,66.44,31.9,1926.76,1001.66,170.84,1755.92,64.2,0,C
2024Q2,Powerplay,Energy Drinks,Mass Retail,Free State,26,88.2,47.36,2293.2,1061.84,211.08,2082.12,63.9,0,B
2024Q1,Coca-Cola,Carbonated Soft Drinks,Mass Retail,KwaZulu-Natal,30,55.39,30.75,1661.7,739.2,165.12,1496.58,81.9,0,A
2024Q3,Cappy,Juices & Nectars,Wholesale,KwaZulu-Natal,74,64.38,37.19,4764.12,2012.06,454.07,4310.05,62.3,0,B
2024Q2,Cappy,Juices & Nectars,Convenience,Gauteng,28,68.14,38.67,1907.92,825.16,136.17,1771.75,97.4,0,C
2024Q1,Cappy,Juices & Nectars,Mass Retail,Limpopo,20,59.76,34.16,1195.2,512.0,55.08,1140.12,77.0,0,C
2024Q3,Coca-Cola,Carbonated Soft Drinks,Mass Retail,Western Cape,43,50.62,24.45,2176.66,1125.31,127.66,2049.0,85.1,0,D
2024Q3,Coca-Cola,Carbonated Soft Drinks,Mass Retail,Eastern Cape,58,55.39,26.98,3212.62,1647.78,357.89,2854.73,57.0,0,A
2024Q4,Sprite,Carbonated Soft Drinks,E-Commerce,Gauteng,14,57.38,35.38,803.32,308.0,63.5,739.82,48.1,0,A
2024Q2,Sprite,Carbonated Soft Drinks,On-Trade,Western Cape,126,58.59,32.43,7382.34,3296.16,788.28,6594.06,46.8,1,A
2024Q1,Sprite,Carbonated Soft Drinks,Mass Retail,Western Cape,17,55.11,31.9,936.87,394.57,66.98,869.89,59.5,1,A
2024Q4,Sprite,Carbonated Soft Drinks,Petrol & Travel,Limpopo,62,57.68,30.88,3576.16,1661.6,304.47,3271.69,57.1,0,A
2024Q4,Fanta,Carbonated Soft Drinks,On-Trade,Gauteng,32,48.8,27.83,1561.6,671.04,177.17,1384.43,65.2,0,C
2024Q1,Coca-Cola,Carbonated Soft Drinks,Mass Retail,Western Cape,58,52.7,28.24,3056.6,1418.68,200.29,2856.31,92.0,1,B
2024Q2,Cappy,Juices & Nectars,Wholesale,Gauteng,29,72.81,34.99,2111.49,1096.78,152.31,1959.18,54.9,0,B
2024Q1,Cappy,Juices & Nectars,Mass Retail,KwaZulu-Natal,29,77.65,37.71,2251.85,1158.26,208.27,2043.58,89.6,0,C
2024Q3,Coca-Cola,Carbonated Soft Drinks,On-Trade,Gauteng,22,54.11,32.71,1190.42,470.8,78.3,1112.12,45.7,0,A
2024Q3,Schweppes,Mixers,Mass Retail,Northern Cape,37,59.55,30.51,2203.35,1074.48,132.51,2070.84,69.7,0,C
2024Q1,Coca-Cola,Carbonated Soft Drinks,Convenience,KwaZulu-Natal,41,50.75,26.43,2080.75,997.12,217.83,1862.92,93.8,0,C
2024Q2,Cappy,Juices & Nectars,On-Trade,Eastern Cape,84,64.06,35.5,5381.04,2399.04,509.89,4871.15,78.0,1,A
2024Q4,Schweppes,Mixers,E-Commerce,Gauteng,24,59.33,36.22,1423.92,554.64,85.5,1338.42,83.9,0,B
2024Q4,Fanta,Carbonated Soft Drinks,Convenience,Western Cape,13,45.61,26.67,592.93,246.22,50.13,542.8,91.8,0,B
2024Q1,Coca-Cola,Carbonated Soft Drinks,On-Trade,KwaZulu-Natal,78,55.41,27.77,4321.98,2155.92,311.39,4010.59,70.6,0,C
2024Q2,Schweppes,Mixers,Convenience,Western Cape,84,52.18,26.62,4383.12,2147.04,424.07,3959.05,94.6,0,B
2024Q1,Cappy,Juices & Nectars,Convenience,KwaZulu-Natal,19,67.77,40.73,1287.63,513.76,80.91,1206.72,77.6,0,C
2024Q3,Coca-Cola,Carbonated Soft Drinks,Convenience,Gauteng,115,54.78,29.71,6299.7,2883.05,282.41,6017.29,87.3,1,B
2024Q4,Coca-Cola,Carbonated Soft Drinks,Convenience,Gauteng,31,52.36,28.9,1623.16,727.26,142.47,1480.69,69.2,0,C
2024Q3,Coca-Cola,Carbonated Soft Drinks,On-Trade,Gauteng,7,50.65,27.42,354.55,162.61,24.36,330.19,75.0,1,B
2024Q2,Sprite,Carbonated Soft Drinks,Petrol & Travel,Gauteng,33,56.71,28.76,1871.43,922.35,146.28,1725.15,90.9,1,B
2024Q2,Bonaqua,Water,Petrol & Travel,Gauteng,49,46.6,23.47,2283.4,1133.37,240.67,2042.73,64.6,0,C
2024Q2,Coca-Cola,Carbonated Soft Drinks,E-Commerce,Western Cape,47,56.49,34.22,2655.03,1046.69,239.99,2415.04,84.3,0,B
2024Q2,Fanta,Carbonated Soft Drinks,Mass Retail,Western Cape,19,50.74,27.97,964.06,432.63,44.92,919.14,84.0,0,C
2024Q2,Powerade,Sports Drinks,Mass Retail,Gauteng,11,70.02,39.63,770.22,334.29,75.34,694.88,83.3,0,B
2024Q2,Monster,Energy Drinks,Mass Retail,North West,93,101.47,55.79,9436.71,4248.24,521.42,8915.29,74.3,0,B
2024Q1,Bonaqua,Water,Convenience,Gauteng,87,38.99,20.94,3392.13,1570.35,142.86,3249.27,48.1,0,D
2024Q4,Bonaqua,Water,Mass Retail,Mpumalanga,34,40.8,21.67,1387.2,650.42,159.65,1227.55,80.1,0,C
2024Q1,Sprite,Carbonated Soft Drinks,Mass Retail,North West,20,61.28,33.52,1225.6,555.2,67.27,1158.33,60.5,0,A
2024Q1,Stoney,Carbonated Soft Drinks,On-Trade,Gauteng,42,62.26,33.94,2614.92,1189.44,122.69,2492.23,48.0,0,A
2024Q2,Sprite,Carbonated Soft Drinks,Mass Retail,Free State,208,51.99,25.0,10813.92,5613.92,1288.78,9525.14,64.3,0,B
2024Q2,Coca-Cola,Carbonated Soft Drinks,Convenience,KwaZulu-Natal,13,52.45,31.03,681.85,278.46,65.99,615.86,73.0,0,C
2024Q4,Coca-Cola,Carbonated Soft Drinks,Petrol & Travel,Gauteng,40,49.26,29.93,1970.4,773.2,93.51,1876.89,59.0,0,A
2024Q4,Cappy,Juices & Nectars,Wholesale,Gauteng,69,59.92,33.25,4134.48,1840.23,362.62,3771.86,67.0,0,A
2024Q3,Coca-Cola,Carbonated Soft Drinks,Mass Retail,KwaZulu-Natal,63,56.92,32.45,3585.96,1541.61,213.36,3372.6,46.2,0,B
2024Q4,Cappy,Juices & Nectars,On-Trade,Gauteng,6,66.38,32.81,398.28,201.42,17.93,380.35,63.5,0,B
2024Q1,Coca-Cola,Carbonated Soft Drinks,E-Commerce,Western Cape,9,52.63,31.14,473.67,193.41,27.05,446.62,59.2,1,C
2024Q1,Cappy,Juices & Nectars,On-Trade,Limpopo,6,67.77,33.99,406.62,202.68,31.01,375.61,91.3,0,B
2024Q2,Powerplay,Energy Drinks,Mass Retail,Western Cape,27,110.8,55.77,2991.6,1485.81,257.42,2734.18,69.6,0,C
2024Q2,Stoney,Carbonated Soft Drinks,E-Commerce,Eastern Cape,55,63.33,38.75,3483.15,1351.9,250.3,3232.85,55.9,0,B
2024Q3,Coca-Cola,Carbonated Soft Drinks,E-Commerce,North West,25,49.47,25.19,1236.75,607.0,88.71,1148.04,50.9,1,A
2024Q4,Monster,Energy Drinks,Convenience,KwaZulu-Natal,81,125.38,72.62,10155.78,4273.56,942.77,9213.01,51.1,0,B
2024Q3,Schweppes,Mixers,Wholesale,Gauteng,17,60.29,31.82,1024.93,483.99,120.25,904.68,76.5,0,D
2024Q3,Schweppes,Mixers,Mass Retail,KwaZulu-Natal,16,54.21,31.97,867.36,355.84,82.29,785.07,81.1,0,D
2024Q2,Coca-Cola,Carbonated Soft Drinks,Mass Retail,Free State,122,53.86,27.89,6570.92,3168.34,448.28,6122.64,91.2,0,B
2024Q4,Coca-Cola,Carbonated Soft Drinks,Convenience,Gauteng,142,53.76,33.33,7633.92,2901.06,571.2,7062.72,67.7,0,B
2024Q4,Monster,Energy Drinks,Convenience,Western Cape,54,118.45,64.54,6396.3,2911.14,421.61,5974.69,77.3,0,A
2024Q1,Coca-Cola,Carbonated Soft Drinks,E-Commerce,KwaZulu-Natal,12,41.91,25.85,502.92,192.72,47.4,455.52,66.6,1,B
2024Q4,Coca-Cola,Carbonated Soft Drinks,E-Commerce,Western Cape,16,52.62,31.4,841.92,339.52,84.36,757.56,69.4,0,C
2024Q4,Stoney,Carbonated Soft Drinks,Mass Retail,KwaZulu-Natal,25,62.39,32.12,1559.75,756.75,179.58,1380.17,87.9,0,C
2024Q4,Fanta,Carbonated Soft Drinks,Convenience,North West,24,48.73,23.57,1169.52,603.84,68.96,1100.56,86.0,1,C
2024Q3,Coca-Cola,Carbonated Soft Drinks,On-Trade,Gauteng,15,55.56,29.74,833.4,387.3,98.89,734.51,58.0,0,A
2024Q3,Bonaqua,Water,E-Commerce,Eastern Cape,19,39.32,21.57,747.08,337.25,52.52,694.56,81.8,0,B
2024Q3,Stoney,Carbonated Soft Drinks,Convenience,North West,22,59.89,33.94,1317.58,570.9,58.54,1259.04,77.7,0,B
2024Q3,Coca-Cola,Carbonated Soft Drinks,Convenience,Northern Cape,50,49.97,30.36,2498.5,980.5,262.46,2236.04,61.2,0,C
2024Q3,Coca-Cola,Carbonated Soft Drinks,On-Trade,Limpopo,27,54.45,32.39,1470.15,595.62,59.92,1410.23,45.2,0,C
2024Q4,Cappy,Juices & Nectars,E-Commerce,Gauteng,59,70.44,42.98,4155.96,1620.14,205.44,3950.52,57.3,0,C
2024Q2,Coca-Cola,Carbonated Soft Drinks,On-Trade,Eastern Cape,50,48.06,26.64,2403.0,1071.0,112.11,2290.89,60.1,0,B
2024Q4,Coca-Cola,Carbonated Soft Drinks,Wholesale,Gauteng,47,55.24,31.32,2596.28,1124.24,206.88,2389.4,60.8,1,B
2024Q3,Fanta,Carbonated Soft Drinks,Mass Retail,Western Cape,24,49.74,25.34,1193.76,585.6,89.05,1104.71,67.2,1,C
2024Q3,Sprite,Carbonated Soft Drinks,Mass Retail,Western Cape,88,65.12,31.97,5730.56,2917.2,661.61,5068.95,50.3,0,C
2024Q3,Bonaqua,Water,Mass Retail,Gauteng,96,37.88,20.31,3636.48,1686.72,166.09,3470.39,85.7,1,D
2024Q2,Stoney,Carbonated Soft Drinks,On-Trade,Eastern Cape,138,58.87,31.5,8124.06,3777.06,466.15,7657.91,85.2,0,B
2024Q4,Stoney,Carbonated Soft Drinks,Mass Retail,Gauteng,28,62.92,34.66,1761.76,791.28,121.65,1640.11,58.6,0,C
2024Q2,Coca-Cola,Carbonated Soft Drinks,Mass Retail,Western Cape,16,44.25,23.74,708.0,328.16,68.69,639.31,93.6,0,D
2024Q3,Coca-Cola,Carbonated Soft Drinks,Petrol & Travel,Free State,111,51.38,29.27,5703.18,2454.21,255.78,5447.4,50.1,1,B
2024Q1,Powerade,Sports Drinks,Mass Retail,Gauteng,92,66.51,34.84,6118.92,2913.64,432.81,5686.11,93.2,0,A
2024Q2,Coca-Cola,Carbonated Soft Drinks,Petrol & Travel,Gauteng,12,55.62,27.61,667.44,336.12,27.56,639.88,50.7,0,C
2024Q2,Powerade,Sports Drinks,Mass Retail,Gauteng,18,67.89,33.88,1222.02,612.18,66.58,1155.44,78.5,0,A
2024Q4,Coca-Cola,Carbonated Soft Drinks,Petrol & Travel,Limpopo,9,53.39,28.4,480.51,224.91,22.94,457.57,57.0,0,C
2024Q4,Sprite,Carbonated Soft Drinks,On-Trade,KwaZulu-Natal,39,58.35,28.28,2275.65,1172.73,272.49,2003.16,50.2,0,A
2024Q4,Fanta,Carbonated Soft Drinks,Convenience,KwaZulu-Natal,20,44.28,25.26,885.6,380.4,66.35,819.25,58.3,0,C
2024Q3,Stoney,Carbonated Soft Drinks,Petrol & Travel,Free State,42,59.14,35.0,2483.88,1013.88,190.47,2293.41,55.6,0,B
2024Q3,Sprite,Carbonated Soft Drinks,Wholesale,Gauteng,23,53.14,28.23,1222.22,572.93,134.97,1087.25,52.0,1,A
2024Q2,Stoney,Carbonated Soft Drinks,Mass Retail,Free State,7,59.43,33.26,416.01,183.19,31.67,384.34,68.1,1,C
2024Q4,Fanta,Carbonated Soft Drinks,Mass Retail,Mpumalanga,40,48.89,29.53,1955.6,774.4,114.94,1840.66,51.0,1,B
2024Q3,Coca-Cola,Carbonated Soft Drinks,E-Commerce,Gauteng,112,55.22,29.39,6184.64,2892.96,583.67,5600.97,82.8,0,C
2024Q4,Schweppes,Mixers,On-Trade,Northern Cape,43,63.65,31.3,2736.95,1391.05,169.32,2567.63,60.8,0,B
2024Q4,Monster,Energy Drinks,Convenience,Western Cape,27,109.94,64.02,2968.38,1239.84,189.76,2778.62,69.0,1,A
2024Q1,Powerade,Sports Drinks,Mass Retail,Western Cape,41,74.73,45.3,3063.93,1206.63,244.0,2819.93,94.9,0,C
2024Q3,Sprite,Carbonated Soft Drinks,On-Trade,Gauteng,58,55.92,29.37,3243.36,1539.9,224.61,3018.75,47.4,0,A
2024Q1,Stoney,Carbonated Soft Drinks,On-Trade,North West,69,63.22,31.67,4362.18,2176.95,329.49,4032.69,54.4,0,C
2024Q4,Sprite,Carbonated Soft Drinks,On-Trade,North West,18,51.03,30.57,918.54,368.28,70.43,848.11,46.3,0,A
2024Q3,Sprite,Carbonated Soft Drinks,Convenience,KwaZulu-Natal,9,57.82,32.32,520.38,229.5,24.02,496.36,87.4,0,A
2024Q3,Cappy,Juices & Nectars,Convenience,Western Cape,24,71.34,37.5,1712.16,812.16,73.29,1638.87,79.5,0,C
2024Q1,Powerade,Sports Drinks,Mass Retail,Eastern Cape,67,66.95,33.71,4485.65,2227.08,182.89,4302.76,48.9,1,C
2024Q2,Coca-Cola,Carbonated Soft Drinks,Mass Retail,Western Cape,33,49.84,26.11,1644.72,783.09,89.54,1555.18,84.8,1,C
2024Q2,Coca-Cola,Carbonated Soft Drinks,On-Trade,Eastern Cape,14,57.57,31.76,805.98,361.34,92.45,713.53,47.0,0,C
2024Q3,Coca-Cola,Carbonated Soft Drinks,Wholesale,Eastern Cape,41,56.55,29.34,2318.55,1115.61,166.51,2152.04,81.1,0,A
2024Q4,Bonaqua,Water,On-Trade,North West,13,38.02,19.66,494.26,238.68,28.52,465.74,55.4,1,C
2024Q2,Sprite,Carbonated Soft Drinks,Convenience,Free State,19,52.01,31.76,988.19,384.75,99.27,888.92,86.9,1,A
2024Q4,Sprite,Carbonated Soft Drinks,On-Trade,Limpopo,25,60.5,31.27,1512.5,730.75,130.17,1382.33,88.6,0,A
2024Q1,Coca-Cola,Carbonated Soft Drinks,Mass Retail,Western Cape,23,45.8,22.08,1053.4,545.56,116.24,937.16,53.2,0,B
2024Q1,Cappy,Juices & Nectars,Convenience,Gauteng,13,59.1,28.69,768.3,395.33,50.82,717.48,92.1,1,D
2024Q1,Coca-Cola,Carbonated Soft Drinks,Convenience,Gauteng,23,51.68,27.49,1188.64,556.37,63.96,1124.68,58.4,0,A
2024Q3,Sprite,Carbonated Soft Drinks,Mass Retail,Mpumalanga,8,53.28,29.97,426.24,186.48,21.9,404.34,58.7,0,C
2024Q2,Bonaqua,Water,Mass Retail,KwaZulu-Natal,60,36.8,20.2,2208.0,996.0,224.68,1983.32,95.3,1,B
2024Q2,Powerade,Sports Drinks,Mass Retail,KwaZulu-Natal,12,61.27,30.71,735.24,366.72,77.07,658.17,85.3,0,B
2024Q2,Fanta,Carbonated Soft Drinks,Wholesale,KwaZulu-Natal,18,50.28,28.04,905.04,400.32,93.5,811.54,75.4,1,B
2024Q1,Cappy,Juices & Nectars,Convenience,KwaZulu-Natal,13,74.38,41.38,966.94,429.0,76.39,890.55,65.2,0,C
2024Q2,Coca-Cola,Carbonated Soft Drinks,Mass Retail,Western Cape,33,55.16,31.89,1820.28,767.91,197.41,1622.87,69.8,0,B
2024Q2,Coca-Cola,Carbonated Soft Drinks,Mass Retail,Gauteng,24,50.58,28.93,1213.92,519.6,133.06,1080.86,92.3,0,D
2024Q4,Bonaqua,Water,Wholesale,Mpumalanga,6,41.39,25.55,248.34,95.04,16.29,232.05,84.4,0,C
2024Q2,Bonaqua,Water,On-Trade,Gauteng,9,45.42,27.94,408.78,157.32,35.05,373.73,94.7,1,B
2024Q4,Coca-Cola,Carbonated Soft Drinks,E-Commerce,Gauteng,126,54.36,31.76,6849.36,2847.6,769.86,6079.5,45.2,1,A
2024Q1,Coca-Cola,Carbonated Soft Drinks,Petrol & Travel,Western Cape,22,51.9,31.99,1141.8,438.02,65.96,1075.84,70.1,1,C
2024Q4,Coca-Cola,Carbonated Soft Drinks,On-Trade,Mpumalanga,5,53.81,26.17,269.05,138.2,17.98,251.07,65.7,0,C
2024Q2,Schweppes,Mixers,Mass Retail,Gauteng,39,50.76,31.38,1979.64,755.82,204.62,1775.02,97.6,0,B
2024Q4,Schweppes,Mixers,Convenience,Western Cape,154,56.87,28.18,8757.98,4418.26,659.41,8098.57,87.9,0,A
2024Q3,Coca-Cola,Carbonated Soft Drinks,On-Trade,KwaZulu-Natal,75,55.58,28.65,4168.5,2019.75,458.77,3709.73,69.4,1,B
2024Q1,Cappy,Juices & Nectars,Mass Retail,KwaZulu-Natal,27,72.47,42.4,1956.69,811.89,164.05,1792.64,65.2,0,B
2024Q2,Coca-Cola,Carbonated Soft Drinks,Wholesale,Gauteng,7,57.79,28.63,404.53,204.12,45.16,359.37,46.9,0,B
2024Q3,Cappy,Juices & Nectars,Convenience,Gauteng,98,59.55,36.27,5835.9,2281.44,304.26,5531.64,75.0,0,B
2024Q4,Sprite,Carbonated Soft Drinks,Convenience,Free State,37,62.52,35.48,2313.24,1000.48,232.72,2080.52,89.6,0,C
2024Q1,Fanta,Carbonated Soft Drinks,Mass Retail,Western Cape,24,49.82,26.44,1195.68,561.12,60.05,1135.63,51.4,0,D
2024Q3,Coca-Cola,Carbonated Soft Drinks,Wholesale,Mpumalanga,36,50.67,24.85,1824.12,929.52,102.63,1721.49,49.9,1,A
2024Q1,Coca-Cola,Carbonated Soft Drinks,Mass Retail,KwaZulu-Natal,49,45.27,27.84,2218.23,854.07,244.1,1974.13,91.4,1,A
2024Q3,Sprite,Carbonated Soft Drinks,Wholesale,Gauteng,25,54.61,32.16,1365.25,561.25,62.24,1303.01,74.5,1,A
2024Q2,Coca-Cola,Carbonated Soft Drinks,E-Commerce,Free State,55,54.08,30.29,2974.4,1308.45,326.24,2648.16,79.2,0,D
2024Q1,Cappy,Juices & Nectars,Convenience,Free State,57,58.42,33.69,3329.94,1409.61,237.87,3092.07,91.6,0,A
2024Q4,Fanta,Carbonated Soft Drinks,On-Trade,Gauteng,4,49.48,27.02,197.92,89.84,21.42,176.5,79.2,1,C
2024Q3,Stoney,Carbonated Soft Drinks,Wholesale,Gauteng,24,59.81,35.23,1435.44,589.92,95.12,1340.32,70.0,0,B
2024Q2,Coca-Cola,Carbonated Soft Drinks,E-Commerce,Western Cape,10,49.84,26.28,498.4,235.6,59.74,438.66,88.7,0,C
2024Q4,Sprite,Carbonated Soft Drinks,On-Trade,KwaZulu-Natal,28,57.61,30.05,1613.08,771.68,94.73,1518.35,89.0,0,A
2024Q1,Cappy,Juices & Nectars,Mass Retail,KwaZulu-Natal,20,59.73,32.91,1194.6,536.4,98.26,1096.34,92.1,0,B
2024Q2,Coca-Cola,Carbonated Soft Drinks,Wholesale,Western Cape,29,55.63,32.52,1613.27,670.19,184.59,1428.68,93.1,1,B
2024Q4,Coca-Cola,Carbonated Soft Drinks,E-Commerce,North West,30,46.0,24.86,1380.0,634.2,125.95,1254.05,95.1,1,B
2024Q1,Coca-Cola,Carbonated Soft Drinks,Wholesale,Gauteng,11,51.14,30.95,562.54,222.09,65.91,496.63,70.4,1,B
2024Q4,Powerplay,Energy Drinks,Mass Retail,Gauteng,57,117.11,62.03,6675.27,3139.56,740.91,5934.36,96.7,0,A
2024Q1,Fanta,Carbonated Soft Drinks,Mass Retail,Western Cape,8,52.33,29.4,418.64,183.44,31.47,387.17,61.0,1,A
2024Q1,Monster,Energy Drinks,Mass Retail,Eastern Cape,17,105.53,58.66,1794.01,796.79,158.11,1635.9,77.3,0,A
2024Q1,Schweppes,Mixers,Convenience,Gauteng,86,56.05,30.64,4820.3,2185.26,573.72,4246.58,68.3,0,C
2024Q3,Fanta,Carbonated Soft Drinks,Petrol & Travel,Eastern Cape,37,48.33,28.96,1788.21,716.69,206.35,1581.86,97.9,0,A
2024Q3,Coca-Cola,Carbonated Soft Drinks,Mass Retail,Limpopo,10,61.14,34.17,611.4,269.7,32.16,579.24,90.4,0,D
2024Q4,Sprite,Carbonated Soft Drinks,Mass Retail,KwaZulu-Natal,8,53.6,26.78,428.8,214.56,40.61,388.19,61.5,0,B
2024Q2,Bonaqua,Water,Convenience,Gauteng,83,44.79,25.01,3717.57,1641.74,162.32,3555.25,94.4,0,B
2024Q2,Stoney,Carbonated Soft Drinks,Mass Retail,Western Cape,33,60.57,35.1,1998.81,840.51,88.94,1909.87,78.5,0,B
2024Q3,Coca-Cola,Carbonated Soft Drinks,Mass Retail,KwaZulu-Natal,58,55.03,28.16,3191.74,1558.46,376.73,2815.01,97.7,1,A
2024Q2,Stoney,Carbonated Soft Drinks,Convenience,Western Cape,29,61.18,35.27,1774.22,751.39,118.96,1655.26,96.3,1,C
2024Q2,Coca-Cola,Carbonated Soft Drinks,Mass Retail,Mpumalanga,3,51.66,27.15,154.98,73.53,14.2,140.78,51.9,0,A
2024Q1,Coca-Cola,Carbonated Soft Drinks,Mass Retail,Western Cape,24,55.96,29.41,1343.04,637.2,109.27,1233.77,47.4,0,C
2024Q1,Cappy,Juices & Nectars,Mass Retail,KwaZulu-Natal,15,72.08,41.81,1081.2,454.05,91.26,989.94,50.8,0,B
2024Q3,Bonaqua,Water,Wholesale,KwaZulu-Natal,127,39.28,21.61,4988.56,2244.09,440.73,4547.83,61.0,1,C
2024Q4,Sprite,Carbonated Soft Drinks,Wholesale,Gauteng,5,62.49,33.41,312.45,145.4,29.31,283.14,81.6,1,B
2024Q2,Coca-Cola,Carbonated Soft Drinks,Petrol & Travel,Western Cape,15,44.72,22.07,670.8,339.75,39.49,631.31,47.7,0,B
2024Q2,Powerplay,Energy Drinks,Mass Retail,Gauteng,24,110.4,53.3,2649.6,1370.4,258.45,2391.15,68.3,0,D
2024Q1,Sprite,Carbonated Soft Drinks,Mass Retail,Gauteng,37,58.59,29.66,2167.83,1070.41,222.37,1945.46,95.7,0,B
2024Q2,Coca-Cola,Carbonated Soft Drinks,Mass Retail,Western Cape,13,57.28,30.55,744.64,347.49,73.55,671.09,94.2,0,D
2024Q4,Coca-Cola,Carbonated Soft Drinks,On-Trade,Gauteng,21,54.03,27.54,1134.63,556.29,93.68,1040.95,54.4,0,B
2024Q4,Sprite,Carbonated Soft Drinks,E-Commerce,Western Cape,70,52.4,31.08,3668.0,1492.4,282.81,3385.19,54.6,0,B
2024Q2,Coca-Cola,Carbonated Soft Drinks,On-Trade,Gauteng,14,49.53,29.41,693.42,281.68,74.6,618.82,58.7,0,A
2024Q3,Stoney,Carbonated Soft Drinks,On-Trade,North West,41,58.79,32.36,2410.39,1083.63,222.94,2187.45,67.0,0,D
2024Q3,Fanta,Carbonated Soft Drinks,E-Commerce,Western Cape,9,45.56,25.92,410.04,176.76,35.79,374.25,60.6,1,A
2024Q3,Coca-Cola,Carbonated Soft Drinks,Mass Retail,KwaZulu-Natal,12,44.48,25.27,533.76,230.52,60.4,473.36,46.9,1,D
2024Q2,Bonaqua,Water,Wholesale,Western Cape,33,35.87,19.38,1183.71,544.17,116.39,1067.32,57.8,0,A
2024Q4,Fanta,Carbonated Soft Drinks,Mass Retail,Western Cape,28,51.21,26.0,1433.88,705.88,58.1,1375.78,82.5,0,A
2024Q2,Sprite,Carbonated Soft Drinks,On-Trade,Western Cape,49,50.36,29.44,2467.64,1025.08,281.83,2185.81,79.3,0,B
2024Q4,Cappy,Juices & Nectars,On-Trade,Gauteng,11,59.81,33.26,657.91,292.05,46.5,611.41,45.1,0,B
2024Q2,Cappy,Juices & Nectars,Mass Retail,Gauteng,64,71.37,37.7,4567.68,2154.88,373.56,4194.12,64.1,1,C
2024Q1,Coca-Cola,Carbonated Soft Drinks,Wholesale,Gauteng,14,52.73,25.9,738.22,375.62,74.15,664.07,45.5,0,C
2024Q1,Cappy,Juices & Nectars,Mass Retail,Gauteng,44,66.92,32.66,2944.48,1507.44,255.23,2689.25,63.5,0,B
2024Q2,Coca-Cola,Carbonated Soft Drinks,Wholesale,Western Cape,11,48.81,29.29,536.91,214.72,37.57,499.34,45.9,0,D
2024Q3,Coca-Cola,Carbonated Soft Drinks,Mass Retail,KwaZulu-Natal,12,55.29,29.88,663.48,304.92,29.55,633.93,76.2,0,B
2024Q3,Cappy,Juices & Nectars,Convenience,KwaZulu-Natal,9,57.39,28.26,516.51,262.17,29.0,487.51,53.2,0,B
2024Q2,Cappy,Juices & Nectars,Mass Retail,Limpopo,55,67.09,32.89,3689.95,1881.0,324.68,3365.27,72.9,0,B
2024Q4,Fanta,Carbonated Soft Drinks,On-Trade,Gauteng,26,51.46,24.99,1337.96,688.22,125.48,1212.48,63.3,1,C
2024Q1,Coca-Cola,Carbonated Soft Drinks,E-Commerce,Gauteng,17,47.51,26.91,807.67,350.2,43.46,764.21,66.9,0,C
2024Q2,Coca-Cola,Carbonated Soft Drinks,Convenience,Eastern Cape,47,51.86,25.22,2437.42,1252.08,282.93,2154.49,75.8,0,C
2024Q3,Sprite,Carbonated Soft Drinks,Convenience,Eastern Cape,10,45.49,27.44,454.9,180.5,50.8,404.1,57.7,1,D
2024Q4,Fanta,Carbonated Soft Drinks,Mass Retail,Mpumalanga,70,50.01,26.26,3500.7,1662.5,322.63,3178.07,82.5,0,D
2024Q3,Fanta,Carbonated Soft Drinks,Wholesale,Northern Cape,6,55.34,34.06,332.04,127.68,29.52,302.52,83.6,0,A
2024Q2,Coca-Cola,Carbonated Soft Drinks,Mass Retail,Western Cape,12,55.49,28.54,665.88,323.4,64.71,601.17,72.6,0,A
2024Q3,Bonaqua,Water,Petrol & Travel,Gauteng,55,35.45,19.22,1949.75,892.65,171.1,1778.65,60.4,0,B
2024Q4,Cappy,Juices & Nectars,E-Commerce,Western Cape,20,71.08,37.11,1421.6,679.4,132.06,1289.54,81.9,0,A
2024Q3,Powerplay,Energy Drinks,Convenience,Gauteng,15,122.34,65.49,1835.1,852.75,110.81,1724.29,53.3,0,A
2024Q4,Coca-Cola,Carbonated Soft Drinks,Convenience,Mpumalanga,40,53.03,32.19,2121.2,833.6,154.19,1967.01,89.9,1,B
2024Q3,Coca-Cola,Carbonated Soft Drinks,On-Trade,KwaZulu-Natal,82,55.31,28.45,4535.42,2202.52,425.92,4109.5,47.3,0,B
2024Q4,Sprite,Carbonated Soft Drinks,Mass Retail,Eastern Cape,50,51.48,26.33,2574.0,1257.5,117.06,2456.94,70.5,1,C
2024Q1,Coca-Cola,Carbonated Soft Drinks,Mass Retail,Limpopo,16,55.31,29.2,884.96,417.76,75.57,809.39,60.1,0,C
2024Q4,Coca-Cola,Carbonated Soft Drinks,Convenience,Mpumalanga,22,53.92,26.5,1186.24,603.24,78.61,1107.63,67.5,0,B
2024Q3,Stoney,Carbonated Soft Drinks,Mass Retail,Western Cape,89,57.06,27.7,5078.34,2613.04,378.55,4699.79,65.3,0,C
2024Q3,Monster,Energy Drinks,E-Commerce,Western Cape,33,115.82,71.6,3822.06,1459.26,245.3,3576.76,46.6,1,A
2024Q3,Coca-Cola,Carbonated Soft Drinks,Mass Retail,Gauteng,9,48.19,23.79,433.71,219.6,32.36,401.35,62.9,1,B
2024Q3,Bonaqua,Water,Wholesale,Gauteng,55,39.28,20.52,2160.4,1031.8,209.81,1950.59,77.4,0,C
2024Q1,Powerplay,Energy Drinks,Mass Retail,Gauteng,19,97.09,54.65,1844.71,806.36,125.55,1719.16,56.4,1,A
2024Q2,Coca-Cola,Carbonated Soft Drinks,Mass Retail,KwaZulu-Natal,29,56.24,31.92,1630.96,705.28,129.23,1501.73,91.2,0,C
2024Q3,Monster,Energy Drinks,Mass Retail,Gauteng,63,110.81,64.35,6981.03,2926.98,341.54,6639.49,54.4,0,C
2024Q4,Schweppes,Mixers,Mass Retail,KwaZulu-Natal,37,63.01,35.14,2331.37,1031.19,211.12,2120.25,68.3,0,B
2024Q1,Coca-Cola,Carbonated Soft Drinks,On-Trade,KwaZulu-Natal,58,57.59,30.19,3340.22,1589.2,176.62,3163.6,66.7,0,C
2024Q1,Coca-Cola,Carbonated Soft Drinks,E-Commerce,Gauteng,11,58.38,33.03,642.18,278.85,67.49,574.69,46.4,0,C
2024Q2,Coca-Cola,Carbonated Soft Drinks,Convenience,KwaZulu-Natal,41,58.6,33.47,2402.6,1030.33,195.41,2207.19,97.6,1,A
2024Q4,Coca-Cola,Carbonated Soft Drinks,Mass Retail,Western Cape,16,51.94,26.09,831.04,413.6,58.71,772.33,53.2,0,C
2024Q4,Stoney,Carbonated Soft Drinks,Convenience,KwaZulu-Natal,29,61.65,35.11,1787.85,769.66,147.86,1639.99,88.2,0,B
2024Q2,Schweppes,Mixers,Wholesale,Gauteng,34,65.04,39.44,2211.36,870.4,249.17,1962.19,72.8,0,B
2024Q2,Coca-Cola,Carbonated Soft Drinks,Petrol & Travel,Gauteng,14,49.74,30.11,696.36,274.82,69.33,627.03,50.6,0,C
2024Q3,Stoney,Carbonated Soft Drinks,Mass Retail,Gauteng,57,61.86,30.11,3526.02,1809.75,283.48,3242.54,82.0,0,C
2024Q3,Coca-Cola,Carbonated Soft Drinks,Convenience,Free State,74,54.25,28.88,4014.5,1877.38,433.14,3581.36,53.6,1,B
2024Q3,Fanta,Carbonated Soft Drinks,Mass Retail,Western Cape,29,48.35,25.78,1402.15,654.53,146.41,1255.74,79.6,0,C
2024Q3,Fanta,Carbonated Soft Drinks,On-Trade,North West,23,50.66,25.6,1165.18,576.38,105.05,1060.13,79.0,0,B
2024Q1,Coca-Cola,Carbonated Soft Drinks,Mass Retail,Western Cape,115,49.2,28.33,5658.0,2400.05,662.39,4995.61,56.4,0,B
2024Q4,Cappy,Juices & Nectars,Mass Retail,Eastern Cape,36,59.23,31.3,2132.28,1005.48,175.0,1957.28,57.3,1,A
2024Q3,Cappy,Juices & Nectars,Mass Retail,KwaZulu-Natal,7,71.24,36.01,498.68,246.61,32.87,465.81,47.6,0,C
2024Q3,Fanta,Carbonated Soft Drinks,Petrol & Travel,KwaZulu-Natal,91,51.36,27.7,4673.76,2153.06,524.7,4149.06,70.6,0,B
2024Q4,Cappy,Juices & Nectars,Convenience,Western Cape,133,66.53,37.21,8848.49,3899.56,546.2,8302.29,52.7,0,B
2024Q1,Powerade,Sports Drinks,Mass Retail,KwaZulu-Natal,15,67.29,36.03,1009.35,468.9,81.94,927.41,88.8,1,C
2024Q4,Sprite,Carbonated Soft Drinks,Wholesale,Western Cape,76,53.18,30.35,4041.68,1735.08,255.42,3786.26,89.8,0,B
2024Q4,Powerplay,Energy Drinks,Convenience,Gauteng,47,108.46,66.44,5097.62,1974.94,350.12,4747.5,52.5,0,B
2024Q2,Coca-Cola,Carbonated Soft Drinks,Mass Retail,Gauteng,53,51.42,30.95,2725.26,1084.91,220.52,2504.74,75.0,1,B
2024Q2,Coca-Cola,Carbonated Soft Drinks,E-Commerce,KwaZulu-Natal,20,53.82,32.38,1076.4,428.8,98.45,977.95,57.2,1,A
2024Q4,Bonaqua,Water,Mass Retail,Gauteng,62,41.2,23.92,2554.4,1071.36,173.4,2381.0,76.1,0,A
2024Q3,Coca-Cola,Carbonated Soft Drinks,Mass Retail,Western Cape,12,59.87,33.92,718.44,311.4,48.37,670.07,46.5,0,C
2024Q4,Monster,Energy Drinks,Mass Retail,Gauteng,38,116.75,57.41,4436.5,2254.92,491.56,3944.94,59.3,1,B
2024Q1,Bonaqua,Water,Mass Retail,North West,55,34.87,19.4,1917.85,850.85,152.11,1765.74,83.0,0,B
2024Q3,Coca-Cola,Carbonated Soft Drinks,Petrol & Travel,KwaZulu-Natal,20,54.14,31.92,1082.8,444.4,100.81,981.99,81.2,0,A
2024Q4,Fanta,Carbonated Soft Drinks,Convenience,Gauteng,20,50.98,30.55,1019.6,408.6,45.31,974.29,52.9,0,A
2024Q4,Coca-Cola,Carbonated Soft Drinks,Mass Retail,KwaZulu-Natal,26,52.69,32.08,1369.94,535.86,161.5,1208.44,77.1,0,B
2024Q3,Fanta,Carbonated Soft Drinks,Convenience,Western Cape,16,54.77,30.07,876.32,395.2,99.28,777.04,95.6,0,C
2024Q1,Monster,Energy Drinks,Convenience,Northern Cape,16,104.3,54.41,1668.8,798.24,125.67,1543.13,61.7,0,A
2024Q2,Sprite,Carbonated Soft Drinks,Mass Retail,North West,97,58.11,33.88,5636.67,2350.31,592.72,5043.95,46.7,1,D
2024Q4,Powerplay,Energy Drinks,On-Trade,Mpumalanga,37,121.14,67.95,4482.18,1968.03,198.14,4284.04,58.5,0,C
2024Q2,Fanta,Carbonated Soft Drinks,On-Trade,Western Cape,394,50.16,29.93,19763.04,7970.62,1640.53,18122.51,72.4,0,D
2024Q2,Bonaqua,Water,E-Commerce,KwaZulu-Natal,36,35.53,21.25,1279.08,514.08,62.54,1216.54,87.1,1,C
2024Q4,Schweppes,Mixers,E-Commerce,Gauteng,47,62.94,31.91,2958.18,1458.41,230.35,2727.83,81.1,0,C
2024Q2,Coca-Cola,Carbonated Soft Drinks,Wholesale,Western Cape,67,51.34,28.38,3439.78,1538.32,276.8,3162.98,48.3,0,B
2024Q3,Coca-Cola,Carbonated Soft Drinks,Convenience,KwaZulu-Natal,36,46.56,27.59,1676.16,682.92,95.94,1580.22,73.0,1,A
2024Q2,Sprite,Carbonated Soft Drinks,Mass Retail,Eastern Cape,44,62.17,37.29,2735.48,1094.72,305.18,2430.3,79.4,0,B
2024Q1,Cappy,Juices & Nectars,Convenience,Gauteng,5,71.79,40.97,358.95,154.1,40.44,318.51,67.1,0,B
2024Q3,Cappy,Juices & Nectars,Convenience,Gauteng,13,56.08,27.5,729.04,371.54,58.23,670.81,71.2,0,D
2024Q2,Sprite,Carbonated Soft Drinks,Mass Retail,Limpopo,93,48.42,29.19,4503.06,1788.39,524.33,3978.73,75.9,1,C
2024Q1,Schweppes,Mixers,Petrol & Travel,KwaZulu-Natal,16,55.4,27.7,886.4,443.2,47.35,839.05,47.4,0,B
2024Q3,Coca-Cola,Carbonated Soft Drinks,Wholesale,Western Cape,146,53.6,31.94,7825.6,3162.36,808.57,7017.03,91.8,0,A
2024Q3,Sprite,Carbonated Soft Drinks,On-Trade,Limpopo,54,55.0,31.97,2970.0,1243.62,135.59,2834.41,81.1,0,B
2024Q4,Coca-Cola,Carbonated Soft Drinks,Mass Retail,KwaZulu-Natal,27,55.22,31.03,1490.94,653.13,61.09,1429.85,62.6,1,A
2024Q4,Sprite,Carbonated Soft Drinks,Wholesale,Gauteng,96,55.78,28.39,5354.88,2629.44,440.15,4914.73,55.8,1,B
2024Q3,Fanta,Carbonated Soft Drinks,E-Commerce,Gauteng,17,50.13,28.18,852.21,373.15,36.22,815.99,50.7,0,B
2024Q2,Coca-Cola,Carbonated Soft Drinks,On-Trade,Gauteng,24,52.34,29.32,1256.16,552.48,134.51,1121.65,83.3,1,B
2024Q4,Coca-Cola,Carbonated Soft Drinks,Mass Retail,Western Cape,129,55.84,27.09,7203.36,3708.75,781.04,6422.32,93.0,0,B
2024Q4,Coca-Cola,Carbonated Soft Drinks,On-Trade,KwaZulu-Natal,51,55.04,31.3,2807.04,1210.74,264.68,2542.36,87.7,0,B
2024Q1,Sprite,Carbonated Soft Drinks,Mass Retail,Free State,13,48.72,29.5,633.36,249.86,26.2,607.16,82.0,0,B
2024Q1,Coca-Cola,Carbonated Soft Drinks,E-Commerce,Gauteng,21,55.46,30.08,1164.66,532.98,75.66,1089.0,59.2,0,C
2024Q2,Stoney,Carbonated Soft Drinks,Convenience,Mpumalanga,109,53.18,31.58,5796.62,2354.4,369.63,5426.99,56.3,0,A
2024Q3,Fanta,Carbonated Soft Drinks,Wholesale,Gauteng,57,51.2,24.69,2918.4,1511.07,315.9,2602.5,72.6,0,D
2024Q4,Coca-Cola,Carbonated Soft Drinks,Convenience,Eastern Cape,29,48.46,24.8,1405.34,686.14,84.8,1320.54,71.7,0,B
2024Q2,Coca-Cola,Carbonated Soft Drinks,Convenience,Eastern Cape,52,58.32,32.4,3032.64,1347.84,224.97,2807.67,96.6,0,B
2024Q3,Coca-Cola,Carbonated Soft Drinks,Mass Retail,Gauteng,17,48.88,27.65,830.96,360.91,67.99,762.97,45.4,0,A
2024Q2,Coca-Cola,Carbonated Soft Drinks,On-Trade,Gauteng,73,57.29,28.05,4182.17,2134.52,288.42,3893.75,94.6,0,B
2024Q2,Coca-Cola,Carbonated Soft Drinks,E-Commerce,North West,17,49.99,27.14,849.83,388.45,58.18,791.65,81.2,0,B
2024Q1,Coca-Cola,Carbonated Soft Drinks,E-Commerce,KwaZulu-Natal,21,51.29,31.06,1077.09,424.83,46.35,1030.74,95.5,0,B
2024Q4,Coca-Cola,Carbonated Soft Drinks,Mass Retail,KwaZulu-Natal,32,49.6,26.94,1587.2,725.12,105.58,1481.62,95.8,0,B
2024Q4,Coca-Cola,Carbonated Soft Drinks,On-Trade,Gauteng,15,53.96,31.45,809.4,337.65,79.45,729.95,67.5,0,A
2024Q2,Stoney,Carbonated Soft Drinks,On-Trade,Western Cape,21,56.1,27.42,1178.1,602.28,122.09,1056.01,78.0,0,B
2024Q3,Coca-Cola,Carbonated Soft Drinks,Mass Retail,KwaZulu-Natal,28,46.84,24.1,1311.52,636.72,79.63,1231.89,91.4,0,B
2024Q3,Sprite,Carbonated Soft Drinks,Convenience,Free State,25,45.39,22.97,1134.75,560.5,56.3,1078.45,91.1,0,B
2024Q3,Coca-Cola,Carbonated Soft Drinks,Mass Retail,Gauteng,27,49.41,30.35,1334.07,514.62,62.24,1271.83,79.1,0,B
2024Q4,Sprite,Carbonated Soft Drinks,Petrol & Travel,KwaZulu-Natal,32,57.2,28.76,1830.4,910.08,102.81,1727.59,92.1,0,A
2024Q2,Coca-Cola,Carbonated Soft Drinks,Convenience,Gauteng,99,54.35,31.72,5380.65,2240.37,500.11,4880.54,88.8,0,A
2024Q2,Fanta,Carbonated Soft Drinks,E-Commerce,Free State,9,50.86,29.71,457.74,190.35,35.65,422.09,60.6,0,C
2024Q2,Cappy,Juices & Nectars,Convenience,Gauteng,44,67.76,34.09,2981.44,1481.48,274.1,2707.34,57.9,0,B
2024Q3,Powerplay,Energy Drinks,Mass Retail,Western Cape,41,102.18,60.36,4189.38,1714.62,286.53,3902.85,95.6,0,A
2024Q4,Monster,Energy Drinks,Wholesale,Gauteng,14,102.44,61.93,1434.16,567.14,168.33,1265.83,48.7,0,C
2024Q4,Sprite,Carbonated Soft Drinks,Convenience,Eastern Cape,16,55.84,29.75,893.44,417.44,58.4,835.04,73.4,0,B
2024Q2,Fanta,Carbonated Soft Drinks,E-Commerce,KwaZulu-Natal,18,51.72,30.71,930.96,378.18,87.77,843.19,92.1,0,A
2024Q1,Coca-Cola,Carbonated Soft Drinks,Mass Retail,Gauteng,6,47.63,29.08,285.78,111.3,27.78,258.0,94.2,0,C
2024Q4,Bonaqua,Water,Wholesale,Gauteng,15,41.23,21.47,618.45,296.4,72.67,545.78,61.9,1,C
2024Q2,Bonaqua,Water,Mass Retail,Western Cape,75,43.33,22.53,3249.75,1560.0,207.38,3042.37,69.9,1,D
2024Q1,Cappy,Juices & Nectars,Convenience,Gauteng,19,72.43,43.42,1376.17,551.19,143.41,1232.76,80.1,0,B
2024Q4,Coca-Cola,Carbonated Soft Drinks,Mass Retail,Gauteng,3,55.49,29.27,166.47,78.66,17.95,148.52,70.6,0,D
2024Q1,Powerplay,Energy Drinks,E-Commerce,Gauteng,34,111.42,61.43,3788.28,1699.66,310.08,3478.2,56.4,0,C
2024Q2,Bonaqua,Water,Mass Retail,Gauteng,37,37.76,21.14,1397.12,614.94,158.06,1239.06,72.9,1,B
2024Q1,Powerplay,Energy Drinks,On-Trade,Gauteng,16,109.78,55.83,1756.48,863.2,74.63,1681.85,72.2,1,C
2024Q1,Sprite,Carbonated Soft Drinks,E-Commerce,Gauteng,60,55.13,32.02,3307.8,1386.6,152.8,3155.0,56.9,0,B
2024Q4,Sprite,Carbonated Soft Drinks,Mass Retail,Western Cape,40,61.21,34.06,2448.4,1086.0,285.54,2162.86,84.6,0,B
2024Q1,Powerade,Sports Drinks,On-Trade,Gauteng,60,56.51,31.99,3390.6,1471.2,222.85,3167.75,75.2,1,D
2024Q2,Powerplay,Energy Drinks,On-Trade,KwaZulu-Natal,24,99.82,58.25,2395.68,997.68,271.42,2124.26,69.3,0,C
2024Q2,Coca-Cola,Carbonated Soft Drinks,Mass Retail,Limpopo,104,53.49,31.62,5562.96,2274.48,336.66,5226.3,73.0,0,C
2024Q4,Cappy,Juices & Nectars,Petrol & Travel,Gauteng,40,63.67,39.14,2546.8,981.2,163.11,2383.69,90.7,0,B
2024Q1,Stoney,Carbonated Soft Drinks,E-Commerce,KwaZulu-Natal,17,63.29,33.34,1075.93,509.15,46.12,1029.81,89.1,0,B
2024Q2,Coca-Cola,Carbonated Soft Drinks,Convenience,Free State,10,57.38,28.16,573.8,292.2,57.52,516.28,83.5,0,B
2024Q3,Powerplay,Energy Drinks,On-Trade,KwaZulu-Natal,61,113.14,66.12,6901.54,2868.22,624.28,6277.26,67.6,0,C
2024Q4,Sprite,Carbonated Soft Drinks,Mass Retail,Western Cape,13,62.76,30.86,815.88,414.7,51.61,764.27,73.8,1,D
2024Q4,Cappy,Juices & Nectars,Mass Retail,KwaZulu-Natal,37,58.76,29.6,2174.12,1078.92,226.18,1947.94,70.7,0,C
2024Q3,Sprite,Carbonated Soft Drinks,Petrol & Travel,Gauteng,23,51.49,27.67,1184.27,547.86,123.94,1060.33,85.8,1,C
2024Q2,Coca-Cola,Carbonated Soft Drinks,Convenience,Western Cape,10,54.62,33.77,546.2,208.5,63.45,482.75,74.9,0,C
2024Q2,Coca-Cola,Carbonated Soft Drinks,Wholesale,Northern Cape,55,55.64,32.16,3060.2,1291.4,357.08,2703.12,76.6,0,B
2024Q2,Fanta,Carbonated Soft Drinks,E-Commerce,Gauteng,47,53.66,31.26,2522.02,1052.8,148.13,2373.89,64.7,1,D
2024Q4,Cappy,Juices & Nectars,E-Commerce,Western Cape,2,69.01,42.76,138.02,52.5,12.27,125.75,86.7,0,C
2024Q1,Powerade,Sports Drinks,Convenience,Western Cape,45,73.49,42.45,3307.05,1396.8,210.18,3096.87,74.1,0,B
2024Q3,Fanta,Carbonated Soft Drinks,Wholesale,Eastern Cape,62,50.72,30.72,3144.64,1240.0,370.06,2774.58,80.4,0,B
2024Q4,Coca-Cola,Carbonated Soft Drinks,E-Commerce,Western Cape,21,55.19,29.79,1158.99,533.4,68.46,1090.53,45.2,1,B
2024Q4,Cappy,Juices & Nectars,Mass Retail,Western Cape,8,63.1,37.02,504.8,208.64,53.81,450.99,96.7,0,C
2024Q2,Powerade,Sports Drinks,Mass Retail,KwaZulu-Natal,7,65.42,33.44,457.94,223.86,26.12,431.82,66.7,0,C
2024Q1,Powerplay,Energy Drinks,Mass Retail,Gauteng,53,101.0,53.46,5353.0,2519.62,409.94,4943.06,52.9,0,B
2024Q4,Bonaqua,Water,On-Trade,Gauteng,35,37.32,18.43,1306.2,661.15,134.85,1171.35,75.0,0,B
2024Q2,Coca-Cola,Carbonated Soft Drinks,On-Trade,North West,7,46.76,23.09,327.32,165.69,26.81,300.51,72.3,0,A
2024Q1,Coca-Cola,Carbonated Soft Drinks,Mass Retail,Gauteng,58,54.19,31.71,3143.02,1303.84,161.89,2981.13,78.0,1,A
2024Q4,Sprite,Carbonated Soft Drinks,Mass Retail,North West,15,62.09,30.95,931.35,467.1,101.48,829.87,77.5,0,A
2024Q3,Fanta,Carbonated Soft Drinks,Mass Retail,Western Cape,34,48.08,29.29,1634.72,638.86,143.38,1491.34,96.5,1,B
2024Q1,Fanta,Carbonated Soft Drinks,Convenience,KwaZulu-Natal,98,51.3,28.4,5027.4,2244.2,237.72,4789.68,75.9,0,C
2024Q3,Powerade,Sports Drinks,Convenience,Western Cape,68,71.72,42.16,4876.96,2010.08,453.93,4423.03,56.4,0,C
2024Q1,Monster,Energy Drinks,Convenience,Western Cape,34,103.86,54.4,3531.24,1681.64,204.92,3326.32,71.8,0,B
2024Q4,Fanta,Carbonated Soft Drinks,Wholesale,North West,44,45.15,24.37,1986.6,914.32,132.68,1853.92,75.0,0,D
2024Q1,Sprite,Carbonated Soft Drinks,Petrol & Travel,Eastern Cape,53,58.64,34.39,3107.92,1285.25,221.05,2886.87,84.8,0,B
2024Q1,Fanta,Carbonated Soft Drinks,Mass Retail,Eastern Cape,47,42.88,22.5,2015.36,957.86,149.01,1866.35,71.1,0,B
2024Q1,Cappy,Juices & Nectars,Mass Retail,Northern Cape,5,68.87,35.45,344.35,167.1,25.03,319.32,72.3,0,B
2024Q4,Fanta,Carbonated Soft Drinks,On-Trade,Western Cape,26,48.45,25.83,1259.7,588.12,86.71,1172.99,65.8,0,A
2024Q1,Stoney,Carbonated Soft Drinks,On-Trade,KwaZulu-Natal,33,49.9,28.31,1646.7,712.47,96.45,1550.25,83.1,0,D
2024Q4,Sprite,Carbonated Soft Drinks,Convenience,Western Cape,96,54.35,27.94,5217.6,2535.36,577.35,4640.25,74.7,0,C
2024Q1,Fanta,Carbonated Soft Drinks,On-Trade,Gauteng,37,50.85,28.69,1881.45,819.92,188.62,1692.83,68.0,0,C
2024Q2,Sprite,Carbonated Soft Drinks,Wholesale,Gauteng,47,53.09,25.49,2495.23,1297.2,156.18,2339.05,76.0,0,A
2024Q1,Fanta,Carbonated Soft Drinks,Convenience,KwaZulu-Natal,33,56.19,30.98,1854.27,831.93,181.76,1672.51,71.4,0,A
2024Q2,Sprite,Carbonated Soft Drinks,Mass Retail,Eastern Cape,27,59.21,31.61,1598.67,745.2,64.4,1534.27,77.5,1,C
2024Q4,Coca-Cola,Carbonated Soft Drinks,Mass Retail,Western Cape,102,52.1,29.02,5314.2,2354.16,327.2,4987.0,86.7,1,A
2024Q1,Sprite,Carbonated Soft Drinks,On-Trade,Mpumalanga,57,61.89,31.18,3527.73,1750.47,396.55,3131.18,55.6,0,A
2024Q1,Coca-Cola,Carbonated Soft Drinks,Petrol & Travel,KwaZulu-Natal,68,56.56,33.42,3846.08,1573.52,232.83,3613.25,68.5,0,B
2024Q3,Sprite,Carbonated Soft Drinks,On-Trade,Gauteng,139,52.94,30.11,7358.66,3173.37,361.84,6996.82,86.4,0,B
2024Q4,Coca-Cola,Carbonated Soft Drinks,Convenience,Gauteng,15,53.83,27.86,807.45,389.55,57.7,749.75,59.8,1,A
2024Q4,Coca-Cola,Carbonated Soft Drinks,Wholesale,KwaZulu-Natal,50,56.82,31.77,2841.0,1252.5,164.99,2676.01,93.7,1,B
2024Q1,Bonaqua,Water,Wholesale,Limpopo,12,42.42,21.57,509.04,250.2,33.58,475.46,45.4,0,A
2024Q3,Coca-Cola,Carbonated Soft Drinks,Mass Retail,Gauteng,62,49.58,26.29,3073.96,1443.98,240.99,2832.97,96.2,1,B
2024Q4,Sprite,Carbonated Soft Drinks,Petrol & Travel,KwaZulu-Natal,70,59.01,30.15,4130.7,2020.2,330.79,3799.91,63.6,0,A
2024Q4,Coca-Cola,Carbonated Soft Drinks,Mass Retail,Gauteng,23,61.64,36.31,1417.72,582.59,83.38,1334.34,84.9,0,A
2024Q3,Coca-Cola,Carbonated Soft Drinks,E-Commerce,Gauteng,41,53.59,28.78,2197.19,1017.21,260.47,1936.72,65.1,0,B
2024Q2,Coca-Cola,Carbonated Soft Drinks,Wholesale,Gauteng,74,55.45,27.13,4103.3,2095.68,414.73,3688.57,86.1,0,C
2024Q4,Cappy,Juices & Nectars,Mass Retail,Western Cape,30,56.86,28.17,1705.8,860.7,132.59,1573.21,57.9,0,A
2024Q1,Coca-Cola,Carbonated Soft Drinks,On-Trade,KwaZulu-Natal,22,49.54,24.31,1089.88,555.06,123.8,966.08,73.1,0,A
2024Q1,Coca-Cola,Carbonated Soft Drinks,Convenience,Limpopo,195,54.55,33.22,10637.25,4159.35,577.55,10059.7,60.7,0,B
2024Q4,Powerade,Sports Drinks,Mass Retail,Gauteng,28,67.13,33.61,1879.64,938.56,79.15,1800.49,97.5,1,C
2024Q1,Sprite,Carbonated Soft Drinks,Mass Retail,Gauteng,23,55.77,27.41,1282.71,652.28,100.73,1181.98,66.5,0,C
2024Q2,Coca-Cola,Carbonated Soft Drinks,Mass Retail,Western Cape,58,51.6,28.63,2992.8,1332.26,285.81,2706.99,92.5,1,C
2024Q2,Bonaqua,Water,Convenience,KwaZulu-Natal,24,39.59,19.78,950.16,475.44,76.97,873.19,62.0,0,C
2024Q4,Coca-Cola,Carbonated Soft Drinks,On-Trade,Eastern Cape,15,52.41,27.49,786.15,373.8,64.62,721.53,95.2,0,B
2024Q3,Cappy,Juices & Nectars,Mass Retail,KwaZulu-Natal,29,63.47,31.76,1840.63,919.59,107.49,1733.14,77.8,1,B
2024Q1,Coca-Cola,Carbonated Soft Drinks,On-Trade,Western Cape,209,48.93,26.38,10226.37,4712.95,424.7,9801.67,97.2,0,C
2024Q3,Cappy,Juices & Nectars,E-Commerce,Gauteng,19,72.73,39.75,1381.87,626.62,98.22,1283.65,63.2,1,B
2024Q3,Sprite,Carbonated Soft Drinks,E-Commerce,Mpumalanga,63,54.07,31.18,3406.41,1442.07,175.89,3230.52,76.3,0,C
2024Q4,Fanta,Carbonated Soft Drinks,Wholesale,Limpopo,17,51.87,31.2,881.79,351.39,56.54,825.25,69.1,0,B
2024Q2,Sprite,Carbonated Soft Drinks,Wholesale,KwaZulu-Natal,36,47.68,26.09,1716.48,777.24,151.7,1564.78,70.4,0,B
2024Q1,Coca-Cola,Carbonated Soft Drinks,Convenience,Western Cape,17,48.19,29.34,819.23,320.45,37.8,781.43,77.3,0,B
2024Q2,Coca-Cola,Carbonated Soft Drinks,Mass Retail,Gauteng,156,52.25,26.34,8151.0,4041.96,882.02,7268.98,52.4,0,B
2024Q3,Powerplay,Energy Drinks,Wholesale,KwaZulu-Natal,35,101.62,58.31,3556.7,1515.85,410.08,3146.62,84.2,0,D
2024Q3,Coca-Cola,Carbonated Soft Drinks,Mass Retail,KwaZulu-Natal,32,55.17,30.82,1765.44,779.2,154.81,1610.63,66.7,0,B
2024Q2,Sprite,Carbonated Soft Drinks,On-Trade,Eastern Cape,39,49.53,28.78,1931.67,809.25,216.96,1714.71,91.8,0,C
2024Q3,Stoney,Carbonated Soft Drinks,Mass Retail,KwaZulu-Natal,12,67.47,36.81,809.64,367.92,91.09,718.55,94.3,0,A
2024Q3,Sprite,Carbonated Soft Drinks,Convenience,Gauteng,29,57.5,31.78,1667.5,745.88,170.63,1496.87,74.8,0,B
2024Q2,Coca-Cola,Carbonated Soft Drinks,E-Commerce,Free State,137,50.49,29.84,6917.13,2829.05,550.11,6367.02,90.4,0,C
2024Q3,Cappy,Juices & Nectars,Convenience,Western Cape,15,65.76,35.19,986.4,458.55,97.37,889.03,93.8,1,D
2024Q1,Sprite,Carbonated Soft Drinks,Mass Retail,Gauteng,15,53.54,30.88,803.1,339.9,93.81,709.29,79.0,0,B
2024Q1,Bonaqua,Water,E-Commerce,Northern Cape,16,40.75,23.72,652.0,272.48,57.48,594.52,80.1,0,A
2024Q3,Cappy,Juices & Nectars,Mass Retail,Western Cape,56,70.46,42.97,3945.76,1539.44,470.31,3475.45,75.8,1,B
2024Q4,Sprite,Carbonated Soft Drinks,Mass Retail,Northern Cape,106,54.45,26.35,5771.7,2978.6,257.13,5514.57,48.6,0,B
2024Q2,Sprite,Carbonated Soft Drinks,Convenience,Gauteng,5,55.46,27.44,277.3,140.1,27.34,249.96,62.0,1,A
2024Q1,Cappy,Juices & Nectars,Petrol & Travel,Gauteng,61,77.41,41.08,4722.01,2216.13,431.21,4290.8,59.4,0,B
2024Q4,Fanta,Carbonated Soft Drinks,Mass Retail,Eastern Cape,20,48.19,28.41,963.8,395.6,93.13,870.67,54.7,1,A
2024Q3,Powerplay,Energy Drinks,On-Trade,Gauteng,48,113.4,59.63,5443.2,2580.96,504.34,4938.86,51.6,0,D
2024Q2,Stoney,Carbonated Soft Drinks,Mass Retail,Gauteng,31,58.58,28.73,1815.98,925.35,141.67,1674.31,67.3,0,B
2024Q2,Fanta,Carbonated Soft Drinks,Mass Retail,KwaZulu-Natal,29,48.32,28.31,1401.28,580.29,97.41,1303.87,82.9,0,A
2024Q4,Fanta,Carbonated Soft Drinks,Mass Retail,Gauteng,121,42.23,25.89,5109.83,1977.14,248.89,4860.94,46.7,0,A
2024Q3,Schweppes,Mixers,Petrol & Travel,Gauteng,3,50.71,28.92,152.13,65.37,12.85,139.28,78.6,0,C
2024Q2,Coca-Cola,Carbonated Soft Drinks,Mass Retail,Western Cape,32,59.03,32.15,1888.96,860.16,172.21,1716.75,69.2,0,B
2024Q1,Coca-Cola,Carbonated Soft Drinks,Mass Retail,Gauteng,95,51.83,26.9,4923.85,2368.35,402.83,4521.02,63.3,1,A
2024Q4,Schweppes,Mixers,Convenience,Limpopo,39,55.51,29.35,2164.89,1020.24,258.89,1906.0,61.0,1,B
2024Q4,Coca-Cola,Carbonated Soft Drinks,E-Commerce,Western Cape,87,53.04,26.89,4614.48,2275.05,446.46,4168.02,48.3,0,B
2024Q4,Cappy,Juices & Nectars,Convenience,KwaZulu-Natal,3,64.06,39.48,192.18,73.74,22.91,169.27,79.5,1,A
2024Q4,Cappy,Juices & Nectars,Mass Retail,KwaZulu-Natal,458,70.58,38.96,32325.64,14481.96,2765.76,29559.88,46.0,0,C
2024Q4,Fanta,Carbonated Soft Drinks,Mass Retail,Western Cape,20,51.44,28.8,1028.8,452.8,87.93,940.87,81.2,1,C
2024Q4,Schweppes,Mixers,Convenience,KwaZulu-Natal,10,61.12,33.68,611.2,274.4,62.26,548.94,82.4,1,A
2024Q3,Sprite,Carbonated Soft Drinks,Mass Retail,Western Cape,46,55.73,27.97,2563.58,1276.96,277.46,2286.12,82.2,0,A
2024Q4,Coca-Cola,Carbonated Soft Drinks,Mass Retail,KwaZulu-Natal,15,47.82,29.02,717.3,282.0,49.34,667.96,48.3,0,D
2024Q1,Stoney,Carbonated Soft Drinks,On-Trade,KwaZulu-Natal,40,58.08,33.1,2323.2,999.2,255.5,2067.7,86.6,1,B
2024Q4,Cappy,Juices & Nectars,Convenience,Western Cape,94,63.81,34.36,5998.14,2768.3,706.52,5291.62,84.0,1,A
2024Q4,Sprite,Carbonated Soft Drinks,Convenience,Western Cape,46,52.47,31.54,2413.62,962.78,200.11,2213.51,60.3,0,B
2024Q4,Coca-Cola,Carbonated Soft Drinks,Convenience,Northern Cape,11,47.15,24.24,518.65,252.01,46.01,472.64,92.7,0,A
2024Q2,Coca-Cola,Carbonated Soft Drinks,On-Trade,Western Cape,46,50.42,29.44,2319.32,965.08,265.49,2053.83,53.8,1,C
2024Q1,Powerade,Sports Drinks,Convenience,Eastern Cape,198,71.79,39.29,14214.42,6435.0,1249.69,12964.73,54.6,0,C
2024Q3,Coca-Cola,Carbonated Soft Drinks,On-Trade,KwaZulu-Natal,17,59.94,34.47,1018.98,432.99,77.54,941.44,62.7,0,A
2024Q4,Bonaqua,Water,Convenience,Gauteng,25,40.18,23.05,1004.5,428.25,108.09,896.41,63.8,1,B
2024Q1,Bonaqua,Water,Mass Retail,Gauteng,25,37.43,21.84,935.75,389.75,59.43,876.32,75.5,0,A
2024Q2,Coca-Cola,Carbonated Soft Drinks,Mass Retail,KwaZulu-Natal,25,48.81,28.38,1220.25,510.75,108.55,1111.7,51.3,1,B
2024Q1,Sprite,Carbonated Soft Drinks,Convenience,Gauteng,80,57.59,30.46,4607.2,2170.4,403.71,4203.49,54.0,0,C
2024Q1,Coca-Cola,Carbonated Soft Drinks,On-Trade,Gauteng,88,50.43,29.21,4437.84,1867.36,471.74,3966.1,60.1,1,B
2024Q3,Cappy,Juices & Nectars,Convenience,Eastern Cape,93,62.71,30.79,5832.03,2968.56,497.98,5334.05,67.7,1,C
2024Q1,Coca-Cola,Carbonated Soft Drinks,Wholesale,Gauteng,17,48.03,23.81,816.51,411.74,73.91,742.6,57.8,1,B
2024Q1,Coca-Cola,Carbonated Soft Drinks,Mass Retail,Free State,31,55.95,29.93,1734.45,806.62,169.82,1564.63,93.2,1,B
2024Q2,Coca-Cola,Carbonated Soft Drinks,Convenience,Free State,184,47.84,25.1,8802.56,4184.16,896.04,7906.52,96.5,0,C
2024Q2,Monster,Energy Drinks,On-Trade,Gauteng,16,104.51,64.17,1672.16,645.44,128.24,1543.92,56.0,0,B
2024Q1,Stoney,Carbonated Soft Drinks,On-Trade,Gauteng,15,55.29,33.35,829.35,329.1,43.95,785.4,48.4,1,A
2024Q4,Sprite,Carbonated Soft Drinks,Mass Retail,Western Cape,15,56.56,30.88,848.4,385.2,76.51,771.89,90.0,1,C
2024Q4,Sprite,Carbonated Soft Drinks,Convenience,Western Cape,21,58.33,33.53,1224.93,520.8,91.2,1133.73,51.1,0,D
2024Q4,Bonaqua,Water,Convenience,KwaZulu-Natal,20,38.73,20.53,774.6,364.0,71.47,703.13,57.4,1,C
2024Q4,Fanta,Carbonated Soft Drinks,Convenience,Western Cape,32,48.96,26.44,1566.72,720.64,91.98,1474.74,47.8,0,A
2024Q3,Coca-Cola,Carbonated Soft Drinks,Mass Retail,Northern Cape,57,55.85,33.54,3183.45,1271.67,129.78,3053.67,96.2,0,A
2024Q1,Powerplay,Energy Drinks,Convenience,Gauteng,5,104.81,55.53,524.05,246.4,56.27,467.78,84.6,0,B
2024Q2,Coca-Cola,Carbonated Soft Drinks,Mass Retail,Western Cape,18,61.5,30.3,1107.0,561.6,132.54,974.46,74.2,0,B
2024Q3,Fanta,Carbonated Soft Drinks,E-Commerce,Gauteng,82,41.13,25.17,3372.66,1308.72,179.81,3192.85,60.5,1,B
2024Q3,Coca-Cola,Carbonated Soft Drinks,Wholesale,Mpumalanga,27,49.98,27.59,1349.46,604.53,97.84,1251.62,47.4,0,B
2024Q4,Sprite,Carbonated Soft Drinks,Convenience,Limpopo,51,62.47,32.06,3185.97,1550.91,194.26,2991.71,71.0,0,A
2024Q1,Bonaqua,Water,Mass Retail,Gauteng,68,38.41,21.03,2611.88,1181.84,241.31,2370.57,55.0,0,B
2024Q4,Coca-Cola,Carbonated Soft Drinks,Convenience,Western Cape,41,43.79,25.81,1795.39,737.18,182.26,1613.13,63.8,0,A
2024Q1,Coca-Cola,Carbonated Soft Drinks,E-Commerce,KwaZulu-Natal,37,54.37,27.23,2011.69,1004.18,189.86,1821.83,50.6,0,D
2024Q2,Monster,Energy Drinks,Convenience,Western Cape,4,114.22,55.74,456.88,233.92,32.19,424.69,92.9,1,B
2024Q3,Fanta,Carbonated Soft Drinks,Mass Retail,Gauteng,61,49.86,26.69,3041.46,1413.37,225.84,2815.62,75.7,0,A
2024Q4,Fanta,Carbonated Soft Drinks,On-Trade,Western Cape,59,50.8,25.14,2997.2,1513.94,170.47,2826.73,64.6,0,B
2024Q3,Cappy,Juices & Nectars,Convenience,KwaZulu-Natal,52,65.0,31.7,3380.0,1731.6,389.63,2990.37,74.7,0,B
2024Q4,Cappy,Juices & Nectars,On-Trade,Limpopo,89,63.73,32.08,5671.97,2816.85,249.07,5422.9,66.0,0,B
2024Q1,Fanta,Carbonated Soft Drinks,On-Trade,KwaZulu-Natal,36,56.59,31.7,2037.24,896.04,102.66,1934.58,89.6,0,D
2024Q4,Coca-Cola,Carbonated Soft Drinks,E-Commerce,Western Cape,23,60.71,37.34,1396.33,537.51,154.05,1242.28,79.2,0,C
2024Q2,Schweppes,Mixers,Mass Retail,Eastern Cape,87,66.06,35.35,5747.22,2671.77,370.89,5376.33,66.6,0,A
2024Q3,Sprite,Carbonated Soft Drinks,Convenience,Gauteng,9,53.21,31.21,478.89,198.0,39.52,439.37,48.6,0,A
2024Q2,Coca-Cola,Carbonated Soft Drinks,Convenience,Gauteng,42,53.98,28.35,2267.16,1076.46,260.85,2006.31,49.1,0,B
2024Q1,Fanta,Carbonated Soft Drinks,Petrol & Travel,Gauteng,6,46.37,25.76,278.22,123.66,28.86,249.36,89.6,0,A
2024Q2,Coca-Cola,Carbonated Soft Drinks,On-Trade,Eastern Cape,13,51.08,24.86,664.04,340.86,60.62,603.42,48.4,0,B
2024Q1,Powerade,Sports Drinks,Wholesale,Western Cape,10,68.41,38.0,684.1,304.1,37.38,646.72,68.3,0,C
2024Q3,Cappy,Juices & Nectars,Mass Retail,Eastern Cape,12,66.18,38.47,794.16,332.52,43.63,750.53,84.1,0,C
2024Q3,Bonaqua,Water,Mass Retail,KwaZulu-Natal,83,39.89,23.1,3310.87,1393.57,141.15,3169.72,60.7,0,B
2024Q3,Coca-Cola,Carbonated Soft Drinks,Mass Retail,KwaZulu-Natal,34,50.52,29.4,1717.68,718.08,154.16,1563.52,85.3,0,C
2024Q4,Cappy,Juices & Nectars,Mass Retail,Free State,69,69.81,39.82,4816.89,2069.31,347.75,4469.14,70.0,0,B
2024Q4,Coca-Cola,Carbonated Soft Drinks,Convenience,Western Cape,24,54.57,28.81,1309.68,618.24,149.9,1159.78,75.7,1,A
2024Q2,Fanta,Carbonated Soft Drinks,E-Commerce,Gauteng,51,52.95,26.96,2700.45,1325.49,297.3,2403.15,72.9,0,B
2024Q4,Monster,Energy Drinks,Mass Retail,North West,22,109.53,59.87,2409.66,1092.52,148.4,2261.26,82.9,0,D
2024Q4,Bonaqua,Water,On-Trade,Western Cape,57,41.49,22.55,2364.93,1079.58,240.59,2124.34,89.7,0,C
2024Q2,Sprite,Carbonated Soft Drinks,Mass Retail,Gauteng,215,56.01,32.38,12042.15,5080.45,725.5,11316.65,87.9,0,B
2024Q1,Bonaqua,Water,On-Trade,Eastern Cape,147,39.35,22.95,5784.45,2410.8,537.84,5246.61,74.0,0,B
2024Q1,Cappy,Juices & Nectars,Mass Retail,Western Cape,18,66.42,39.73,1195.56,480.42,112.29,1083.27,90.0,1,B
2024Q4,Sprite,Carbonated Soft Drinks,Mass Retail,Western Cape,43,53.69,31.96,2308.67,934.39,223.24,2085.43,52.0,0,D
2024Q2,Sprite,Carbonated Soft Drinks,Mass Retail,Western Cape,28,59.57,32.04,1667.96,770.84,125.81,1542.15,49.4,0,B
2024Q3,Schweppes,Mixers,Mass Retail,Gauteng,110,59.68,30.34,6564.8,3227.4,613.17,5951.63,79.4,0,B
2024Q1,Monster,Energy Drinks,Mass Retail,Gauteng,9,123.8,60.4,1114.2,570.6,104.97,1009.23,62.4,0,A
2024Q2,Sprite,Carbonated Soft Drinks,Wholesale,North West,53,56.53,33.67,2996.09,1211.58,227.85,2768.24,65.6,1,D
2024Q3,Coca-Cola,Carbonated Soft Drinks,Mass Retail,Gauteng,16,50.86,31.33,813.76,312.48,69.91,743.85,51.8,0,C
2024Q1,Bonaqua,Water,On-Trade,KwaZulu-Natal,127,48.18,23.37,6118.86,3150.87,710.2,5408.66,59.6,1,A
2024Q1,Powerplay,Energy Drinks,Mass Retail,Gauteng,37,101.9,50.88,3770.3,1887.74,163.4,3606.9,65.1,0,D
2024Q2,Schweppes,Mixers,E-Commerce,Gauteng,25,54.14,29.15,1353.5,624.75,71.41,1282.09,71.8,1,C
2024Q3,Cappy,Juices & Nectars,Convenience,Gauteng,33,63.54,32.7,2096.82,1017.72,99.87,1996.95,67.5,0,B
2024Q1,Fanta,Carbonated Soft Drinks,E-Commerce,Gauteng,64,52.39,31.54,3352.96,1334.4,395.01,2957.95,85.5,0,B
2024Q1,Monster,Energy Drinks,Mass Retail,Eastern Cape,13,106.93,61.61,1390.09,589.16,166.25,1223.84,69.8,0,B
2024Q3,Coca-Cola,Carbonated Soft Drinks,Mass Retail,Western Cape,3,51.18,27.51,153.54,71.01,12.34,141.2,64.4,0,C
2024Q3,Stoney,Carbonated Soft Drinks,E-Commerce,Western Cape,43,58.58,30.92,2518.94,1189.38,163.09,2355.85,83.5,0,B
2024Q2,Stoney,Carbonated Soft Drinks,Convenience,Free State,29,57.17,33.22,1657.93,694.55,109.68,1548.25,78.4,0,C
2024Q4,Monster,Energy Drinks,On-Trade,Gauteng,49,113.71,61.47,5571.79,2559.76,297.06,5274.73,61.9,0,A
2024Q1,Coca-Cola,Carbonated Soft Drinks,Mass Retail,KwaZulu-Natal,77,49.13,28.2,3783.01,1611.61,372.77,3410.24,88.0,0,A
2024Q3,Powerade,Sports Drinks,Mass Retail,Eastern Cape,20,77.45,47.84,1549.0,592.2,132.48,1416.52,55.7,0,C
2024Q4,Stoney,Carbonated Soft Drinks,On-Trade,KwaZulu-Natal,48,60.7,30.65,2913.6,1442.4,135.74,2777.86,91.7,0,B
2024Q3,Bonaqua,Water,On-Trade,KwaZulu-Natal,17,35.74,20.46,607.58,259.76,40.34,567.24,91.5,1,D
2024Q2,Coca-Cola,Carbonated Soft Drinks,Convenience,Gauteng,20,50.61,24.76,1012.2,517.0,101.67,910.53,53.7,0,B
2024Q3,Coca-Cola,Carbonated Soft Drinks,Mass Retail,Free State,105,47.35,24.22,4971.75,2428.65,294.46,4677.29,75.5,0,B
2024Q3,Cappy,Juices & Nectars,Convenience,North West,60,71.05,40.78,4263.0,1816.2,323.69,3939.31,92.2,0,B
2024Q3,Cappy,Juices & Nectars,E-Commerce,KwaZulu-Natal,30,65.43,36.64,1962.9,863.7,191.81,1771.09,74.2,0,D
2024Q2,Cappy,Juices & Nectars,Wholesale,Gauteng,16,63.74,31.08,1019.84,522.56,87.57,932.27,81.5,0,D
2024Q2,Sprite,Carbonated Soft Drinks,Convenience,Northern Cape,21,55.98,27.65,1175.58,594.93,113.02,1062.56,64.5,0,A
2024Q3,Coca-Cola,Carbonated Soft Drinks,Convenience,Western Cape,40,53.05,26.74,2122.0,1052.4,167.43,1954.57,83.9,0,D
2024Q3,Stoney,Carbonated Soft Drinks,Convenience,Eastern Cape,19,63.04,31.96,1197.76,590.52,104.45,1093.31,84.3,0,C
2024Q4,Cappy,Juices & Nectars,Convenience,Gauteng,42,63.84,33.32,2681.28,1281.84,142.94,2538.34,52.8,0,C
2024Q3,Powerade,Sports Drinks,Mass Retail,Gauteng,8,73.58,35.53,588.64,304.4,28.11,560.53,60.4,0,B
2024Q2,Powerplay,Energy Drinks,Petrol & Travel,KwaZulu-Natal,36,100.64,50.0,3623.04,1823.04,206.26,3416.78,54.1,1,B
2024Q3,Bonaqua,Water,E-Commerce,Western Cape,23,46.86,27.94,1077.78,435.16,51.64,1026.14,52.7,0,B
2024Q4,Cappy,Juices & Nectars,Mass Retail,Western Cape,17,72.44,38.91,1231.48,570.01,78.97,1152.51,49.3,0,B
2024Q4,Bonaqua,Water,Mass Retail,Free State,105,41.18,23.56,4323.9,1850.1,350.84,3973.06,49.8,0,D
2024Q3,Bonaqua,Water,On-Trade,Gauteng,26,36.72,20.86,954.72,412.36,97.93,856.79,81.3,0,C
2024Q1,Coca-Cola,Carbonated Soft Drinks,Mass Retail,Mpumalanga,23,48.09,23.37,1106.07,568.56,107.91,998.16,95.5,1,C
2024Q1,Schweppes,Mixers,On-Trade,Western Cape,31,53.33,31.99,1653.23,661.54,139.13,1514.1,47.5,0,B
2024Q4,Coca-Cola,Carbonated Soft Drinks,Petrol & Travel,Western Cape,28,52.65,32.07,1474.2,576.24,112.12,1362.08,64.7,0,A
2024Q4,Coca-Cola,Carbonated Soft Drinks,Mass Retail,Free State,48,56.13,27.41,2694.24,1378.56,314.17,2380.07,52.8,0,A
2024Q3,Monster,Energy Drinks,E-Commerce,Eastern Cape,13,115.53,58.22,1501.89,745.03,164.65,1337.24,67.2,0,C
2024Q3,Schweppes,Mixers,Convenience,KwaZulu-Natal,137,57.48,31.45,7874.76,3566.11,496.03,7378.73,64.3,0,C
2024Q3,Monster,Energy Drinks,Wholesale,Western Cape,10,109.67,66.99,1096.7,426.8,113.76,982.94,48.0,0,A
2024Q3,Schweppes,Mixers,Mass Retail,Western Cape,16,59.59,30.58,953.44,464.16,90.95,862.49,86.3,1,B
2024Q3,Bonaqua,Water,Mass Retail,Gauteng,16,36.89,20.8,590.24,257.44,31.72,558.52,50.5,0,A
2024Q4,Coca-Cola,Carbonated Soft Drinks,Mass Retail,Gauteng,33,58.38,31.0,1926.54,903.54,143.65,1782.89,65.6,0,A
2024Q3,Coca-Cola,Carbonated Soft Drinks,Mass Retail,North West,18,54.74,29.22,985.32,459.36,82.29,903.03,77.5,0,D
2024Q2,Stoney,Carbonated Soft Drinks,On-Trade,Gauteng,52,62.89,34.63,3270.28,1469.52,354.35,2915.93,84.8,0,C
2024Q3,Monster,Energy Drinks,Mass Retail,Gauteng,50,108.27,63.67,5413.5,2230.0,617.81,4795.69,48.3,0,D
2024Q4,Coca-Cola,Carbonated Soft Drinks,Convenience,Gauteng,33,47.16,23.67,1556.28,775.17,78.2,1478.08,45.6,0,B
2024Q3,Sprite,Carbonated Soft Drinks,On-Trade,Eastern Cape,17,54.12,28.42,920.04,436.9,49.24,870.8,94.9,0,C
2024Q3,Sprite,Carbonated Soft Drinks,Convenience,Gauteng,70,53.32,30.43,3732.4,1602.3,361.35,3371.05,78.7,0,C
2024Q1,Bonaqua,Water,On-Trade,North West,42,44.22,25.33,1857.24,793.38,170.69,1686.55,48.1,1,D
2024Q2,Coca-Cola,Carbonated Soft Drinks,Mass Retail,Western Cape,34,54.33,28.96,1847.22,862.58,186.5,1660.72,72.8,1,B
2024Q4,Bonaqua,Water,On-Trade,Gauteng,68,43.35,21.81,2947.8,1464.72,343.52,2604.28,56.9,0,C
2024Q4,Sprite,Carbonated Soft Drinks,E-Commerce,Eastern Cape,40,51.3,27.32,2052.0,959.2,140.06,1911.94,88.8,1,A
2024Q1,Coca-Cola,Carbonated Soft Drinks,On-Trade,Eastern Cape,42,57.69,35.66,2422.98,925.26,211.18,2211.8,47.9,1,D
2024Q4,Cappy,Juices & Nectars,E-Commerce,North West,85,58.6,32.14,4981.0,2249.1,584.64,4396.36,95.3,0,B
2024Q1,Sprite,Carbonated Soft Drinks,Mass Retail,Western Cape,52,53.23,30.83,2767.96,1164.8,323.91,2444.05,75.3,1,A
2024Q3,Coca-Cola,Carbonated Soft Drinks,On-Trade,Gauteng,123,55.61,28.41,6840.03,3345.6,489.26,6350.77,76.7,0,B
2024Q4,Sprite,Carbonated Soft Drinks,E-Commerce,North West,15,53.93,32.99,808.95,314.1,80.93,728.02,45.1,0,A
2024Q1,Monster,Energy Drinks,On-Trade,KwaZulu-Natal,95,96.79,52.59,9195.05,4199.0,940.09,8254.96,67.5,1,B
2024Q3,Sprite,Carbonated Soft Drinks,On-Trade,KwaZulu-Natal,18,57.32,30.15,1031.76,489.06,77.76,954.0,55.2,0,A
2024Q2,Cappy,Juices & Nectars,E-Commerce,KwaZulu-Natal,38,60.51,34.67,2299.38,981.92,103.46,2195.92,91.2,1,B
2024Q1,Cappy,Juices & Nectars,Mass Retail,Limpopo,57,60.67,33.1,3458.19,1571.49,276.49,3181.7,51.8,0,D
2024Q4,Schweppes,Mixers,Petrol & Travel,KwaZulu-Natal,15,58.79,31.3,881.85,412.35,92.45,789.4,75.1,1,D
2024Q3,Coca-Cola,Carbonated Soft Drinks,E-Commerce,Northern Cape,11,49.27,27.22,541.97,242.55,58.24,483.73,68.1,0,A
2024Q3,Coca-Cola,Carbonated Soft Drinks,Mass Retail,Gauteng,37,55.61,31.1,2057.57,906.87,125.41,1932.16,77.2,0,B
2024Q1,Stoney,Carbonated Soft Drinks,Wholesale,North West,43,62.08,34.47,2669.44,1187.23,205.45,2463.99,54.8,0,B
2024Q1,Coca-Cola,Carbonated Soft Drinks,Mass Retail,Western Cape,26,58.31,35.19,1516.06,601.12,78.58,1437.48,71.9,0,A
2024Q3,Coca-Cola,Carbonated Soft Drinks,E-Commerce,Gauteng,73,52.2,32.29,3810.6,1453.43,187.74,3622.86,51.9,1,B
2024Q1,Cappy,Juices & Nectars,E-Commerce,Mpumalanga,14,74.76,43.56,1046.64,436.8,75.82,970.82,78.3,0,C
2024Q3,Fanta,Carbonated Soft Drinks,On-Trade,KwaZulu-Natal,143,58.98,29.04,8434.14,4281.42,614.53,7819.61,73.9,0,D
2024Q1,Schweppes,Mixers,Mass Retail,Western Cape,23,62.54,36.3,1438.42,603.52,103.02,1335.4,57.3,0,B
2024Q1,Powerplay,Energy Drinks,Mass Retail,Western Cape,28,103.85,56.55,2907.8,1324.4,338.58,2569.22,61.6,0,A
2024Q4,Coca-Cola,Carbonated Soft Drinks,Wholesale,Gauteng,19,49.59,27.41,942.21,421.42,88.38,853.83,47.3,1,A
2024Q2,Cappy,Juices & Nectars,Convenience,Gauteng,6,64.08,37.15,384.48,161.58,31.1,353.38,53.5,0,B
2024Q2,Fanta,Carbonated Soft Drinks,E-Commerce,Gauteng,75,46.35,27.31,3476.25,1428.0,406.9,3069.35,71.4,0,A
2024Q1,Bonaqua,Water,On-Trade,Gauteng,89,36.66,19.98,3262.74,1484.52,244.75,3017.99,90.3,1,B
2024Q2,Stoney,Carbonated Soft Drinks,Mass Retail,Eastern Cape,2,69.74,37.01,139.48,65.46,16.67,122.81,50.9,0,D
2024Q2,Coca-Cola,Carbonated Soft Drinks,Convenience,Gauteng,47,52.81,31.12,2482.07,1019.43,227.13,2254.94,51.2,0,B
2024Q4,Coca-Cola,Carbonated Soft Drinks,Convenience,KwaZulu-Natal,64,55.36,31.63,3543.04,1518.72,285.44,3257.6,52.9,0,A
2024Q4,Fanta,Carbonated Soft Drinks,Mass Retail,Western Cape,46,47.34,23.79,2177.64,1083.3,209.42,1968.22,81.7,0,D
2024Q1,Coca-Cola,Carbonated Soft Drinks,Mass Retail,Limpopo,23,48.7,25.56,1120.1,532.22,107.56,1012.54,51.0,0,C
2024Q1,Coca-Cola,Carbonated Soft Drinks,On-Trade,Gauteng,19,54.42,31.6,1033.98,433.58,96.66,937.32,84.7,1,B
2024Q2,Coca-Cola,Carbonated Soft Drinks,Mass Retail,Gauteng,22,49.5,26.3,1089.0,510.4,112.7,976.3,84.1,0,C
2024Q1,Fanta,Carbonated Soft Drinks,Petrol & Travel,Gauteng,14,53.91,28.4,754.74,357.14,63.21,691.53,50.4,0,A
2024Q4,Coca-Cola,Carbonated Soft Drinks,Mass Retail,Gauteng,79,46.01,27.46,3634.79,1465.45,195.15,3439.64,94.3,0,A
2024Q2,Coca-Cola,Carbonated Soft Drinks,Petrol & Travel,KwaZulu-Natal,9,58.9,34.66,530.1,218.16,46.9,483.2,71.2,0,C
2024Q2,Monster,Energy Drinks,Mass Retail,Gauteng,11,106.12,59.97,1167.32,507.65,104.97,1062.35,68.3,0,B
2024Q3,Coca-Cola,Carbonated Soft Drinks,On-Trade,Gauteng,27,50.83,31.34,1372.41,526.23,134.66,1237.75,93.5,0,B
2024Q4,Sprite,Carbonated Soft Drinks,On-Trade,KwaZulu-Natal,66,59.76,31.15,3944.16,1888.26,331.57,3612.59,78.3,0,C
2024Q2,Monster,Energy Drinks,Mass Retail,Western Cape,44,114.4,68.54,5033.6,2017.84,524.87,4508.73,70.9,0,C
2024Q3,Monster,Energy Drinks,On-Trade,Western Cape,32,122.53,63.04,3920.96,1903.68,315.98,3604.98,52.5,0,B
2024Q1,Coca-Cola,Carbonated Soft Drinks,Convenience,Gauteng,12,48.55,29.81,582.6,224.88,59.51,523.09,86.7,0,C
2024Q3,Fanta,Carbonated Soft Drinks,Mass Retail,Gauteng,48,52.57,29.64,2523.36,1100.64,294.96,2228.4,55.2,0,A
2024Q1,Coca-Cola,Carbonated Soft Drinks,Convenience,Gauteng,57,41.96,20.86,2391.72,1202.7,199.01,2192.71,77.4,0,B
2024Q3,Sprite,Carbonated Soft Drinks,On-Trade,Western Cape,83,54.72,27.92,4541.76,2224.4,365.46,4176.3,96.2,0,C
2024Q4,Bonaqua,Water,Mass Retail,Western Cape,74,42.42,21.41,3139.08,1554.74,306.79,2832.29,77.8,1,D
2024Q2,Coca-Cola,Carbonated Soft Drinks,Mass Retail,Western Cape,18,53.83,29.36,968.94,440.46,66.43,902.51,74.2,0,D
2024Q3,Fanta,Carbonated Soft Drinks,On-Trade,Gauteng,37,57.99,31.6,2145.63,976.43,154.11,1991.52,90.7,0,C
2024Q3,Fanta,Carbonated Soft Drinks,On-Trade,Gauteng,66,46.58,24.7,3074.28,1444.08,331.28,2743.0,62.4,0,C
2024Q2,Coca-Cola,Carbonated Soft Drinks,On-Trade,Limpopo,30,49.98,26.39,1499.4,707.7,157.94,1341.46,96.3,0,C
2024Q2,Coca-Cola,Carbonated Soft Drinks,Mass Retail,North West,51,55.71,34.29,2841.21,1092.42,298.01,2543.2,49.1,0,B
2024Q3,Powerade,Sports Drinks,Mass Retail,North West,25,67.57,34.81,1689.25,819.0,192.14,1497.11,94.1,0,C
2024Q4,Cappy,Juices & Nectars,Convenience,Western Cape,33,58.74,35.16,1938.42,778.14,211.21,1727.21,77.7,0,A
2024Q3,Coca-Cola,Carbonated Soft Drinks,Mass Retail,Eastern Cape,73,52.02,28.28,3797.46,1733.02,236.12,3561.34,93.6,0,C
2024Q3,Coca-Cola,Carbonated Soft Drinks,Mass Retail,Western Cape,6,52.19,29.89,313.14,133.8,37.45,275.69,46.4,0,A
2024Q1,Sprite,Carbonated Soft Drinks,Mass Retail,Gauteng,49,52.44,25.54,2569.56,1318.1,216.56,2353.0,60.6,1,C
2024Q4,Sprite,Carbonated Soft Drinks,E-Commerce,Western Cape,18,58.4,29.86,1051.2,513.72,65.18,986.02,76.1,0,A
2024Q2,Bonaqua,Water,Mass Retail,Gauteng,7,37.92,22.9,265.44,105.14,27.34,238.1,78.2,0,A
2024Q1,Monster,Energy Drinks,Mass Retail,Western Cape,64,115.42,65.01,7386.88,3226.24,759.05,6627.83,84.7,0,A
2024Q2,Powerade,Sports Drinks,Convenience,KwaZulu-Natal,79,62.89,32.01,4968.31,2439.52,508.55,4459.76,87.6,0,C
2024Q4,Coca-Cola,Carbonated Soft Drinks,Mass Retail,Gauteng,10,51.52,25.45,515.2,260.7,51.25,463.95,92.0,0,A
2024Q2,Coca-Cola,Carbonated Soft Drinks,On-Trade,Western Cape,32,52.96,29.83,1694.72,740.16,173.16,1521.56,84.0,0,A
2024Q3,Bonaqua,Water,On-Trade,Gauteng,38,37.29,21.51,1417.02,599.64,157.58,1259.44,91.3,0,C
2024Q1,Fanta,Carbonated Soft Drinks,On-Trade,Eastern Cape,92,50.23,27.12,4621.16,2126.12,340.97,4280.19,58.4,0,B
2024Q1,Coca-Cola,Carbonated Soft Drinks,Mass Retail,Eastern Cape,46,52.5,27.05,2415.0,1170.7,110.32,2304.68,71.1,1,D
2024Q3,Sprite,Carbonated Soft Drinks,Petrol & Travel,Eastern Cape,20,53.72,27.47,1074.4,525.0,52.1,1022.3,95.6,1,A
2024Q1,Fanta,Carbonated Soft Drinks,Mass Retail,KwaZulu-Natal,69,49.52,28.47,3416.88,1452.45,305.62,3111.26,82.4,0,B
2024Q2,Sprite,Carbonated Soft Drinks,Convenience,Western Cape,43,59.2,35.79,2545.6,1006.63,210.86,2334.74,59.7,0,A
2024Q3,Coca-Cola,Carbonated Soft Drinks,On-Trade,Gauteng,67,52.4,25.45,3510.8,1805.65,252.08,3258.72,95.2,1,A
2024Q2,Cappy,Juices & Nectars,Mass Retail,Gauteng,37,72.19,41.19,2671.03,1147.0,292.66,2378.37,86.1,0,A
2024Q4,Coca-Cola,Carbonated Soft Drinks,Mass Retail,Western Cape,29,47.38,25.3,1374.02,640.32,141.0,1233.02,53.5,0,A
2024Q2,Coca-Cola,Carbonated Soft Drinks,Mass Retail,Mpumalanga,19,44.55,23.1,846.45,407.55,73.09,773.36,48.1,1,B
2024Q4,Cappy,Juices & Nectars,E-Commerce,Free State,18,70.01,35.91,1260.18,613.8,130.35,1129.83,49.9,0,A
2024Q1,Coca-Cola,Carbonated Soft Drinks,Wholesale,Western Cape,21,53.13,32.11,1115.73,441.42,125.81,989.92,50.6,0,A
2024Q4,Coca-Cola,Carbonated Soft Drinks,Mass Retail,Free State,22,51.01,24.52,1122.22,582.78,81.57,1040.65,78.4,0,A
2024Q1,Cappy,Juices & Nectars,Mass Retail,Gauteng,49,71.1,37.61,3483.9,1641.01,344.02,3139.88,94.8,1,B
2024Q3,Stoney,Carbonated Soft Drinks,Mass Retail,KwaZulu-Natal,24,50.62,27.83,1214.88,546.96,101.29,1113.59,60.9,0,C
2024Q2,Coca-Cola,Carbonated Soft Drinks,Petrol & Travel,Western Cape,73,59.75,29.63,4361.75,2198.76,340.9,4020.85,63.9,0,D
2024Q3,Sprite,Carbonated Soft Drinks,On-Trade,Eastern Cape,32,59.01,28.44,1888.32,978.24,141.83,1746.49,88.5,0,B
2024Q1,Fanta,Carbonated Soft Drinks,Wholesale,Eastern Cape,8,50.4,27.47,403.2,183.44,34.31,368.89,98.0,0,A
2024Q1,Coca-Cola,Carbonated Soft Drinks,E-Commerce,Western Cape,30,60.1,31.83,1803.0,848.1,189.38,1613.62,71.2,0,C
2024Q2,Coca-Cola,Carbonated Soft Drinks,On-Trade,Mpumalanga,18,51.71,29.76,930.78,395.1,40.7,890.08,58.3,0,C
2024Q4,Fanta,Carbonated Soft Drinks,Wholesale,KwaZulu-Natal,32,56.91,27.55,1821.12,939.52,162.71,1658.41,66.8,0,D
2024Q2,Fanta,Carbonated Soft Drinks,E-Commerce,Gauteng,147,50.03,25.55,7354.41,3598.56,741.9,6612.51,83.2,0,B
2024Q1,Coca-Cola,Carbonated Soft Drinks,Mass Retail,Mpumalanga,31,49.93,28.71,1547.83,657.82,73.7,1474.13,66.8,0,A
2024Q3,Fanta,Carbonated Soft Drinks,Mass Retail,Western Cape,41,49.89,24.34,2045.49,1047.55,199.28,1846.21,75.8,0,B
2024Q4,Fanta,Carbonated Soft Drinks,E-Commerce,Gauteng,42,52.63,27.17,2210.46,1069.32,247.87,1962.59,67.8,0,C
2024Q1,Coca-Cola,Carbonated Soft Drinks,E-Commerce,Gauteng,77,50.63,28.81,3898.51,1680.14,199.93,3698.58,79.4,1,B
2024Q1,Schweppes,Mixers,Mass Retail,Eastern Cape,12,55.87,26.99,670.44,346.56,38.18,632.26,73.4,0,C
2024Q3,Coca-Cola,Carbonated Soft Drinks,Mass Retail,Gauteng,8,52.06,29.98,416.48,176.64,40.12,376.36,64.0,0,A
2024Q1,Cappy,Juices & Nectars,E-Commerce,Eastern Cape,97,71.75,37.23,6959.75,3348.44,278.73,6681.02,90.9,0,C
2024Q1,Stoney,Carbonated Soft Drinks,Mass Retail,Gauteng,25,55.32,31.68,1383.0,591.0,127.47,1255.53,90.6,1,A
2024Q3,Coca-Cola,Carbonated Soft Drinks,Petrol & Travel,Gauteng,16,51.38,27.46,822.08,382.72,33.88,788.2,92.6,0,A
2024Q2,Schweppes,Mixers,Petrol & Travel,Gauteng,18,53.46,28.55,962.28,448.38,100.3,861.98,65.5,1,D
2024Q3,Coca-Cola,Carbonated Soft Drinks,On-Trade,Eastern Cape,25,58.49,34.02,1462.25,611.75,138.3,1323.95,52.2,1,C
2024Q4,Coca-Cola,Carbonated Soft Drinks,Mass Retail,Free State,63,55.96,29.82,3525.48,1646.82,162.86,3362.62,45.6,0,B
2024Q3,Fanta,Carbonated Soft Drinks,E-Commerce,Gauteng,15,49.2,24.33,738.0,373.05,82.45,655.55,76.0,0,B
2024Q4,Cappy,Juices & Nectars,Mass Retail,Western Cape,94,60.75,30.9,5710.5,2805.9,510.9,5199.6,51.9,1,B
2024Q2,Coca-Cola,Carbonated Soft Drinks,Mass Retail,KwaZulu-Natal,35,55.1,33.6,1928.5,752.5,128.64,1799.86,62.4,0,B
2024Q3,Schweppes,Mixers,Mass Retail,Eastern Cape,51,65.34,39.83,3332.34,1301.01,140.08,3192.26,82.5,0,B
2024Q2,Sprite,Carbonated Soft Drinks,On-Trade,Gauteng,34,49.45,27.23,1681.3,755.48,85.68,1595.62,55.7,0,C
2024Q1,Fanta,Carbonated Soft Drinks,Petrol & Travel,Western Cape,8,46.65,23.36,373.2,186.32,15.06,358.14,96.4,0,B
2024Q1,Cappy,Juices & Nectars,E-Commerce,Western Cape,38,66.83,38.38,2539.54,1081.1,115.57,2423.97,51.2,0,B
2024Q2,Coca-Cola,Carbonated Soft Drinks,Convenience,Western Cape,76,53.66,32.5,4078.16,1608.16,309.27,3768.89,47.6,1,B
2024Q1,Monster,Energy Drinks,On-Trade,KwaZulu-Natal,15,109.13,54.93,1636.95,813.0,123.86,1513.09,63.0,0,C
2024Q2,Cappy,Juices & Nectars,Petrol & Travel,Limpopo,152,61.85,37.8,9401.2,3655.6,457.17,8944.03,50.3,0,A
2024Q4,Coca-Cola,Carbonated Soft Drinks,E-Commerce,Mpumalanga,117,52.18,26.62,6105.06,2990.52,649.02,5456.04,94.0,0,B
2024Q1,Fanta,Carbonated Soft Drinks,Wholesale,Mpumalanga,56,53.15,25.79,2976.4,1532.16,309.3,2667.1,52.3,1,B
2024Q4,Cappy,Juices & Nectars,Petrol & Travel,KwaZulu-Natal,9,69.66,39.89,626.94,267.93,55.58,571.36,50.7,0,B
2024Q2,Bonaqua,Water,Convenience,Western Cape,8,43.75,23.82,350.0,159.44,22.04,327.96,63.8,1,B
2024Q1,Coca-Cola,Carbonated Soft Drinks,Mass Retail,Gauteng,34,52.6,28.94,1788.4,804.44,126.43,1661.97,73.6,0,A
2024Q3,Sprite,Carbonated Soft Drinks,On-Trade,Eastern Cape,21,45.81,23.76,962.01,463.05,52.34,909.67,74.5,0,B
2024Q2,Coca-Cola,Carbonated Soft Drinks,Mass Retail,Western Cape,43,56.94,34.74,2448.42,954.6,185.16,2263.26,97.1,0,B
2024Q3,Stoney,Carbonated Soft Drinks,Convenience,Gauteng,57,53.52,28.52,3050.64,1425.0,274.89,2775.75,61.2,0,D
2024Q4,Coca-Cola,Carbonated Soft Drinks,Convenience,Gauteng,53,59.77,29.74,3167.81,1591.59,174.67,2993.14,60.3,0,B
2024Q3,Powerade,Sports Drinks,Convenience,Western Cape,141,68.46,33.92,9652.86,4870.14,593.87,9058.99,95.8,1,C
2024Q2,Monster,Energy Drinks,Mass Retail,Western Cape,15,105.55,52.57,1583.25,794.7,92.87,1490.38,79.0,0,C
2024Q2,Sprite,Carbonated Soft Drinks,Convenience,Gauteng,14,56.02,33.18,784.28,319.76,80.57,703.71,46.1,0,D
2024Q4,Bonaqua,Water,Mass Retail,Gauteng,47,41.25,21.17,1938.75,943.76,148.32,1790.43,54.8,0,B
2024Q1,Cappy,Juices & Nectars,Wholesale,Western Cape,19,67.04,38.89,1273.76,534.85,106.31,1167.45,88.9,1,C
2024Q2,Cappy,Juices & Nectars,Convenience,KwaZulu-Natal,42,73.79,37.38,3099.18,1529.22,291.83,2807.35,82.8,0,C
2024Q1,Coca-Cola,Carbonated Soft Drinks,On-Trade,Gauteng,8,53.32,30.7,426.56,180.96,50.48,376.08,54.4,0,C
2024Q3,Coca-Cola,Carbonated Soft Drinks,Mass Retail,KwaZulu-Natal,12,52.69,25.46,632.28,326.76,42.34,589.94,90.9,1,A
2024Q3,Bonaqua,Water,Mass Retail,Eastern Cape,110,39.07,23.97,4297.7,1661.0,510.73,3786.97,67.4,0,A
2024Q1,Fanta,Carbonated Soft Drinks,On-Trade,Limpopo,11,52.99,29.2,582.89,261.69,29.36,553.53,91.2,0,B
2024Q1,Coca-Cola,Carbonated Soft Drinks,Mass Retail,Gauteng,14,53.65,27.3,751.1,368.9,89.65,661.45,84.9,0,C
2024Q1,Sprite,Carbonated Soft Drinks,Convenience,Limpopo,16,53.11,29.23,849.76,382.08,67.62,782.14,54.3,0,B
2024Q2,Schweppes,Mixers,Mass Retail,KwaZulu-Natal,13,55.06,28.99,715.78,338.91,60.91,654.87,83.5,0,B
2024Q1,Coca-Cola,Carbonated Soft Drinks,On-Trade,Northern Cape,13,52.36,31.84,680.68,266.76,77.8,602.88,81.2,1,C
2024Q4,Monster,Energy Drinks,On-Trade,North West,192,116.75,72.3,22416.0,8534.4,2682.87,19733.13,90.5,1,C
2024Q4,Coca-Cola,Carbonated Soft Drinks,Convenience,Western Cape,36,54.13,32.05,1948.68,794.88,141.43,1807.25,61.9,0,C
2024Q2,Stoney,Carbonated Soft Drinks,Convenience,Gauteng,24,55.05,33.03,1321.2,528.48,56.86,1264.34,53.0,1,A
2024Q3,Coca-Cola,Carbonated Soft Drinks,E-Commerce,KwaZulu-Natal,26,50.94,30.98,1324.44,518.96,146.44,1178.0,46.7,0,C
2024Q1,Coca-Cola,Carbonated Soft Drinks,Mass Retail,KwaZulu-Natal,86,54.92,30.16,4723.12,2129.36,563.52,4159.6,47.3,1,A
2024Q3,Sprite,Carbonated Soft Drinks,Convenience,KwaZulu-Natal,14,45.71,27.84,639.94,250.18,54.27,585.67,47.4,0,C
2024Q4,Cappy,Juices & Nectars,On-Trade,North West,48,66.41,37.45,3187.68,1390.08,289.61,2898.07,82.8,0,D
2024Q3,Powerplay,Energy Drinks,On-Trade,Western Cape,11,114.22,68.8,1256.42,499.62,123.84,1132.58,84.3,0,A
2024Q1,Coca-Cola,Carbonated Soft Drinks,Mass Retail,Gauteng,49,53.91,33.06,2641.59,1021.65,137.6,2503.99,71.4,0,C
2024Q3,Schweppes,Mixers,On-Trade,Gauteng,70,55.18,32.38,3862.6,1596.0,377.26,3485.34,97.8,1,A
2024Q2,Sprite,Carbonated Soft Drinks,Convenience,Free State,44,62.76,32.87,2761.44,1315.16,145.93,2615.51,92.5,0,C
2024Q2,Sprite,Carbonated Soft Drinks,Mass Retail,Eastern Cape,38,61.07,31.19,2320.66,1135.44,155.49,2165.17,65.2,0,B
2024Q3,Fanta,Carbonated Soft Drinks,Mass Retail,Western Cape,51,49.93,26.73,2546.43,1183.2,107.21,2439.22,56.9,0,B
2024Q3,Coca-Cola,Carbonated Soft Drinks,Mass Retail,Gauteng,33,50.75,24.9,1674.75,853.05,105.36,1569.39,49.7,0,A
2024Q3,Fanta,Carbonated Soft Drinks,Wholesale,Gauteng,65,50.82,29.29,3303.3,1399.45,388.74,2914.56,72.0,0,B
2024Q4,Cappy,Juices & Nectars,Mass Retail,Western Cape,21,81.14,48.56,1703.94,684.18,156.02,1547.92,87.5,0,B
2024Q1,Bonaqua,Water,E-Commerce,Western Cape,50,36.83,18.71,1841.5,906.0,159.59,1681.91,80.9,0,A
2024Q1,Coca-Cola,Carbonated Soft Drinks,E-Commerce,Gauteng,28,49.0,29.16,1372.0,555.52,147.52,1224.48,84.1,0,D
2024Q3,Powerplay,Energy Drinks,Mass Retail,Limpopo,20,106.2,51.84,2124.0,1087.2,229.75,1894.25,83.7,0,B
2024Q1,Powerplay,Energy Drinks,Mass Retail,Limpopo,13,95.18,58.45,1237.34,477.49,55.81,1181.53,86.0,0,B
2024Q2,Stoney,Carbonated Soft Drinks,Mass Retail,North West,87,55.25,31.99,4806.75,2023.62,397.92,4408.83,86.2,0,A
2024Q3,Coca-Cola,Carbonated Soft Drinks,Mass Retail,Mpumalanga,73,48.23,27.13,3520.79,1540.3,144.42,3376.37,92.8,0,A
2024Q1,Sprite,Carbonated Soft Drinks,On-Trade,Western Cape,45,42.36,22.8,1906.2,880.2,144.79,1761.41,92.4,0,B
2024Q2,Monster,Energy Drinks,Convenience,KwaZulu-Natal,41,102.61,63.56,4207.01,1601.05,368.72,3838.29,86.7,0,B
2024Q1,Powerade,Sports Drinks,E-Commerce,Gauteng,12,59.52,34.6,714.24,299.04,57.14,657.1,75.2,0,A
2024Q4,Coca-Cola,Carbonated Soft Drinks,On-Trade,Eastern Cape,18,55.71,27.89,1002.78,500.76,63.52,939.26,71.9,0,C
2024Q2,Coca-Cola,Carbonated Soft Drinks,Mass Retail,Limpopo,20,52.42,28.9,1048.4,470.4,72.8,975.6,73.3,0,B
2024Q1,Coca-Cola,Carbonated Soft Drinks,On-Trade,KwaZulu-Natal,50,50.86,25.73,2543.0,1256.5,240.34,2302.66,94.0,0,A
2024Q1,Schweppes,Mixers,Convenience,KwaZulu-Natal,2,55.29,26.6,110.58,57.38,8.34,102.24,64.6,0,B
2024Q3,Powerade,Sports Drinks,On-Trade,Gauteng,20,57.09,31.04,1141.8,521.0,116.45,1025.35,68.5,1,B
2024Q3,Coca-Cola,Carbonated Soft Drinks,Mass Retail,Northern Cape,55,53.47,29.51,2940.85,1317.8,254.35,2686.5,53.6,1,B
2024Q4,Coca-Cola,Carbonated Soft Drinks,E-Commerce,KwaZulu-Natal,24,45.77,27.92,1098.48,428.4,89.79,1008.69,55.2,1,C
2024Q3,Fanta,Carbonated Soft Drinks,Convenience,Eastern Cape,111,44.33,24.01,4920.63,2255.52,351.31,4569.32,74.9,1,C
2024Q4,Schweppes,Mixers,E-Commerce,Eastern Cape,24,56.33,29.69,1351.92,639.36,137.67,1214.25,83.0,0,A
2024Q4,Fanta,Carbonated Soft Drinks,Mass Retail,Eastern Cape,22,53.0,32.01,1166.0,461.78,83.88,1082.12,66.2,0,B
2024Q3,Fanta,Carbonated Soft Drinks,Mass Retail,KwaZulu-Natal,24,46.49,24.39,1115.76,530.4,51.3,1064.46,53.1,1,A
2024Q2,Fanta,Carbonated Soft Drinks,Mass Retail,KwaZulu-Natal,58,48.41,25.54,2807.78,1326.46,140.1,2667.68,79.2,0,D
2024Q2,Powerplay,Energy Drinks,Mass Retail,Free State,17,100.36,61.83,1706.12,655.01,92.65,1613.47,72.1,1,B
2024Q1,Coca-Cola,Carbonated Soft Drinks,Petrol & Travel,Western Cape,21,56.04,30.06,1176.84,545.58,69.89,1106.95,92.2,0,B
2024Q4,Stoney,Carbonated Soft Drinks,Petrol & Travel,Western Cape,141,55.18,27.77,7780.38,3864.81,581.93,7198.45,78.5,0,B
2024Q4,Sprite,Carbonated Soft Drinks,Convenience,Mpumalanga,37,55.96,34.46,2070.52,795.5,201.96,1868.56,74.1,1,A
2024Q2,Coca-Cola,Carbonated Soft Drinks,On-Trade,Northern Cape,83,56.81,33.99,4715.23,1894.06,192.26,4522.97,56.7,0,B
2024Q3,Coca-Cola,Carbonated Soft Drinks,On-Trade,KwaZulu-Natal,42,54.8,29.48,2301.6,1063.44,158.64,2142.96,84.1,0,C
2024Q1,Powerplay,Energy Drinks,Convenience,KwaZulu-Natal,9,115.37,70.32,1038.33,405.45,87.38,950.95,86.9,1,C
2024Q4,Powerade,Sports Drinks,E-Commerce,Mpumalanga,65,65.53,31.91,4259.45,2185.3,344.95,3914.5,70.5,0,C
2024Q4,Coca-Cola,Carbonated Soft Drinks,Mass Retail,KwaZulu-Natal,15,49.04,29.9,735.6,287.1,63.07,672.53,50.5,1,B
2024Q3,Fanta,Carbonated Soft Drinks,E-Commerce,Gauteng,11,57.44,34.69,631.84,250.25,63.45,568.39,76.6,1,B
2024Q4,Coca-Cola,Carbonated Soft Drinks,On-Trade,Gauteng,29,56.26,34.34,1631.54,635.68,129.94,1501.6,81.8,1,B
2024Q2,Coca-Cola,Carbonated Soft Drinks,On-Trade,Mpumalanga,17,57.09,30.21,970.53,456.96,48.03,922.5,52.8,1,A
2024Q2,Sprite,Carbonated Soft Drinks,Convenience,KwaZulu-Natal,59,53.97,28.69,3184.23,1491.52,311.89,2872.34,49.4,0,C
2024Q1,Cappy,Juices & Nectars,Mass Retail,Western Cape,46,66.77,39.96,3071.42,1233.26,234.61,2836.81,86.1,1,B
2024Q2,Coca-Cola,Carbonated Soft Drinks,Mass Retail,KwaZulu-Natal,17,52.49,27.75,892.33,420.58,51.82,840.51,83.1,0,B
2024Q1,Cappy,Juices & Nectars,E-Commerce,Gauteng,35,75.71,37.26,2649.85,1345.75,261.88,2387.97,89.2,0,C
2024Q1,Monster,Energy Drinks,Mass Retail,Eastern Cape,113,115.02,67.32,12997.26,5390.1,681.84,12315.42,53.7,1,A
2024Q4,Monster,Energy Drinks,Convenience,Western Cape,26,93.45,57.91,2429.7,924.04,180.96,2248.74,83.5,0,A
2024Q2,Coca-Cola,Carbonated Soft Drinks,E-Commerce,Eastern Cape,144,53.78,33.33,7744.32,2944.8,531.95,7212.37,92.5,0,A
2024Q1,Schweppes,Mixers,E-Commerce,Western Cape,65,64.85,31.61,4215.25,2160.6,195.04,4020.21,46.1,0,A
2024Q3,Coca-Cola,Carbonated Soft Drinks,Convenience,KwaZulu-Natal,18,54.26,30.65,976.68,424.98,61.63,915.05,87.2,0,A
2024Q1,Schweppes,Mixers,Mass Retail,Eastern Cape,36,64.37,33.46,2317.32,1112.76,242.75,2074.57,54.9,0,B
2024Q4,Cappy,Juices & Nectars,Wholesale,Western Cape,51,61.51,35.43,3137.01,1330.08,289.23,2847.78,67.0,1,B
2024Q3,Schweppes,Mixers,Mass Retail,Western Cape,33,61.39,32.96,2025.87,938.19,176.47,1849.4,55.2,1,B
2024Q4,Powerplay,Energy Drinks,Convenience,KwaZulu-Natal,10,104.26,53.61,1042.6,506.5,116.15,926.45,73.1,0,A
2024Q4,Stoney,Carbonated Soft Drinks,Convenience,Gauteng,40,60.2,29.84,2408.0,1214.4,256.89,2151.11,76.0,1,C
2024Q1,Sprite,Carbonated Soft Drinks,Mass Retail,Gauteng,29,47.0,27.11,1363.0,576.81,80.97,1282.03,73.3,0,B
2024Q4,Coca-Cola,Carbonated Soft Drinks,Wholesale,Eastern Cape,80,51.37,30.91,4109.6,1636.8,319.13,3790.47,96.6,1,D
2024Q1,Bonaqua,Water,Petrol & Travel,KwaZulu-Natal,125,44.59,24.38,5573.75,2526.25,278.64,5295.11,54.0,0,C
2024Q3,Coca-Cola,Carbonated Soft Drinks,Convenience,Western Cape,45,55.44,31.77,2494.8,1065.15,219.08,2275.72,55.8,0,A
2024Q2,Coca-Cola,Carbonated Soft Drinks,Mass Retail,Gauteng,44,59.86,28.89,2633.84,1362.68,306.27,2327.57,89.8,1,D
2024Q3,Coca-Cola,Carbonated Soft Drinks,On-Trade,Gauteng,57,52.82,26.06,3010.74,1525.32,241.59,2769.15,69.2,0,D
2024Q4,Sprite,Carbonated Soft Drinks,Convenience,Mpumalanga,24,60.23,29.45,1445.52,738.72,65.43,1380.09,47.3,0,A
2024Q1,Monster,Energy Drinks,Wholesale,Gauteng,16,116.97,66.73,1871.52,803.84,177.73,1693.79,58.5,0,A
2024Q4,Coca-Cola,Carbonated Soft Drinks,Convenience,Gauteng,24,60.13,31.7,1443.12,682.32,129.21,1313.91,96.8,0,A
2024Q4,Fanta,Carbonated Soft Drinks,On-Trade,Gauteng,17,40.8,20.02,693.6,353.26,58.44,635.16,62.4,1,B
2024Q4,Powerade,Sports Drinks,Convenience,Gauteng,29,67.38,36.13,1954.02,906.25,94.69,1859.33,46.3,0,A
2024Q1,Schweppes,Mixers,Mass Retail,Gauteng,8,58.76,32.27,470.08,211.92,35.22,434.86,59.3,0,C
2024Q4,Coca-Cola,Carbonated Soft Drinks,On-Trade,Gauteng,58,56.83,31.24,3296.14,1484.22,255.2,3040.94,71.4,0,B
2024Q3,Coca-Cola,Carbonated Soft Drinks,E-Commerce,Western Cape,32,41.69,23.1,1334.08,594.88,127.21,1206.87,82.7,0,D
2024Q1,Coca-Cola,Carbonated Soft Drinks,Mass Retail,Gauteng,7,46.91,26.04,328.37,146.09,25.04,303.33,92.1,0,B
2024Q4,Fanta,Carbonated Soft Drinks,Wholesale,Mpumalanga,42,52.34,32.24,2198.28,844.2,199.73,1998.55,96.1,1,C
2024Q2,Coca-Cola,Carbonated Soft Drinks,Mass Retail,Gauteng,36,49.49,30.57,1781.64,681.12,130.79,1650.85,56.2,0,B
2024Q2,Powerplay,Energy Drinks,Wholesale,KwaZulu-Natal,11,117.87,68.37,1296.57,544.5,153.01,1143.56,92.5,0,A
2024Q2,Coca-Cola,Carbonated Soft Drinks,Convenience,Northern Cape,13,45.89,24.56,596.57,277.29,28.65,567.92,85.4,0,B
2024Q4,Coca-Cola,Carbonated Soft Drinks,E-Commerce,Eastern Cape,38,59.72,31.92,2269.36,1056.4,184.91,2084.45,62.2,0,A
2024Q2,Sprite,Carbonated Soft Drinks,E-Commerce,Limpopo,39,51.94,26.93,2025.66,975.39,83.88,1941.78,74.3,0,C
2024Q3,Monster,Energy Drinks,Mass Retail,KwaZulu-Natal,18,110.0,66.56,1980.0,781.92,176.05,1803.95,51.1,0,B
2024Q1,Coca-Cola,Carbonated Soft Drinks,On-Trade,Western Cape,18,52.0,29.38,936.0,407.16,97.97,838.03,84.7,1,B
2024Q4,Stoney,Carbonated Soft Drinks,Convenience,KwaZulu-Natal,24,63.91,39.15,1533.84,594.24,70.16,1463.68,70.8,0,C
2024Q4,Powerade,Sports Drinks,Convenience,KwaZulu-Natal,62,63.41,36.0,3931.42,1699.42,162.95,3768.47,77.2,0,C
2024Q2,Fanta,Carbonated Soft Drinks,Wholesale,Western Cape,25,52.39,29.12,1309.75,581.75,85.55,1224.2,86.1,0,C
2024Q2,Coca-Cola,Carbonated Soft Drinks,E-Commerce,Western Cape,82,49.83,27.4,4086.06,1839.26,293.08,3792.98,94.7,0,A
2024Q3,Monster,Energy Drinks,Mass Retail,KwaZulu-Natal,165,107.75,55.66,17778.75,8594.85,1173.1,16605.65,94.4,0,C
2024Q3,Coca-Cola,Carbonated Soft Drinks,Convenience,Limpopo,21,55.26,30.73,1160.46,515.13,136.6,1023.86,61.9,1,A
2024Q3,Coca-Cola,Carbonated Soft Drinks,Petrol & Travel,North West,4,53.0,26.62,212.0,105.52,23.55,188.45,97.5,0,B
2024Q2,Coca-Cola,Carbonated Soft Drinks,Mass Retail,KwaZulu-Natal,49,53.63,31.01,2627.87,1108.38,114.4,2513.47,53.4,1,A
2024Q4,Fanta,Carbonated Soft Drinks,Mass Retail,Western Cape,10,47.71,23.33,477.1,243.8,39.31,437.79,59.5,0,C
2024Q3,Bonaqua,Water,On-Trade,Western Cape,39,40.77,20.76,1590.03,780.39,190.11,1399.92,86.0,0,A
2024Q1,Schweppes,Mixers,Convenience,Eastern Cape,57,47.68,27.25,2717.76,1164.51,243.59,2474.17,82.4,1,D
2024Q1,Coca-Cola,Carbonated Soft Drinks,Wholesale,Limpopo,16,43.91,22.68,702.56,339.68,37.8,664.76,52.4,0,D
2024Q4,Stoney,Carbonated Soft Drinks,Mass Retail,Free State,18,59.61,36.51,1072.98,415.8,108.61,964.37,83.7,1,D
2024Q3,Fanta,Carbonated Soft Drinks,On-Trade,Western Cape,57,59.57,36.79,3395.49,1298.46,338.92,3056.57,75.5,0,B
2024Q1,Coca-Cola,Carbonated Soft Drinks,On-Trade,Free State,20,53.25,26.42,1065.0,536.6,106.05,958.95,59.3,0,B
2024Q4,Coca-Cola,Carbonated Soft Drinks,Convenience,KwaZulu-Natal,27,54.34,27.74,1467.18,718.2,71.19,1395.99,51.9,1,D
2024Q1,Cappy,Juices & Nectars,Mass Retail,KwaZulu-Natal,29,62.39,32.75,1809.31,859.56,174.64,1634.67,91.1,0,B
2024Q4,Coca-Cola,Carbonated Soft Drinks,Wholesale,Western Cape,15,52.33,30.32,784.95,330.15,54.18,730.77,49.5,0,B
2024Q4,Fanta,Carbonated Soft Drinks,Petrol & Travel,Gauteng,13,47.43,28.55,616.59,245.44,69.16,547.43,63.0,0,B
2024Q4,Cappy,Juices & Nectars,Petrol & Travel,Gauteng,118,69.76,34.1,8231.68,4207.88,720.0,7511.68,95.5,1,B
2024Q4,Fanta,Carbonated Soft Drinks,Convenience,Gauteng,68,46.74,24.0,3178.32,1546.32,314.68,2863.64,87.3,1,B
2024Q3,Stoney,Carbonated Soft Drinks,Mass Retail,Free State,66,62.51,33.14,4125.66,1938.42,220.38,3905.28,49.9,0,B
2024Q3,Coca-Cola,Carbonated Soft Drinks,Petrol & Travel,Gauteng,99,42.03,21.82,4160.97,2000.79,220.72,3940.25,70.6,0,C
2024Q2,Coca-Cola,Carbonated Soft Drinks,On-Trade,KwaZulu-Natal,54,52.15,29.44,2816.1,1226.34,249.12,2566.98,51.8,0,B
2024Q3,Stoney,Carbonated Soft Drinks,Wholesale,KwaZulu-Natal,46,61.16,32.9,2813.36,1299.96,225.55,2587.81,72.7,1,C
2024Q4,Sprite,Carbonated Soft Drinks,On-Trade,Western Cape,54,56.65,28.49,3059.1,1520.64,143.49,2915.61,84.1,1,B
2024Q2,Coca-Cola,Carbonated Soft Drinks,Mass Retail,Gauteng,108,55.93,29.37,6040.44,2868.48,635.52,5404.92,74.1,0,C
2024Q4,Coca-Cola,Carbonated Soft Drinks,Convenience,Gauteng,49,53.54,25.85,2623.46,1356.81,156.04,2467.42,49.8,0,B
2024Q3,Sprite,Carbonated Soft Drinks,Mass Retail,Free State,31,59.74,35.78,1851.94,742.76,122.55,1729.39,63.0,0,A
2024Q3,Coca-Cola,Carbonated Soft Drinks,Petrol & Travel,KwaZulu-Natal,100,50.54,25.93,5054.0,2461.0,585.78,4468.22,75.5,0,C
2024Q1,Monster,Energy Drinks,Mass Retail,North West,32,103.24,62.58,3303.68,1301.12,363.94,2939.74,47.5,0,B
2024Q3,Coca-Cola,Carbonated Soft Drinks,Mass Retail,KwaZulu-Natal,12,51.12,29.76,613.44,256.32,33.59,579.85,63.4,0,A
2024Q2,Cappy,Juices & Nectars,On-Trade,North West,130,66.17,40.67,8602.1,3315.0,424.29,8177.81,82.6,1,D
2024Q4,Coca-Cola,Carbonated Soft Drinks,Mass Retail,KwaZulu-Natal,23,51.68,25.79,1188.64,595.47,77.95,1110.69,63.1,0,D
2024Q3,Coca-Cola,Carbonated Soft Drinks,On-Trade,Western Cape,10,54.32,28.57,543.2,257.5,35.63,507.57,62.3,0,A
2024Q4,Monster,Energy Drinks,Wholesale,Gauteng,5,116.67,58.44,583.35,291.15,24.37,558.98,56.6,1,B
2024Q4,Coca-Cola,Carbonated Soft Drinks,On-Trade,Western Cape,25,52.99,30.81,1324.75,554.5,93.86,1230.89,48.9,0,D
2024Q4,Fanta,Carbonated Soft Drinks,Mass Retail,Western Cape,10,51.83,31.37,518.3,204.6,22.61,495.69,55.7,0,C
2024Q3,Coca-Cola,Carbonated Soft Drinks,Mass Retail,Gauteng,14,56.26,27.49,787.64,402.78,85.57,702.07,61.6,1,B
2024Q1,Coca-Cola,Carbonated Soft Drinks,On-Trade,Western Cape,67,52.17,25.36,3495.39,1796.27,353.96,3141.43,75.3,0,D
2024Q1,Coca-Cola,Carbonated Soft Drinks,Convenience,Western Cape,21,50.35,30.6,1057.35,414.75,98.88,958.47,68.2,0,A
2024Q1,Monster,Energy Drinks,Mass Retail,Gauteng,64,117.74,71.68,7535.36,2947.84,558.73,6976.63,60.6,0,A
2024Q3,Sprite,Carbonated Soft Drinks,Convenience,Gauteng,134,48.47,26.12,6494.98,2994.9,339.3,6155.68,69.9,0,B
2024Q2,Coca-Cola,Carbonated Soft Drinks,Mass Retail,Gauteng,32,57.98,29.17,1855.36,921.92,135.77,1719.59,86.7,0,B
2024Q1,Powerplay,Energy Drinks,E-Commerce,Western Cape,35,125.22,64.33,4382.7,2131.15,454.45,3928.25,49.5,0,A
2024Q3,Sprite,Carbonated Soft Drinks,Wholesale,Gauteng,19,75.21,43.54,1428.99,601.73,142.3,1286.69,83.6,0,D
2024Q3,Coca-Cola,Carbonated Soft Drinks,Wholesale,Free State,79,59.85,32.26,4728.15,2179.61,415.02,4313.13,95.2,1,D
2024Q4,Cappy,Juices & Nectars,Mass Retail,Western Cape,13,61.49,34.91,799.37,345.54,40.37,759.0,91.8,0,B
2024Q4,Fanta,Carbonated Soft Drinks,Petrol & Travel,KwaZulu-Natal,21,58.34,35.62,1225.14,477.12,130.43,1094.71,71.5,0,B
2024Q1,Fanta,Carbonated Soft Drinks,E-Commerce,Eastern Cape,158,56.0,29.47,8848.0,4191.74,681.0,8167.0,49.1,0,B
2024Q3,Coca-Cola,Carbonated Soft Drinks,E-Commerce,Western Cape,39,52.39,32.21,2043.21,787.02,172.57,1870.64,77.2,1,B
2024Q4,Powerplay,Energy Drinks,Wholesale,KwaZulu-Natal,23,110.2,57.29,2534.6,1216.93,236.91,2297.69,61.4,1,B
2024Q4,Bonaqua,Water,Wholesale,KwaZulu-Natal,21,43.3,21.17,909.3,464.73,41.81,867.49,58.3,1,C
2024Q2,Sprite,Carbonated Soft Drinks,Convenience,Gauteng,18,60.21,35.68,1083.78,441.54,58.42,1025.36,71.1,0,A
2024Q3,Stoney,Carbonated Soft Drinks,Convenience,Northern Cape,80,67.64,41.22,5411.2,2113.6,315.38,5095.82,71.2,0,B
2024Q3,Coca-Cola,Carbonated Soft Drinks,On-Trade,North West,55,46.66,24.09,2566.3,1241.35,141.71,2424.59,69.3,0,C
2024Q3,Monster,Energy Drinks,Mass Retail,Western Cape,17,101.85,57.64,1731.45,751.57,200.26,1531.19,80.8,0,D
2024Q4,Bonaqua,Water,Petrol & Travel,Free State,10,37.78,20.54,377.8,172.4,39.51,338.29,69.2,0,D
2024Q1,Coca-Cola,Carbonated Soft Drinks,Wholesale,Gauteng,15,50.76,30.55,761.4,303.15,31.87,729.53,61.7,1,A
2024Q2,Cappy,Juices & Nectars,Convenience,Gauteng,38,69.6,42.29,2644.8,1037.78,311.52,2333.28,71.3,1,A
2024Q1,Coca-Cola,Carbonated Soft Drinks,On-Trade,Free State,20,49.32,28.57,986.4,415.0,42.65,943.75,47.7,0,C
2024Q3,Monster,Energy Drinks,Mass Retail,Gauteng,100,121.7,64.75,12170.0,5695.0,1271.47,10898.53,73.3,1,B
2024Q2,Fanta,Carbonated Soft Drinks,On-Trade,Western Cape,29,47.61,26.1,1380.69,623.79,71.41,1309.28,91.0,0,C
2024Q4,Coca-Cola,Carbonated Soft Drinks,Mass Retail,Western Cape,56,56.6,31.91,3169.6,1382.64,175.51,2994.09,56.7,1,B
2024Q2,Schweppes,Mixers,On-Trade,Gauteng,18,51.74,30.87,931.32,375.66,64.55,866.77,85.0,0,B
2024Q3,Powerplay,Energy Drinks,E-Commerce,KwaZulu-Natal,51,105.05,59.57,5357.55,2319.48,564.6,4792.95,79.5,0,B
2024Q2,Coca-Cola,Carbonated Soft Drinks,Mass Retail,Western Cape,40,52.1,30.39,2084.0,868.4,137.94,1946.06,88.8,0,D
2024Q2,Coca-Cola,Carbonated Soft Drinks,Wholesale,Gauteng,22,55.49,28.85,1220.78,586.08,126.26,1094.52,94.7,0,C
2024Q2,Coca-Cola,Carbonated Soft Drinks,Convenience,Free State,10,54.44,30.14,544.4,243.0,31.95,512.45,87.8,0,A
2024Q1,Coca-Cola,Carbonated Soft Drinks,Mass Retail,Gauteng,24,56.63,33.72,1359.12,549.84,90.61,1268.51,68.3,0,B
2024Q1,Schweppes,Mixers,Mass Retail,Eastern Cape,41,69.95,41.8,2867.95,1154.15,313.36,2554.59,72.7,0,B
2024Q4,Sprite,Carbonated Soft Drinks,Convenience,Gauteng,8,60.39,32.91,483.12,219.84,32.0,451.12,66.5,0,B
2024Q1,Fanta,Carbonated Soft Drinks,E-Commerce,Western Cape,19,53.56,27.69,1017.64,491.53,68.05,949.59,89.7,1,C
2024Q4,Coca-Cola,Carbonated Soft Drinks,Mass Retail,Western Cape,41,51.26,29.2,2101.66,904.46,122.21,1979.45,56.6,0,B
2024Q4,Cappy,Juices & Nectars,Convenience,KwaZulu-Natal,26,69.38,37.39,1803.88,831.74,192.6,1611.28,85.9,0,A
2024Q2,Coca-Cola,Carbonated Soft Drinks,On-Trade,Gauteng,66,52.19,27.43,3444.54,1634.16,180.95,3263.59,82.6,0,B
2024Q4,Fanta,Carbonated Soft Drinks,E-Commerce,KwaZulu-Natal,22,53.27,30.45,1171.94,502.04,50.64,1121.3,77.3,0,B
2024Q1,Schweppes,Mixers,Mass Retail,Gauteng,12,54.71,30.38,656.52,291.96,70.02,586.5,62.1,1,B
2024Q4,Coca-Cola,Carbonated Soft Drinks,Convenience,Gauteng,58,56.16,27.97,3257.28,1635.02,386.94,2870.34,77.2,0,A
2024Q2,Sprite,Carbonated Soft Drinks,Mass Retail,Western Cape,64,54.29,27.91,3474.56,1688.32,218.42,3256.14,51.5,0,D
2024Q1,Schweppes,Mixers,Petrol & Travel,North West,126,64.06,32.71,8071.56,3950.1,743.34,7328.22,85.6,0,B
2024Q2,Coca-Cola,Carbonated Soft Drinks,On-Trade,KwaZulu-Natal,21,56.69,33.23,1190.49,492.66,50.83,1139.66,74.2,0,C
2024Q3,Powerplay,Energy Drinks,Petrol & Travel,Eastern Cape,18,107.65,64.83,1937.7,770.76,165.65,1772.05,65.4,1,C
2024Q2,Fanta,Carbonated Soft Drinks,On-Trade,Gauteng,34,52.7,27.38,1791.8,860.88,121.87,1669.93,59.3,0,A
2024Q2,Coca-Cola,Carbonated Soft Drinks,On-Trade,KwaZulu-Natal,92,51.37,27.7,4726.04,2177.64,284.43,4441.61,97.1,0,C
2024Q3,Monster,Energy Drinks,Convenience,Western Cape,44,106.4,65.01,4681.6,1821.16,378.95,4302.65,45.1,0,B
2024Q4,Coca-Cola,Carbonated Soft Drinks,On-Trade,Western Cape,28,48.12,28.42,1347.36,551.6,101.18,1246.18,67.9,0,A
2024Q3,Cappy,Juices & Nectars,Mass Retail,North West,79,68.2,35.68,5387.8,2569.08,569.67,4818.13,75.0,0,B
2024Q1,Coca-Cola,Carbonated Soft Drinks,E-Commerce,Eastern Cape,15,46.24,26.23,693.6,300.15,40.55,653.05,93.8,0,A
2024Q4,Sprite,Carbonated Soft Drinks,E-Commerce,Limpopo,56,53.51,25.96,2996.56,1542.8,224.42,2772.14,51.2,0,A
2024Q3,Fanta,Carbonated Soft Drinks,Convenience,Gauteng,45,54.35,31.69,2445.75,1019.7,166.14,2279.61,95.1,0,A
2024Q4,Powerplay,Energy Drinks,Convenience,Western Cape,8,92.79,56.47,742.32,290.56,63.92,678.4,82.4,0,C
2024Q2,Coca-Cola,Carbonated Soft Drinks,On-Trade,Free State,59,48.24,27.26,2846.16,1237.82,228.0,2618.16,78.1,1,B
2024Q2,Fanta,Carbonated Soft Drinks,Wholesale,Gauteng,25,52.87,28.38,1321.75,612.25,138.35,1183.4,76.5,0,A
2024Q3,Schweppes,Mixers,Petrol & Travel,Gauteng,34,60.94,33.64,2071.96,928.2,89.84,1982.12,48.7,1,B
2024Q2,Cappy,Juices & Nectars,Wholesale,KwaZulu-Natal,28,71.12,38.8,1991.36,904.96,214.33,1777.03,77.3,0,A
2024Q4,Coca-Cola,Carbonated Soft Drinks,E-Commerce,Western Cape,65,49.88,25.1,3242.2,1610.7,143.47,3098.73,55.2,1,B
2024Q2,Fanta,Carbonated Soft Drinks,On-Trade,Western Cape,70,45.19,23.07,3163.3,1548.4,297.77,2865.53,49.8,1,C
2024Q3,Stoney,Carbonated Soft Drinks,Wholesale,KwaZulu-Natal,63,59.74,35.86,3763.62,1504.44,442.23,3321.39,79.5,0,A
2024Q1,Schweppes,Mixers,Convenience,Gauteng,104,64.04,32.06,6660.16,3325.92,556.12,6104.04,65.5,0,A
2024Q1,Coca-Cola,Carbonated Soft Drinks,Mass Retail,Mpumalanga,13,52.31,27.74,680.03,319.41,30.65,649.38,96.9,1,C
2024Q1,Monster,Energy Drinks,On-Trade,Gauteng,49,108.43,59.37,5313.07,2403.94,270.17,5042.9,65.4,1,B
2024Q1,Monster,Energy Drinks,Petrol & Travel,Limpopo,96,108.73,61.11,10438.08,4571.52,923.85,9514.23,55.6,0,A
2024Q3,Coca-Cola,Carbonated Soft Drinks,On-Trade,Eastern Cape,31,56.82,33.93,1761.42,709.59,115.27,1646.15,63.0,0,C
2024Q2,Coca-Cola,Carbonated Soft Drinks,Mass Retail,Gauteng,19,54.99,33.88,1044.81,401.09,48.85,995.96,48.6,0,A
2024Q4,Cappy,Juices & Nectars,Wholesale,KwaZulu-Natal,24,66.48,37.52,1595.52,695.04,100.8,1494.72,67.9,0,A
2024Q1,Stoney,Carbonated Soft Drinks,Convenience,KwaZulu-Natal,32,56.12,30.29,1795.84,826.56,174.2,1621.64,79.2,1,A
2024Q2,Coca-Cola,Carbonated Soft Drinks,Mass Retail,Gauteng,19,48.78,24.64,926.82,458.66,85.8,841.02,97.7,0,A
2024Q4,Monster,Energy Drinks,Wholesale,North West,10,126.48,66.25,1264.8,602.3,142.78,1122.02,96.4,0,B
2024Q1,Schweppes,Mixers,Mass Retail,KwaZulu-Natal,72,53.87,26.86,3878.64,1944.72,392.7,3485.94,88.4,1,A
2024Q1,Sprite,Carbonated Soft Drinks,Mass Retail,Mpumalanga,32,58.63,30.16,1876.16,911.04,162.4,1713.76,67.3,1,A
2024Q4,Stoney,Carbonated Soft Drinks,Convenience,Eastern Cape,143,55.6,27.24,7950.8,4055.48,530.11,7420.69,45.9,0,D
2024Q1,Coca-Cola,Carbonated Soft Drinks,On-Trade,Eastern Cape,21,52.76,32.45,1107.96,426.51,46.32,1061.64,76.3,0,B
2024Q1,Coca-Cola,Carbonated Soft Drinks,Convenience,Gauteng,17,63.48,30.87,1079.16,554.37,91.68,987.48,66.7,0,C
2024Q1,Sprite,Carbonated Soft Drinks,Wholesale,Free State,125,51.51,25.46,6438.75,3256.25,326.03,6112.72,52.4,1,A
2024Q1,Cappy,Juices & Nectars,Mass Retail,Gauteng,103,67.93,38.41,6996.79,3040.56,601.7,6395.09,81.1,0,C
2024Q3,Stoney,Carbonated Soft Drinks,On-Trade,Gauteng,10,54.66,31.69,546.6,229.7,28.93,517.67,45.7,0,C
2024Q3,Fanta,Carbonated Soft Drinks,Mass Retail,Gauteng,37,52.41,30.9,1939.17,795.87,181.94,1757.23,71.4,0,B
2024Q3,Coca-Cola,Carbonated Soft Drinks,E-Commerce,Gauteng,21,54.58,28.77,1146.18,542.01,66.36,1079.82,69.0,0,D
2024Q1,Sprite,Carbonated Soft Drinks,Convenience,Eastern Cape,12,48.77,29.28,585.24,233.88,47.54,537.7,73.4,0,C
2024Q2,Coca-Cola,Carbonated Soft Drinks,On-Trade,KwaZulu-Natal,165,51.59,25.38,8512.35,4324.65,462.14,8050.21,66.4,0,C
2024Q2,Fanta,Carbonated Soft Drinks,E-Commerce,Eastern Cape,23,53.46,32.88,1229.58,473.34,116.99,1112.59,65.8,0,D
2024Q3,Coca-Cola,Carbonated Soft Drinks,Mass Retail,Western Cape,47,56.38,29.94,2649.86,1242.68,212.13,2437.73,93.0,0,B
2024Q2,Fanta,Carbonated Soft Drinks,Convenience,Eastern Cape,15,49.03,25.55,735.45,352.2,86.98,648.47,68.2,0,A
2024Q2,Coca-Cola,Carbonated Soft Drinks,Wholesale,Limpopo,75,52.01,29.36,3900.75,1698.75,372.5,3528.25,65.6,1,A
2024Q3,Powerade,Sports Drinks,Wholesale,Western Cape,52,72.64,43.46,3777.28,1517.36,332.57,3444.71,52.1,0,B
2024Q2,Sprite,Carbonated Soft Drinks,On-Trade,Gauteng,31,56.28,33.85,1744.68,695.33,82.8,1661.88,62.7,0,B
2024Q4,Coca-Cola,Carbonated Soft Drinks,On-Trade,North West,47,50.33,24.61,2365.51,1208.84,151.15,2214.36,45.5,0,B
2024Q3,Fanta,Carbonated Soft Drinks,Convenience,Gauteng,111,55.1,29.34,6116.1,2859.36,346.55,5769.55,83.2,0,B
2024Q2,Bonaqua,Water,Mass Retail,Gauteng,32,36.71,18.9,1174.72,569.92,62.79,1111.93,83.9,0,C
2024Q3,Stoney,Carbonated Soft Drinks,On-Trade,Gauteng,19,54.77,33.7,1040.63,400.33,112.28,928.35,91.6,0,A
2024Q4,Coca-Cola,Carbonated Soft Drinks,Mass Retail,Western Cape,10,58.07,28.51,580.7,295.6,41.86,538.84,76.5,0,D
2024Q4,Fanta,Carbonated Soft Drinks,E-Commerce,Western Cape,28,50.73,26.96,1420.44,665.56,71.01,1349.43,66.5,1,C
2024Q3,Coca-Cola,Carbonated Soft Drinks,Mass Retail,Western Cape,19,45.64,24.96,867.16,392.92,72.4,794.76,59.6,0,B
2024Q4,Sprite,Carbonated Soft Drinks,Mass Retail,Gauteng,6,55.8,33.27,334.8,135.18,28.01,306.79,62.6,0,C
2024Q1,Coca-Cola,Carbonated Soft Drinks,E-Commerce,Western Cape,15,58.26,30.26,873.9,420.0,81.33,792.57,97.0,0,A
2024Q1,Fanta,Carbonated Soft Drinks,E-Commerce,Eastern Cape,25,53.13,28.53,1328.25,615.0,149.43,1178.82,85.1,0,A
2024Q2,Coca-Cola,Carbonated Soft Drinks,Wholesale,Eastern Cape,26,58.26,32.3,1514.76,674.96,169.72,1345.04,74.2,1,A
2024Q2,Sprite,Carbonated Soft Drinks,E-Commerce,Gauteng,57,43.17,21.31,2460.69,1246.02,244.84,2215.85,50.8,0,B
2024Q3,Coca-Cola,Carbonated Soft Drinks,Mass Retail,Gauteng,29,57.82,34.57,1676.78,674.25,112.93,1563.85,95.8,1,B
2024Q3,Coca-Cola,Carbonated Soft Drinks,Mass Retail,KwaZulu-Natal,17,55.18,34.09,938.06,358.53,75.22,862.84,95.4,0,C
2024Q4,Sprite,Carbonated Soft Drinks,Mass Retail,Gauteng,4,49.08,25.86,196.32,92.88,16.23,180.09,69.0,1,A
2024Q1,Coca-Cola,Carbonated Soft Drinks,On-Trade,Western Cape,17,49.14,29.55,835.38,333.03,73.44,761.94,85.5,0,C
2024Q4,Coca-Cola,Carbonated Soft Drinks,Petrol & Travel,North West,15,49.63,26.62,744.45,345.15,57.82,686.63,92.5,0,B
2024Q1,Cappy,Juices & Nectars,Mass Retail,KwaZulu-Natal,74,62.2,34.26,4602.8,2067.56,243.81,4358.99,75.6,0,A
2024Q3,Sprite,Carbonated Soft Drinks,Mass Retail,Limpopo,41,60.43,32.2,2477.63,1157.43,116.35,2361.28,69.9,0,B
2024Q2,Stoney,Carbonated Soft Drinks,On-Trade,Western Cape,12,56.47,34.47,677.64,264.0,71.64,606.0,78.8,1,A
2024Q2,Coca-Cola,Carbonated Soft Drinks,Mass Retail,KwaZulu-Natal,16,53.15,31.78,850.4,341.92,101.57,748.83,64.4,0,B
2024Q3,Coca-Cola,Carbonated Soft Drinks,E-Commerce,North West,42,52.64,31.86,2210.88,872.76,98.62,2112.26,54.0,0,C
2024Q3,Powerplay,Energy Drinks,Convenience,Gauteng,17,111.95,61.6,1903.15,855.95,195.01,1708.14,56.6,0,B
2024Q4,Fanta,Carbonated Soft Drinks,E-Commerce,KwaZulu-Natal,9,53.92,31.32,485.28,203.4,49.78,435.5,94.5,0,A
2024Q1,Coca-Cola,Carbonated Soft Drinks,Mass Retail,Western Cape,67,58.77,32.53,3937.59,1758.08,437.99,3499.6,45.2,0,B
2024Q1,Coca-Cola,Carbonated Soft Drinks,On-Trade,Eastern Cape,11,52.67,31.98,579.37,227.59,53.19,526.18,70.3,0,A
2024Q3,Fanta,Carbonated Soft Drinks,On-Trade,Gauteng,177,43.0,20.66,7611.0,3954.18,527.11,7083.89,52.4,0,A
2024Q1,Cappy,Juices & Nectars,Mass Retail,Gauteng,7,65.78,35.88,460.46,209.3,26.14,434.32,94.0,1,C
2024Q3,Fanta,Carbonated Soft Drinks,On-Trade,KwaZulu-Natal,34,54.52,30.89,1853.68,803.42,119.02,1734.66,96.2,0,B
2024Q3,Coca-Cola,Carbonated Soft Drinks,On-Trade,KwaZulu-Natal,35,56.3,34.83,1970.5,751.45,189.38,1781.12,56.1,0,C
2024Q3,Coca-Cola,Carbonated Soft Drinks,On-Trade,Western Cape,12,46.65,27.36,559.8,231.48,48.56,511.24,47.0,0,B
2024Q4,Fanta,Carbonated Soft Drinks,Convenience,Mpumalanga,21,52.56,29.15,1103.76,491.61,63.96,1039.8,58.8,0,B
2024Q1,Schweppes,Mixers,Mass Retail,KwaZulu-Natal,28,60.62,33.47,1697.36,760.2,131.19,1566.17,91.8,0,C
2024Q4,Sprite,Carbonated Soft Drinks,On-Trade,Gauteng,23,47.74,25.78,1098.02,505.08,128.19,969.83,54.3,1,D
2024Q1,Bonaqua,Water,Mass Retail,Western Cape,33,43.9,25.13,1448.7,619.41,123.24,1325.46,48.7,0,B
2024Q3,Fanta,Carbonated Soft Drinks,Mass Retail,Free State,28,51.71,31.62,1447.88,562.52,86.89,1360.99,61.7,0,B
2024Q3,Coca-Cola,Carbonated Soft Drinks,On-Trade,Western Cape,33,58.72,35.44,1937.76,768.24,83.75,1854.01,93.9,1,B
2024Q1,Bonaqua,Water,Petrol & Travel,Western Cape,27,43.4,25.89,1171.8,472.77,109.84,1061.96,54.3,0,A
2024Q2,Cappy,Juices & Nectars,Mass Retail,Limpopo,17,62.55,37.15,1063.35,431.8,51.54,1011.81,56.8,0,A
2024Q2,Sprite,Carbonated Soft Drinks,Convenience,Free State,26,56.49,31.45,1468.74,651.04,142.32,1326.42,90.6,0,A
2024Q1,Sprite,Carbonated Soft Drinks,E-Commerce,KwaZulu-Natal,54,60.53,32.73,3268.62,1501.2,160.06,3108.56,82.6,0,B
2024Q1,Schweppes,Mixers,Mass Retail,Free State,230,56.97,32.85,13103.1,5547.6,1278.58,11824.52,74.6,1,A
2024Q4,Stoney,Carbonated Soft Drinks,E-Commerce,KwaZulu-Natal,37,61.24,31.43,2265.88,1102.97,149.06,2116.82,93.9,0,D
2024Q1,Powerplay,Energy Drinks,Mass Retail,Western Cape,22,107.62,52.39,2367.64,1215.06,148.48,2219.16,78.3,0,C
2024Q1,Fanta,Carbonated Soft Drinks,On-Trade,North West,101,53.49,25.82,5402.49,2794.67,261.52,5140.97,64.1,1,C
2024Q3,Monster,Energy Drinks,Petrol & Travel,Mpumalanga,39,105.51,62.69,4114.89,1669.98,412.35,3702.54,88.3,0,B
2024Q3,Coca-Cola,Carbonated Soft Drinks,E-Commerce,Western Cape,16,55.9,34.6,894.4,340.8,48.88,845.52,56.4,0,B
2024Q3,Cappy,Juices & Nectars,Mass Retail,Northern Cape,50,73.36,40.55,3668.0,1640.5,431.54,3236.46,81.9,0,B
2024Q3,Coca-Cola,Carbonated Soft Drinks,Mass Retail,Free State,13,46.85,28.09,609.05,243.88,31.66,577.39,95.1,0,B
2024Q2,Sprite,Carbonated Soft Drinks,Mass Retail,KwaZulu-Natal,27,57.86,33.57,1562.22,655.83,122.84,1439.38,78.2,0,C
2024Q1,Sprite,Carbonated Soft Drinks,Mass Retail,KwaZulu-Natal,43,54.42,28.36,2340.06,1120.58,163.17,2176.89,50.4,0,C
2024Q4,Schweppes,Mixers,Wholesale,Western Cape,14,53.3,32.45,746.2,291.9,77.93,668.27,52.5,0,C
2024Q4,Fanta,Carbonated Soft Drinks,E-Commerce,KwaZulu-Natal,38,55.18,31.66,2096.84,893.76,166.55,1930.29,82.0,1,B
2024Q4,Fanta,Carbonated Soft Drinks,Convenience,Eastern Cape,12,49.44,29.43,593.28,240.12,38.62,554.66,69.1,0,C
2024Q1,Coca-Cola,Carbonated Soft Drinks,Mass Retail,Western Cape,30,58.48,34.53,1754.4,718.5,80.49,1673.91,55.2,0,B
2024Q3,Cappy,Juices & Nectars,E-Commerce,Western Cape,12,75.81,45.15,909.72,367.92,41.62,868.1,55.4,0,B
2024Q4,Sprite,Carbonated Soft Drinks,On-Trade,Gauteng,107,59.85,29.77,6403.95,3218.56,739.68,5664.27,63.1,0,B
2024Q3,Powerplay,Energy Drinks,On-Trade,KwaZulu-Natal,9,109.62,65.6,986.58,396.18,104.04,882.54,66.0,0,C
2024Q4,Sprite,Carbonated Soft Drinks,E-Commerce,Western Cape,65,50.51,26.43,3283.15,1565.2,353.02,2930.13,56.5,1,A
2024Q3,Schweppes,Mixers,Wholesale,Mpumalanga,17,54.54,30.06,927.18,416.16,52.2,874.98,85.4,1,C
2024Q4,Sprite,Carbonated Soft Drinks,Convenience,Eastern Cape,55,62.85,38.85,3456.75,1320.0,414.78,3041.97,91.1,0,A
2024Q1,Sprite,Carbonated Soft Drinks,Mass Retail,Gauteng,101,52.59,32.29,5311.59,2050.3,222.4,5089.19,73.5,1,A
2024Q3,Coca-Cola,Carbonated Soft Drinks,Convenience,Gauteng,10,62.24,34.89,622.4,273.5,52.33,570.07,95.9,0,B
2024Q2,Coca-Cola,Carbonated Soft Drinks,On-Trade,Gauteng,22,55.7,30.15,1225.4,562.1,95.13,1130.27,59.8,0,A
2024Q3,Bonaqua,Water,Petrol & Travel,Eastern Cape,108,46.26,26.33,4996.08,2152.44,340.46,4655.62,61.7,0,B
2024Q4,Fanta,Carbonated Soft Drinks,Convenience,KwaZulu-Natal,24,47.72,23.19,1145.28,588.72,52.46,1092.82,57.9,1,A
2024Q4,Coca-Cola,Carbonated Soft Drinks,Convenience,Northern Cape,60,46.91,22.92,2814.6,1439.4,210.92,2603.68,93.4,0,B
2024Q1,Coca-Cola,Carbonated Soft Drinks,Mass Retail,Free State,48,51.12,26.9,2453.76,1162.56,112.39,2341.37,97.7,0,B
2024Q2,Coca-Cola,Carbonated Soft Drinks,E-Commerce,KwaZulu-Natal,168,50.29,28.87,8448.72,3598.56,469.4,7979.32,55.6,0,B
2024Q2,Cappy,Juices & Nectars,On-Trade,Free State,197,64.97,37.43,12799.09,5425.38,571.84,12227.25,67.2,0,C
2024Q1,Coca-Cola,Carbonated Soft Drinks,Mass Retail,KwaZulu-Natal,41,60.71,30.52,2489.11,1237.79,206.15,2282.96,93.4,1,B
2024Q1,Powerade,Sports Drinks,Mass Retail,Gauteng,20,68.54,32.96,1370.8,711.6,71.35,1299.45,67.4,0,B
2024Q3,Cappy,Juices & Nectars,On-Trade,Mpumalanga,64,59.18,31.81,3787.52,1751.68,222.5,3565.02,72.3,0,D
2024Q1,Coca-Cola,Carbonated Soft Drinks,Mass Retail,Gauteng,41,53.18,28.05,2180.38,1030.33,225.62,1954.76,56.2,0,B
2024Q3,Sprite,Carbonated Soft Drinks,On-Trade,Limpopo,161,51.82,29.96,8343.02,3519.46,451.25,7891.77,96.5,0,B
2024Q4,Cappy,Juices & Nectars,Convenience,Free State,39,61.03,34.45,2380.17,1036.62,226.0,2154.17,65.9,0,C
2024Q2,Sprite,Carbonated Soft Drinks,Wholesale,Eastern Cape,46,56.24,32.4,2587.04,1096.64,244.45,2342.59,56.9,0,C
2024Q1,Fanta,Carbonated Soft Drinks,On-Trade,KwaZulu-Natal,137,52.27,32.38,7160.99,2724.93,305.71,6855.28,48.5,1,B
2024Q4,Bonaqua,Water,On-Trade,Limpopo,20,41.7,23.65,834.0,361.0,55.02,778.98,69.2,1,C
2024Q4,Coca-Cola,Carbonated Soft Drinks,Mass Retail,Western Cape,40,56.35,34.5,2254.0,874.0,193.77,2060.23,51.6,1,B
2024Q2,Powerade,Sports Drinks,E-Commerce,Free State,35,66.41,35.71,2324.35,1074.5,150.1,2174.25,53.2,0,D
2024Q2,Schweppes,Mixers,Wholesale,KwaZulu-Natal,29,55.85,29.2,1619.65,772.85,85.63,1534.02,71.9,1,C
2024Q3,Fanta,Carbonated Soft Drinks,On-Trade,KwaZulu-Natal,45,49.32,25.82,2219.4,1057.5,152.78,2066.62,70.1,0,D
2024Q1,Sprite,Carbonated Soft Drinks,Mass Retail,Mpumalanga,21,57.66,34.71,1210.86,481.95,121.82,1089.04,83.3,1,B
2024Q1,Fanta,Carbonated Soft Drinks,Petrol & Travel,Free State,34,48.79,29.31,1658.86,662.32,143.91,1514.95,56.3,1,A
2024Q1,Schweppes,Mixers,On-Trade,KwaZulu-Natal,77,61.75,31.13,4754.75,2357.74,200.91,4553.84,66.6,0,C
2024Q4,Cappy,Juices & Nectars,Petrol & Travel,Gauteng,68,70.08,39.63,4765.44,2070.6,232.89,4532.55,81.2,0,C
2024Q4,Coca-Cola,Carbonated Soft Drinks,Mass Retail,Western Cape,76,48.57,29.1,3691.32,1479.72,347.97,3343.35,58.3,0,C
2024Q4,Coca-Cola,Carbonated Soft Drinks,E-Commerce,Western Cape,14,51.43,25.48,720.02,363.3,66.1,653.92,68.2,1,A
2024Q2,Coca-Cola,Carbonated Soft Drinks,Convenience,KwaZulu-Natal,62,54.7,31.81,3391.4,1419.18,190.53,3200.87,81.6,1,A
2024Q4,Fanta,Carbonated Soft Drinks,Mass Retail,KwaZulu-Natal,16,43.6,26.03,697.6,281.12,49.69,647.91,45.6,0,B
2024Q3,Coca-Cola,Carbonated Soft Drinks,On-Trade,KwaZulu-Natal,55,52.02,31.82,2861.1,1111.0,155.84,2705.26,54.8,1,C
2024Q1,Coca-Cola,Carbonated Soft Drinks,Petrol & Travel,Gauteng,36,47.58,24.49,1712.88,831.24,81.17,1631.71,64.1,1,B
2024Q4,Sprite,Carbonated Soft Drinks,Convenience,Limpopo,45,55.41,27.56,2493.45,1253.25,174.09,2319.36,94.4,0,B
2024Q2,Sprite,Carbonated Soft Drinks,Mass Retail,Western Cape,116,51.66,25.43,5992.56,3042.68,581.3,5411.26,96.6,0,A
2024Q3,Cappy,Juices & Nectars,Mass Retail,Western Cape,11,66.82,38.0,735.02,317.02,64.12,670.9,79.6,1,B
2024Q4,Sprite,Carbonated Soft Drinks,Convenience,Gauteng,194,60.4,30.75,11717.6,5752.1,664.0,11053.6,59.6,0,C
2024Q1,Coca-Cola,Carbonated Soft Drinks,Mass Retail,Gauteng,79,53.41,27.85,4219.39,2019.24,476.65,3742.74,84.4,0,B
2024Q4,Coca-Cola,Carbonated Soft Drinks,E-Commerce,Gauteng,27,50.31,30.89,1358.37,524.34,88.06,1270.31,62.5,1,C
2024Q4,Cappy,Juices & Nectars,Wholesale,Gauteng,20,71.38,37.56,1427.6,676.4,104.43,1323.17,68.0,0,B
2024Q3,Coca-Cola,Carbonated Soft Drinks,Mass Retail,KwaZulu-Natal,98,52.09,30.98,5104.82,2068.78,530.21,4574.61,50.4,0,A
2024Q2,Coca-Cola,Carbonated Soft Drinks,On-Trade,KwaZulu-Natal,76,52.63,32.55,3999.88,1526.08,355.39,3644.49,77.5,0,C
2024Q4,Coca-Cola,Carbonated Soft Drinks,Mass Retail,Gauteng,20,49.95,29.29,999.0,413.2,67.52,931.48,52.2,0,B
2024Q4,Powerplay,Energy Drinks,On-Trade,Western Cape,42,107.63,62.18,4520.46,1908.9,372.8,4147.66,96.4,0,A
2024Q1,Coca-Cola,Carbonated Soft Drinks,Mass Retail,Gauteng,68,52.14,27.98,3545.52,1642.88,207.18,3338.34,57.3,0,A
2024Q3,Stoney,Carbonated Soft Drinks,Mass Retail,Western Cape,183,59.73,34.41,10930.59,4633.56,456.74,10473.85,47.9,0,B
2024Q1,Fanta,Carbonated Soft Drinks,Convenience,Gauteng,49,45.41,25.31,2225.09,984.9,193.27,2031.82,61.0,0,A
2024Q4,Fanta,Carbonated Soft Drinks,Petrol & Travel,Western Cape,39,54.89,27.83,2140.71,1055.34,202.33,1938.38,94.7,1,D
2024Q3,Coca-Cola,Carbonated Soft Drinks,Wholesale,Gauteng,19,50.14,29.24,952.66,397.1,69.09,883.57,48.3,0,B
2024Q4,Cappy,Juices & Nectars,Mass Retail,Free State,7,70.37,37.17,492.59,232.4,31.14,461.45,69.1,0,A
2024Q4,Stoney,Carbonated Soft Drinks,E-Commerce,Limpopo,110,60.93,35.0,6702.3,2852.3,425.98,6276.32,73.0,0,A
2024Q3,Cappy,Juices & Nectars,Wholesale,Gauteng,168,71.25,36.31,11970.0,5869.92,1192.42,10777.58,79.3,0,A
2024Q3,Cappy,Juices & Nectars,Convenience,Gauteng,50,63.2,31.08,3160.0,1606.0,269.31,2890.69,74.3,0,C
2024Q4,Stoney,Carbonated Soft Drinks,Wholesale,Western Cape,9,60.17,35.14,541.53,225.27,23.53,518.0,89.1,0,B
2024Q3,Powerade,Sports Drinks,On-Trade,Western Cape,26,68.89,39.15,1791.14,773.24,73.7,1717.44,89.9,0,D
2024Q2,Coca-Cola,Carbonated Soft Drinks,Mass Retail,KwaZulu-Natal,132,53.0,26.14,6996.0,3545.52,575.72,6420.28,60.4,0,B
2024Q3,Powerplay,Energy Drinks,Convenience,Eastern Cape,46,114.26,69.78,5255.96,2046.08,356.08,4899.88,92.7,0,A
2024Q3,Schweppes,Mixers,Convenience,Gauteng,68,61.46,29.66,4179.28,2162.4,287.89,3891.39,46.0,0,B
2024Q1,Sprite,Carbonated Soft Drinks,E-Commerce,Limpopo,36,50.76,29.98,1827.36,748.08,102.52,1724.84,70.7,0,A
2024Q4,Bonaqua,Water,Mass Retail,KwaZulu-Natal,47,38.59,20.14,1813.73,867.15,103.17,1710.56,74.6,0,B
2024Q4,Fanta,Carbonated Soft Drinks,E-Commerce,Eastern Cape,5,48.99,25.75,244.95,116.2,15.04,229.91,73.9,0,C
2024Q4,Schweppes,Mixers,E-Commerce,Gauteng,15,54.63,29.86,819.45,371.55,37.3,782.15,82.2,0,D
2024Q2,Sprite,Carbonated Soft Drinks,Mass Retail,KwaZulu-Natal,7,55.22,33.5,386.54,152.04,18.26,368.28,91.1,0,B
2024Q4,Coca-Cola,Carbonated Soft Drinks,Wholesale,KwaZulu-Natal,43,54.48,26.94,2342.64,1184.22,249.54,2093.1,81.2,1,C
2024Q1,Cappy,Juices & Nectars,Wholesale,Western Cape,43,61.87,35.44,2660.41,1136.49,265.33,2395.08,83.2,0,C
2024Q4,Coca-Cola,Carbonated Soft Drinks,E-Commerce,KwaZulu-Natal,46,58.19,30.06,2676.74,1293.98,302.45,2374.29,46.0,0,D
2024Q2,Cappy,Juices & Nectars,Mass Retail,KwaZulu-Natal,21,75.59,36.55,1587.39,819.84,71.87,1515.52,79.4,0,A
2024Q2,Schweppes,Mixers,E-Commerce,Gauteng,45,71.01,37.25,3195.45,1519.2,193.44,3002.01,46.1,1,B
2024Q3,Powerplay,Energy Drinks,Mass Retail,Gauteng,10,106.45,52.4,1064.5,540.5,103.7,960.8,92.4,0,A
2024Q1,Monster,Energy Drinks,Wholesale,Eastern Cape,21,112.4,65.61,2360.4,982.59,115.21,2245.19,80.5,0,B
2024Q3,Stoney,Carbonated Soft Drinks,Convenience,Western Cape,67,64.85,33.5,4344.95,2100.45,495.24,3849.71,54.5,0,B
2024Q3,Coca-Cola,Carbonated Soft Drinks,Convenience,Northern Cape,17,50.39,30.02,856.63,346.29,34.44,822.19,89.1,1,B
2024Q4,Bonaqua,Water,Petrol & Travel,Gauteng,43,42.64,24.44,1833.52,782.6,126.93,1706.59,48.1,0,A
2024Q1,Fanta,Carbonated Soft Drinks,E-Commerce,Limpopo,23,45.64,25.74,1049.72,457.7,82.49,967.23,55.5,1,B
2024Q1,Schweppes,Mixers,Convenience,Eastern Cape,28,56.66,31.77,1586.48,696.92,73.61,1512.87,76.9,0,A
2024Q3,Stoney,Carbonated Soft Drinks,E-Commerce,Free State,13,58.02,29.28,754.26,373.62,85.61,668.65,50.9,0,A
2024Q3,Fanta,Carbonated Soft Drinks,Mass Retail,Western Cape,21,50.26,27.39,1055.46,480.27,111.24,944.22,83.5,0,C
2024Q4,Cappy,Juices & Nectars,E-Commerce,KwaZulu-Natal,66,69.93,38.89,4615.38,2048.64,433.91,4181.47,74.7,0,D
2024Q1,Fanta,Carbonated Soft Drinks,E-Commerce,Limpopo,9,51.85,28.08,466.65,213.93,29.15,437.5,51.5,0,B
2024Q4,Powerade,Sports Drinks,Convenience,KwaZulu-Natal,25,73.0,42.68,1825.0,758.0,98.58,1726.42,67.5,1,A
2024Q2,Monster,Energy Drinks,On-Trade,Gauteng,42,102.27,57.79,4295.34,1868.16,245.13,4050.21,70.1,0,A
2024Q4,Coca-Cola,Carbonated Soft Drinks,On-Trade,KwaZulu-Natal,22,52.67,32.51,1158.74,443.52,102.86,1055.88,69.9,0,C
2024Q2,Coca-Cola,Carbonated Soft Drinks,Mass Retail,Gauteng,16,52.65,32.13,842.4,328.32,75.86,766.54,54.8,0,B
2024Q1,Coca-Cola,Carbonated Soft Drinks,Mass Retail,KwaZulu-Natal,105,57.32,32.2,6018.6,2637.6,329.09,5689.51,77.0,1,A
2024Q1,Coca-Cola,Carbonated Soft Drinks,On-Trade,KwaZulu-Natal,76,60.89,34.81,4627.64,1982.08,516.62,4111.02,90.1,0,B
2024Q2,Cappy,Juices & Nectars,Wholesale,KwaZulu-Natal,25,67.83,33.02,1695.75,870.25,181.46,1514.29,71.0,0,B
2024Q2,Fanta,Carbonated Soft Drinks,Mass Retail,KwaZulu-Natal,16,43.56,25.18,696.96,294.08,78.91,618.05,49.7,0,A
2024Q2,Coca-Cola,Carbonated Soft Drinks,E-Commerce,Gauteng,19,56.29,29.82,1069.51,502.93,46.76,1022.75,45.8,0,A
2024Q4,Coca-Cola,Carbonated Soft Drinks,Mass Retail,Western Cape,39,56.82,32.31,2215.98,955.89,121.88,2094.1,88.9,0,B
2024Q4,Coca-Cola,Carbonated Soft Drinks,Wholesale,Western Cape,66,52.23,31.25,3447.18,1384.68,339.57,3107.61,83.9,1,C
2024Q2,Coca-Cola,Carbonated Soft Drinks,Convenience,Free State,27,51.47,24.77,1389.69,720.9,73.19,1316.5,91.7,1,B
2024Q2,Cappy,Juices & Nectars,Mass Retail,Mpumalanga,35,68.97,35.4,2413.95,1174.95,192.56,2221.39,56.6,0,C
2024Q1,Coca-Cola,Carbonated Soft Drinks,Mass Retail,Gauteng,33,52.29,25.7,1725.57,877.47,161.6,1563.97,79.3,1,B
2024Q2,Cappy,Juices & Nectars,E-Commerce,Gauteng,26,67.78,37.18,1762.28,795.6,71.89,1690.39,96.3,0,A
2024Q1,Coca-Cola,Carbonated Soft Drinks,Wholesale,KwaZulu-Natal,23,47.99,24.11,1103.77,549.24,111.84,991.93,48.1,0,A
2024Q4,Coca-Cola,Carbonated Soft Drinks,E-Commerce,Gauteng,37,53.73,27.39,1988.01,974.58,136.79,1851.22,70.3,0,D
2024Q3,Coca-Cola,Carbonated Soft Drinks,E-Commerce,Gauteng,54,60.09,31.8,3244.86,1527.66,361.07,2883.79,49.3,0,D
2024Q1,Fanta,Carbonated Soft Drinks,Convenience,Gauteng,67,52.31,29.95,3504.77,1498.12,143.82,3360.95,54.5,0,D
2024Q4,Coca-Cola,Carbonated Soft Drinks,Convenience,Mpumalanga,11,56.13,34.25,617.43,240.68,61.28,556.15,60.1,0,B
2024Q3,Coca-Cola,Carbonated Soft Drinks,Mass Retail,KwaZulu-Natal,71,52.2,27.59,3706.2,1747.31,403.48,3302.72,47.9,0,B
2024Q2,Coca-Cola,Carbonated Soft Drinks,Mass Retail,Free State,27,54.99,32.36,1484.73,611.01,148.74,1335.99,92.8,0,D
2024Q4,Coca-Cola,Carbonated Soft Drinks,Convenience,Western Cape,80,51.59,30.39,4127.2,1696.0,295.0,3832.2,89.8,1,B
2024Q4,Bonaqua,Water,On-Trade,Eastern Cape,19,42.42,22.06,805.98,386.84,64.04,741.94,68.8,0,A
2024Q2,Schweppes,Mixers,Convenience,KwaZulu-Natal,6,59.76,30.15,358.56,177.66,36.39,322.17,66.2,0,B
2024Q4,Fanta,Carbonated Soft Drinks,Mass Retail,Gauteng,58,51.04,29.56,2960.32,1245.84,129.18,2831.14,89.4,0,A
2024Q4,Schweppes,Mixers,E-Commerce,Western Cape,49,57.21,31.84,2803.29,1243.13,215.21,2588.08,62.6,0,B
2024Q4,Fanta,Carbonated Soft Drinks,On-Trade,Gauteng,25,49.1,23.76,1227.5,633.5,77.81,1149.69,66.0,0,C
2024Q4,Coca-Cola,Carbonated Soft Drinks,Mass Retail,Free State,22,44.7,22.1,983.4,497.2,59.84,923.56,47.6,0,A
2024Q4,Sprite,Carbonated Soft Drinks,Mass Retail,Western Cape,18,58.11,30.89,1045.98,489.96,43.23,1002.75,89.5,0,A
2024Q2,Fanta,Carbonated Soft Drinks,Mass Retail,North West,28,47.76,29.31,1337.28,516.6,95.43,1241.85,72.9,0,B
2024Q2,Stoney,Carbonated Soft Drinks,Petrol & Travel,Western Cape,42,59.96,37.15,2518.32,958.02,256.81,2261.51,66.4,0,B
2024Q3,Coca-Cola,Carbonated Soft Drinks,Mass Retail,Limpopo,23,59.47,28.65,1367.81,708.86,111.67,1256.14,97.1,0,D
2024Q3,Bonaqua,Water,E-Commerce,Western Cape,56,39.65,24.56,2220.4,845.04,256.74,1963.66,83.7,0,D
2024Q1,Coca-Cola,Carbonated Soft Drinks,Convenience,Gauteng,74,61.76,35.76,4570.24,1924.0,335.96,4234.28,80.5,1,C
2024Q1,Coca-Cola,Carbonated Soft Drinks,Mass Retail,KwaZulu-Natal,59,49.9,30.27,2944.1,1158.17,244.72,2699.38,46.7,0,A
2024Q3,Schweppes,Mixers,E-Commerce,KwaZulu-Natal,18,65.0,36.65,1170.0,510.3,87.03,1082.97,69.7,0,A
2024Q3,Stoney,Carbonated Soft Drinks,Convenience,Gauteng,23,57.24,27.57,1316.52,682.41,76.59,1239.93,62.6,1,A
2024Q1,Coca-Cola,Carbonated Soft Drinks,Wholesale,Western Cape,90,60.22,29.72,5419.8,2745.0,474.78,4945.02,97.9,0,B
2024Q3,Cappy,Juices & Nectars,Wholesale,Mpumalanga,21,65.88,34.35,1383.48,662.13,90.95,1292.53,72.7,0,C
2024Q3,Sprite,Carbonated Soft Drinks,Wholesale,Gauteng,17,58.99,30.97,1002.83,476.34,64.85,937.98,64.2,0,C
2024Q4,Sprite,Carbonated Soft Drinks,E-Commerce,Gauteng,17,62.7,33.52,1065.9,496.06,84.3,981.6,67.1,0,C
2024Q3,Coca-Cola,Carbonated Soft Drinks,E-Commerce,Gauteng,7,50.7,29.84,354.9,146.02,38.45,316.45,67.3,0,B
2024Q1,Coca-Cola,Carbonated Soft Drinks,On-Trade,North West,34,49.11,23.88,1669.74,857.82,70.69,1599.05,77.5,0,A
2024Q4,Sprite,Carbonated Soft Drinks,Wholesale,Mpumalanga,47,56.63,28.29,2661.61,1331.98,260.74,2400.87,72.3,1,B
2024Q3,Coca-Cola,Carbonated Soft Drinks,Mass Retail,Free State,83,58.72,32.42,4873.76,2182.9,556.18,4317.58,72.6,0,C
2024Q3,Sprite,Carbonated Soft Drinks,Mass Retail,Gauteng,14,55.48,30.28,776.72,352.8,42.4,734.32,76.6,0,C
2024Q4,Powerplay,Energy Drinks,Mass Retail,Gauteng,15,107.84,58.84,1617.6,735.0,75.24,1542.36,81.2,0,B
2024Q3,Bonaqua,Water,E-Commerce,Gauteng,241,44.24,26.95,10661.84,4166.89,961.51,9700.33,52.7,0,C
2024Q4,Coca-Cola,Carbonated Soft Drinks,Mass Retail,Western Cape,94,56.22,33.78,5284.68,2109.36,287.7,4996.98,95.4,1,D
2024Q1,Fanta,Carbonated Soft Drinks,Wholesale,Eastern Cape,89,53.43,26.19,4755.27,2424.36,205.99,4549.28,50.4,1,B
2024Q1,Coca-Cola,Carbonated Soft Drinks,Convenience,KwaZulu-Natal,10,53.04,31.85,530.4,211.9,40.13,490.27,81.9,0,A
2024Q4,Fanta,Carbonated Soft Drinks,Petrol & Travel,KwaZulu-Natal,13,46.91,24.77,609.83,287.82,63.26,546.57,76.1,1,C
2024Q2,Coca-Cola,Carbonated Soft Drinks,E-Commerce,Gauteng,21,59.47,34.63,1248.87,521.64,142.62,1106.25,84.8,0,B
2024Q4,Cappy,Juices & Nectars,Mass Retail,Western Cape,44,64.67,35.21,2845.48,1296.24,130.96,2714.52,83.1,0,A
2024Q1,Fanta,Carbonated Soft Drinks,Mass Retail,Gauteng,7,49.49,28.72,346.43,145.39,38.41,308.02,45.0,0,C
2024Q4,Fanta,Carbonated Soft Drinks,On-Trade,Gauteng,18,52.69,28.9,948.42,428.22,44.71,903.71,84.6,0,B
2024Q3,Stoney,Carbonated Soft Drinks,Petrol & Travel,Gauteng,19,65.38,37.7,1242.22,525.92,49.69,1192.53,94.4,0,B
2024Q2,Coca-Cola,Carbonated Soft Drinks,Mass Retail,Free State,112,56.67,31.66,6347.04,2801.12,688.91,5658.13,77.3,0,C
2024Q2,Fanta,Carbonated Soft Drinks,Convenience,KwaZulu-Natal,12,51.26,31.16,615.12,241.2,58.15,556.97,82.1,0,C
2024Q4,Sprite,Carbonated Soft Drinks,Mass Retail,Gauteng,29,52.0,26.7,1508.0,733.7,136.37,1371.63,87.8,0,C
2024Q2,Sprite,Carbonated Soft Drinks,E-Commerce,North West,106,54.34,33.06,5760.04,2255.68,545.28,5214.76,57.9,0,D
2024Q2,Coca-Cola,Carbonated Soft Drinks,Mass Retail,Western Cape,64,53.28,27.07,3409.92,1677.44,203.53,3206.39,95.5,1,D
2024Q1,Stoney,Carbonated Soft Drinks,Mass Retail,Gauteng,25,53.46,30.07,1336.5,584.75,118.02,1218.48,60.5,0,A
2024Q2,Cappy,Juices & Nectars,On-Trade,Western Cape,28,70.91,38.35,1985.48,911.68,191.0,1794.48,80.1,0,A
2024Q3,Powerplay,Energy Drinks,Mass Retail,Limpopo,7,99.72,51.15,698.04,339.99,53.51,644.53,81.4,0,B
2024Q2,Fanta,Carbonated Soft Drinks,Wholesale,Gauteng,20,55.17,32.39,1103.4,455.6,44.71,1058.69,70.3,0,B
2024Q4,Coca-Cola,Carbonated Soft Drinks,Wholesale,Northern Cape,23,61.43,35.03,1412.89,607.2,159.03,1253.86,75.0,0,A
2024Q3,Sprite,Carbonated Soft Drinks,Mass Retail,KwaZulu-Natal,22,55.72,29.67,1225.84,573.1,104.48,1121.36,87.3,0,C
2024Q2,Bonaqua,Water,Convenience,KwaZulu-Natal,21,45.38,24.87,952.98,430.71,99.3,853.68,60.7,1,B
2024Q3,Coca-Cola,Carbonated Soft Drinks,Wholesale,Eastern Cape,279,59.82,35.39,16689.78,6815.97,1960.47,14729.31,47.9,0,B
2024Q4,Coca-Cola,Carbonated Soft Drinks,Mass Retail,Western Cape,36,53.04,29.33,1909.44,853.56,101.05,1808.39,65.4,0,C
2024Q4,Bonaqua,Water,On-Trade,Western Cape,64,44.83,26.0,2869.12,1205.12,213.27,2655.85,83.6,1,B
2024Q2,Sprite,Carbonated Soft Drinks,Convenience,Western Cape,25,54.01,32.66,1350.25,533.75,62.22,1288.03,87.5,1,B
2024Q3,Stoney,Carbonated Soft Drinks,Mass Retail,Gauteng,65,59.36,33.36,3858.4,1690.0,219.19,3639.21,60.1,0,D
2024Q3,Coca-Cola,Carbonated Soft Drinks,Mass Retail,KwaZulu-Natal,147,45.51,24.78,6689.97,3047.31,470.14,6219.83,56.8,0,C
2024Q1,Schweppes,Mixers,On-Trade,Limpopo,15,61.7,36.43,925.5,379.05,100.29,825.21,93.8,1,D
2024Q4,Powerade,Sports Drinks,Convenience,Western Cape,61,65.13,33.07,3972.93,1955.66,160.02,3812.91,91.2,0,A
2024Q3,Powerade,Sports Drinks,Mass Retail,Western Cape,11,55.87,33.45,614.57,246.62,41.2,573.37,92.3,0,C
2024Q2,Sprite,Carbonated Soft Drinks,Convenience,KwaZulu-Natal,6,56.77,29.19,340.62,165.48,30.63,309.99,68.7,0,A
2024Q2,Coca-Cola,Carbonated Soft Drinks,On-Trade,Western Cape,386,42.96,23.13,16582.56,7654.38,1710.34,14872.22,67.5,1,B
2024Q2,Bonaqua,Water,Mass Retail,North West,41,43.74,24.62,1793.34,783.92,159.37,1633.97,83.1,0,D
2024Q3,Powerplay,Energy Drinks,On-Trade,Gauteng,45,102.79,50.52,4625.55,2352.15,323.9,4301.65,48.3,0,C
2024Q1,Powerplay,Energy Drinks,Convenience,North West,14,112.63,59.92,1576.82,737.94,180.42,1396.4,68.4,0,A
2024Q1,Sprite,Carbonated Soft Drinks,E-Commerce,Mpumalanga,25,58.3,35.84,1457.5,561.5,153.03,1304.47,89.4,1,B
2024Q3,Coca-Cola,Carbonated Soft Drinks,Wholesale,North West,29,52.38,26.85,1519.02,740.37,177.7,1341.32,71.5,0,D
2024Q3,Schweppes,Mixers,On-Trade,Gauteng,7,51.74,27.37,362.18,170.59,23.4,338.78,56.1,1,A
2024Q4,Coca-Cola,Carbonated Soft Drinks,Petrol & Travel,Western Cape,56,52.95,29.19,2965.2,1330.56,189.29,2775.91,53.4,0,C
2024Q3,Monster,Energy Drinks,Convenience,KwaZulu-Natal,31,112.83,58.75,3497.73,1676.48,308.22,3189.51,86.1,0,C
2024Q2,Fanta,Carbonated Soft Drinks,Convenience,Gauteng,102,53.45,32.84,5451.9,2102.22,290.06,5161.84,97.9,0,C
2024Q3,Monster,Energy Drinks,Mass Retail,Northern Cape,50,125.84,68.98,6292.0,2843.0,603.06,5688.94,66.0,1,D
2024Q1,Schweppes,Mixers,Petrol & Travel,Eastern Cape,394,50.14,25.48,19755.16,9716.04,2268.87,17486.29,57.1,0,A
2024Q2,Powerplay,Energy Drinks,Mass Retail,Gauteng,36,98.03,51.28,3529.08,1683.0,279.3,3249.78,56.9,1,D
2024Q3,Powerplay,Energy Drinks,Convenience,Western Cape,54,119.08,62.84,6430.32,3036.96,281.65,6148.67,90.9,1,A
2024Q2,Fanta,Carbonated Soft Drinks,On-Trade,Mpumalanga,32,53.12,28.03,1699.84,802.88,168.86,1530.98,91.5,0,D
2024Q3,Coca-Cola,Carbonated Soft Drinks,On-Trade,Mpumalanga,10,43.82,26.69,438.2,171.3,41.81,396.39,58.1,1,B
2024Q3,Cappy,Juices & Nectars,Wholesale,KwaZulu-Natal,18,62.22,31.87,1119.96,546.3,103.8,1016.16,51.1,0,A
2024Q4,Sprite,Carbonated Soft Drinks,Mass Retail,Gauteng,10,59.22,28.97,592.2,302.5,27.56,564.64,51.7,0,B
2024Q4,Fanta,Carbonated Soft Drinks,On-Trade,Western Cape,21,50.8,27.17,1066.8,496.23,66.45,1000.35,75.6,0,D
2024Q4,Bonaqua,Water,Convenience,Gauteng,6,39.74,19.84,238.44,119.4,23.7,214.74,91.6,0,C
2024Q2,Sprite,Carbonated Soft Drinks,Mass Retail,KwaZulu-Natal,65,51.53,25.13,3349.45,1716.0,303.12,3046.33,63.6,0,D
2024Q2,Fanta,Carbonated Soft Drinks,On-Trade,Gauteng,24,53.83,29.8,1291.92,576.72,63.81,1228.11,67.1,0,C
2024Q3,Fanta,Carbonated Soft Drinks,Mass Retail,KwaZulu-Natal,44,46.08,27.86,2027.52,801.68,229.02,1798.5,87.0,1,C
2024Q2,Coca-Cola,Carbonated Soft Drinks,Convenience,Western Cape,20,55.45,33.78,1109.0,433.4,107.27,1001.73,86.6,1,B
2024Q1,Coca-Cola,Carbonated Soft Drinks,Mass Retail,Western Cape,89,53.35,32.04,4748.15,1896.59,200.8,4547.35,94.8,1,A
2024Q4,Coca-Cola,Carbonated Soft Drinks,Convenience,Gauteng,113,55.82,27.63,6307.66,3185.47,276.53,6031.13,86.6,0,A
2024Q1,Coca-Cola,Carbonated Soft Drinks,Convenience,Gauteng,40,50.38,30.17,2015.2,808.4,175.3,1839.9,53.5,1,B
2024Q2,Schweppes,Mixers,On-Trade,Eastern Cape,47,65.7,37.52,3087.9,1324.46,324.4,2763.5,68.0,1,C
2024Q1,Coca-Cola,Carbonated Soft Drinks,Wholesale,Gauteng,35,54.92,31.09,1922.2,834.05,220.42,1701.78,94.4,0,B
2024Q1,Schweppes,Mixers,Wholesale,Free State,16,65.12,36.36,1041.92,460.16,76.34,965.58,92.1,0,B
2024Q4,Coca-Cola,Carbonated Soft Drinks,E-Commerce,KwaZulu-Natal,44,53.46,31.83,2352.24,951.72,229.99,2122.25,90.3,0,B
2024Q1,Coca-Cola,Carbonated Soft Drinks,Mass Retail,Mpumalanga,13,52.0,25.8,676.0,340.6,35.65,640.35,84.8,0,B
2024Q1,Sprite,Carbonated Soft Drinks,E-Commerce,KwaZulu-Natal,47,53.63,27.85,2520.61,1211.66,260.73,2259.88,70.9,0,B
2024Q4,Schweppes,Mixers,Petrol & Travel,Mpumalanga,9,51.86,31.0,466.74,187.74,19.99,446.75,96.7,0,B
2024Q4,Powerplay,Energy Drinks,On-Trade,Eastern Cape,160,99.46,49.45,15913.6,8001.6,1290.98,14622.62,97.2,1,B
2024Q4,Fanta,Carbonated Soft Drinks,Mass Retail,Gauteng,22,56.79,32.45,1249.38,535.48,70.45,1178.93,69.9,0,B
2024Q4,Sprite,Carbonated Soft Drinks,Mass Retail,Free State,50,50.23,28.16,2511.5,1103.5,213.99,2297.51,77.6,0,C
2024Q2,Powerplay,Energy Drinks,E-Commerce,Limpopo,24,111.94,60.21,2686.56,1241.52,273.07,2413.49,96.9,0,B
2024Q4,Sprite,Carbonated Soft Drinks,Mass Retail,Gauteng,10,48.23,26.26,482.3,219.7,44.61,437.69,58.8,1,C
2024Q1,Stoney,Carbonated Soft Drinks,Mass Retail,Mpumalanga,28,54.35,28.23,1521.8,731.36,153.95,1367.85,50.7,0,A
2024Q1,Coca-Cola,Carbonated Soft Drinks,Mass Retail,KwaZulu-Natal,22,53.27,28.84,1171.94,537.46,59.2,1112.74,97.3,0,A
2024Q2,Sprite,Carbonated Soft Drinks,Petrol & Travel,Gauteng,101,57.27,34.87,5784.27,2262.4,580.99,5203.28,80.7,0,A
2024Q4,Powerplay,Energy Drinks,Convenience,Gauteng,17,110.3,66.59,1875.1,743.07,156.57,1718.53,47.1,0,C
2024Q1,Stoney,Carbonated Soft Drinks,On-Trade,Western Cape,80,59.51,35.7,4760.8,1904.8,501.12,4259.68,48.3,1,B
2024Q1,Coca-Cola,Carbonated Soft Drinks,Convenience,KwaZulu-Natal,5,45.41,22.91,227.05,112.5,26.67,200.38,56.3,1,C
2024Q4,Powerplay,Energy Drinks,On-Trade,Western Cape,12,114.97,70.3,1379.64,536.04,56.39,1323.25,45.3,0,A
2024Q1,Stoney,Carbonated Soft Drinks,Convenience,Western Cape,12,59.45,32.65,713.4,321.6,52.03,661.37,92.2,1,C
2024Q2,Cappy,Juices & Nectars,Wholesale,Western Cape,34,68.15,34.16,2317.1,1155.66,101.35,2215.75,73.5,1,A
2024Q4,Powerade,Sports Drinks,On-Trade,Gauteng,14,63.04,36.0,882.56,378.56,74.38,808.18,49.1,0,C
2024Q3,Cappy,Juices & Nectars,Mass Retail,North West,38,71.88,44.07,2731.44,1056.78,141.63,2589.81,97.7,0,C
2024Q4,Schweppes,Mixers,Petrol & Travel,Gauteng,54,69.92,33.79,3775.68,1951.02,434.85,3340.83,79.1,1,A
2024Q2,Coca-Cola,Carbonated Soft Drinks,On-Trade,KwaZulu-Natal,114,58.21,32.01,6635.94,2986.8,428.29,6207.65,73.2,0,B
2024Q2,Monster,Energy Drinks,Mass Retail,KwaZulu-Natal,58,107.86,60.88,6255.88,2724.84,477.01,5778.87,56.8,0,A
2024Q2,Coca-Cola,Carbonated Soft Drinks,Mass Retail,Northern Cape,28,53.31,26.9,1492.68,739.48,142.85,1349.83,96.8,0,C
2024Q1,Bonaqua,Water,Wholesale,Eastern Cape,20,35.05,18.71,701.0,326.8,75.83,625.17,85.9,0,B
2024Q2,Bonaqua,Water,Convenience,KwaZulu-Natal,39,40.02,22.87,1560.78,668.85,183.61,1377.17,75.7,0,C
2024Q2,Schweppes,Mixers,E-Commerce,Eastern Cape,21,62.14,38.21,1304.94,502.53,54.49,1250.45,85.7,0,A
2024Q2,Coca-Cola,Carbonated Soft Drinks,Mass Retail,North West,88,46.45,25.95,4087.6,1804.0,412.52,3675.08,90.9,0,A
2024Q2,Coca-Cola,Carbonated Soft Drinks,On-Trade,Western Cape,21,55.99,28.67,1175.79,573.72,87.54,1088.25,80.9,1,C
2024Q2,Coca-Cola,Carbonated Soft Drinks,Convenience,Gauteng,15,58.72,34.73,880.8,359.85,37.83,842.97,80.4,0,B
2024Q4,Sprite,Carbonated Soft Drinks,Wholesale,Western Cape,36,56.51,33.42,2034.36,831.24,228.6,1805.76,80.8,0,A
2024Q2,Stoney,Carbonated Soft Drinks,E-Commerce,Western Cape,44,62.37,33.64,2744.28,1264.12,265.76,2478.52,91.0,0,D
2024Q1,Sprite,Carbonated Soft Drinks,Convenience,Western Cape,29,56.82,30.63,1647.78,759.51,80.35,1567.43,58.1,0,B
2024Q2,Coca-Cola,Carbonated Soft Drinks,E-Commerce,KwaZulu-Natal,94,45.73,26.21,4298.62,1834.88,440.81,3857.81,54.7,0,D
2024Q1,Coca-Cola,Carbonated Soft Drinks,On-Trade,Free State,6,48.71,30.08,292.26,111.78,31.21,261.05,70.4,0,B
2024Q2,Sprite,Carbonated Soft Drinks,On-Trade,Limpopo,83,52.62,26.91,4367.46,2133.93,444.55,3922.91,69.2,1,B
2024Q1,Bonaqua,Water,Mass Retail,North West,19,35.4,20.71,672.6,279.11,30.83,641.77,80.0,0,B
2024Q1,Monster,Energy Drinks,E-Commerce,Free State,87,117.54,59.35,10225.98,5062.53,889.34,9336.64,94.9,0,B
2024Q2,Sprite,Carbonated Soft Drinks,Mass Retail,Gauteng,106,58.41,30.76,6191.46,2930.9,594.62,5596.84,93.6,1,D
2024Q4,Sprite,Carbonated Soft Drinks,Mass Retail,Gauteng,25,57.27,31.15,1431.75,653.0,154.9,1276.85,88.7,0,B
2024Q4,Sprite,Carbonated Soft Drinks,E-Commerce,Free State,31,58.41,33.4,1810.71,775.31,128.99,1681.72,63.6,0,B
2024Q4,Cappy,Juices & Nectars,Wholesale,Western Cape,33,75.94,45.11,2506.02,1017.39,249.64,2256.38,46.1,0,D
2024Q3,Coca-Cola,Carbonated Soft Drinks,Convenience,Western Cape,9,42.62,25.34,383.58,155.52,32.15,351.43,91.9,0,A
2024Q3,Fanta,Carbonated Soft Drinks,E-Commerce,Eastern Cape,117,51.36,24.93,6009.12,3092.31,253.38,5755.74,49.4,0,C
2024Q3,Sprite,Carbonated Soft Drinks,Convenience,Northern Cape,166,57.7,29.95,9578.2,4606.5,629.71,8948.49,62.8,0,B
2024Q1,Coca-Cola,Carbonated Soft Drinks,Mass Retail,Western Cape,145,40.55,22.82,5879.75,2570.85,596.82,5282.93,49.8,0,B
2024Q2,Fanta,Carbonated Soft Drinks,Mass Retail,Gauteng,150,52.88,27.81,7932.0,3760.5,577.06,7354.94,57.3,0,B
2024Q2,Sprite,Carbonated Soft Drinks,E-Commerce,Gauteng,38,55.36,30.37,2103.68,949.62,121.13,1982.55,71.9,1,B
2024Q3,Cappy,Juices & Nectars,On-Trade,Mpumalanga,59,74.84,42.0,4415.56,1937.56,528.71,3886.85,59.7,0,D
2024Q1,Fanta,Carbonated Soft Drinks,Mass Retail,KwaZulu-Natal,44,50.3,29.97,2213.2,894.52,265.32,1947.88,76.2,1,C
2024Q4,Monster,Energy Drinks,On-Trade,North West,146,111.42,65.56,16267.32,6695.56,651.36,15615.96,71.8,1,D
2024Q4,Fanta,Carbonated Soft Drinks,On-Trade,Gauteng,12,53.5,28.35,642.0,301.8,73.99,568.01,57.7,1,A
2024Q1,Coca-Cola,Carbonated Soft Drinks,Mass Retail,Free State,33,48.81,27.81,1610.73,693.0,106.6,1504.13,81.6,1,C
2024Q3,Fanta,Carbonated Soft Drinks,Convenience,Gauteng,41,51.33,31.72,2104.53,804.01,241.85,1862.68,63.9,0,C
2024Q3,Powerplay,Energy Drinks,On-Trade,North West,20,111.9,58.63,2238.0,1065.4,110.74,2127.26,69.1,0,D
2024Q1,Powerade,Sports Drinks,Mass Retail,Western Cape,18,77.66,37.93,1397.88,715.14,108.72,1289.16,72.4,0,B
2024Q1,Coca-Cola,Carbonated Soft Drinks,Mass Retail,North West,25,52.82,26.9,1320.5,648.0,85.77,1234.73,51.2,0,C
2024Q4,Coca-Cola,Carbonated Soft Drinks,Mass Retail,Free State,33,53.5,31.24,1765.5,734.58,167.08,1598.42,90.0,1,B
2024Q4,Sprite,Carbonated Soft Drinks,On-Trade,Western Cape,49,56.82,28.64,2784.18,1380.82,188.61,2595.57,96.4,0,C
2024Q4,Sprite,Carbonated Soft Drinks,On-Trade,KwaZulu-Natal,49,47.81,25.66,2342.69,1085.35,185.53,2157.16,63.8,1,B
2024Q3,Sprite,Carbonated Soft Drinks,On-Trade,Mpumalanga,79,58.42,35.19,4615.18,1835.17,241.96,4373.22,88.6,1,C
2024Q2,Bonaqua,Water,Wholesale,Western Cape,67,39.87,21.67,2671.29,1219.4,148.96,2522.33,53.5,0,B
2024Q3,Coca-Cola,Carbonated Soft Drinks,Convenience,Western Cape,44,53.19,31.1,2340.36,971.96,261.27,2079.09,49.0,0,B
2024Q1,Bonaqua,Water,On-Trade,Western Cape,59,39.81,19.53,2348.79,1196.52,228.35,2120.44,84.0,0,B
2024Q3,Powerplay,Energy Drinks,Mass Retail,Gauteng,20,120.08,67.01,2401.6,1061.4,166.49,2235.11,55.4,1,B
2024Q3,Fanta,Carbonated Soft Drinks,Wholesale,KwaZulu-Natal,40,44.08,26.75,1763.2,693.2,199.27,1563.93,47.9,1,B
2024Q2,Cappy,Juices & Nectars,Mass Retail,Western Cape,17,62.32,30.74,1059.44,536.86,75.3,984.14,76.1,0,B
2024Q4,Bonaqua,Water,On-Trade,Western Cape,6,42.15,24.4,252.9,106.5,26.84,226.06,63.4,1,A
2024Q3,Monster,Energy Drinks,Mass Retail,Western Cape,18,107.4,58.58,1933.2,878.76,101.44,1831.76,69.5,1,A
2024Q3,Sprite,Carbonated Soft Drinks,On-Trade,Northern Cape,12,56.29,27.03,675.48,351.12,73.99,601.49,80.6,1,A
2024Q3,Coca-Cola,Carbonated Soft Drinks,E-Commerce,Gauteng,78,58.64,32.03,4573.92,2075.58,336.37,4237.55,92.0,1,C
2024Q4,Fanta,Carbonated Soft Drinks,Mass Retail,Mpumalanga,8,46.11,27.11,368.88,152.0,41.8,327.08,90.0,0,C
2024Q1,Coca-Cola,Carbonated Soft Drinks,Mass Retail,Gauteng,43,52.83,31.9,2271.69,899.99,243.88,2027.81,95.1,0,B
2024Q1,Sprite,Carbonated Soft Drinks,On-Trade,Western Cape,5,62.21,33.79,311.05,142.1,22.41,288.64,93.6,0,D
2024Q1,Schweppes,Mixers,Mass Retail,Western Cape,3,57.21,33.56,171.63,70.95,16.59,155.04,62.4,1,B
2024Q1,Fanta,Carbonated Soft Drinks,Convenience,Gauteng,20,48.47,25.27,969.4,464.0,59.08,910.32,78.8,0,A
2024Q3,Stoney,Carbonated Soft Drinks,Convenience,Mpumalanga,49,60.68,35.79,2973.32,1219.61,292.07,2681.25,66.9,0,B
2024Q2,Coca-Cola,Carbonated Soft Drinks,E-Commerce,KwaZulu-Natal,27,51.93,30.69,1402.11,573.48,88.06,1314.05,45.5,0,B
2024Q4,Powerplay,Energy Drinks,E-Commerce,Gauteng,161,110.08,66.93,17722.88,6947.15,1476.21,16246.67,71.7,0,A
2024Q1,Fanta,Carbonated Soft Drinks,On-Trade,Gauteng,72,47.47,25.77,3417.84,1562.4,181.43,3236.41,50.0,0,C
2024Q2,Sprite,Carbonated Soft Drinks,Mass Retail,Eastern Cape,177,53.25,29.07,9425.25,4279.86,485.19,8940.06,71.9,0,A
2024Q4,Sprite,Carbonated Soft Drinks,Convenience,KwaZulu-Natal,48,51.51,29.01,2472.48,1080.0,246.97,2225.51,53.0,0,C
2024Q3,Sprite,Carbonated Soft Drinks,Mass Retail,Gauteng,76,56.99,29.32,4331.24,2102.92,429.46,3901.78,86.4,0,D
2024Q3,Schweppes,Mixers,Mass Retail,Eastern Cape,115,52.08,25.68,5989.2,3036.0,592.03,5397.17,47.3,1,C
2024Q3,Cappy,Juices & Nectars,Wholesale,Gauteng,18,68.38,42.13,1230.84,472.5,134.74,1096.1,78.2,0,B
2024Q2,Fanta,Carbonated Soft Drinks,Petrol & Travel,Gauteng,25,52.11,31.21,1302.75,522.5,72.41,1230.34,66.9,0,B
2024Q2,Stoney,Carbonated Soft Drinks,On-Trade,Gauteng,62,52.32,27.73,3243.84,1524.58,330.88,2912.96,79.5,1,B
2024Q1,Schweppes,Mixers,Wholesale,Gauteng,44,52.75,28.65,2321.0,1060.4,124.21,2196.79,62.3,0,B
2024Q2,Coca-Cola,Carbonated Soft Drinks,On-Trade,Eastern Cape,36,48.0,28.17,1728.0,713.88,148.67,1579.33,88.8,1,C
2024Q2,Fanta,Carbonated Soft Drinks,On-Trade,Gauteng,166,45.29,26.03,7518.14,3197.16,719.21,6798.93,83.6,0,D
2024Q3,Coca-Cola,Carbonated Soft Drinks,Mass Retail,KwaZulu-Natal,41,49.6,28.84,2033.6,851.16,242.97,1790.63,81.7,0,C
2024Q1,Fanta,Carbonated Soft Drinks,Convenience,Mpumalanga,80,50.22,31.11,4017.6,1528.8,411.1,3606.5,77.5,1,B
2024Q2,Coca-Cola,Carbonated Soft Drinks,On-Trade,Limpopo,70,56.29,33.13,3940.3,1621.2,196.87,3743.43,79.6,0,B
2024Q2,Stoney,Carbonated Soft Drinks,Petrol & Travel,Western Cape,17,63.41,36.51,1077.97,457.3,68.56,1009.41,45.5,0,D
2024Q4,Coca-Cola,Carbonated Soft Drinks,Mass Retail,KwaZulu-Natal,42,48.77,29.73,2048.34,799.68,240.76,1807.58,57.5,0,A
2024Q2,Schweppes,Mixers,Wholesale,KwaZulu-Natal,60,56.08,33.1,3364.8,1378.8,154.49,3210.31,66.6,0,A
2024Q2,Sprite,Carbonated Soft Drinks,Convenience,KwaZulu-Natal,23,61.43,35.37,1412.89,599.38,124.61,1288.28,96.7,0,C
2024Q3,Coca-Cola,Carbonated Soft Drinks,Mass Retail,Western Cape,124,49.8,29.69,6175.2,2493.64,691.07,5484.13,48.6,0,D
2024Q4,Sprite,Carbonated Soft Drinks,Mass Retail,Gauteng,19,47.21,23.78,896.99,445.17,71.49,825.5,80.2,0,A
2024Q1,Coca-Cola,Carbonated Soft Drinks,On-Trade,Eastern Cape,22,52.83,31.84,1162.26,461.78,133.81,1028.45,77.7,0,C
2024Q1,Cappy,Juices & Nectars,E-Commerce,Gauteng,41,64.92,32.24,2661.72,1339.88,193.35,2468.37,62.2,0,A
2024Q2,Sprite,Carbonated Soft Drinks,Mass Retail,Gauteng,72,49.15,26.12,3538.8,1658.16,385.25,3153.55,78.6,1,C
2024Q1,Fanta,Carbonated Soft Drinks,On-Trade,North West,69,48.29,25.79,3332.01,1552.5,276.1,3055.91,79.4,0,D
2024Q3,Sprite,Carbonated Soft Drinks,E-Commerce,KwaZulu-Natal,27,47.12,24.04,1272.24,623.16,79.82,1192.42,48.3,0,B
2024Q4,Coca-Cola,Carbonated Soft Drinks,Convenience,Gauteng,38,51.73,29.1,1965.74,859.94,202.45,1763.29,47.4,1,C
2024Q2,Coca-Cola,Carbonated Soft Drinks,Mass Retail,North West,47,56.87,28.82,2672.89,1318.35,193.47,2479.42,73.5,0,D
2024Q1,Powerade,Sports Drinks,Mass Retail,Gauteng,37,64.01,37.15,2368.37,993.82,280.02,2088.35,87.8,1,B
2024Q3,Cappy,Juices & Nectars,Mass Retail,Northern Cape,72,71.05,41.36,5115.6,2137.68,540.27,4575.33,92.9,1,B
2024Q2,Schweppes,Mixers,E-Commerce,Gauteng,36,56.53,29.13,2035.08,986.4,90.93,1944.15,66.3,0,A
2024Q3,Bonaqua,Water,Convenience,Western Cape,44,37.79,18.16,1662.76,863.72,81.11,1581.65,63.6,1,A
2024Q4,Schweppes,Mixers,Wholesale,Gauteng,17,61.0,33.75,1037.0,463.25,56.76,980.24,59.9,0,C
2024Q1,Coca-Cola,Carbonated Soft Drinks,Wholesale,Gauteng,23,53.09,27.69,1221.07,584.2,139.36,1081.71,67.7,0,B
2024Q2,Stoney,Carbonated Soft Drinks,Convenience,Gauteng,33,60.86,31.67,2008.38,963.27,207.39,1800.99,53.4,1,A
2024Q3,Schweppes,Mixers,Mass Retail,KwaZulu-Natal,25,63.88,32.46,1597.0,785.5,147.07,1449.93,83.8,1,C
2024Q1,Schweppes,Mixers,Mass Retail,Gauteng,16,54.01,28.8,864.16,403.36,87.35,776.81,82.8,0,A
2024Q3,Sprite,Carbonated Soft Drinks,Convenience,Gauteng,18,51.43,25.74,925.74,462.42,67.42,858.32,49.0,0,C
2024Q3,Coca-Cola,Carbonated Soft Drinks,E-Commerce,Western Cape,44,57.84,28.49,2544.96,1291.4,283.02,2261.94,96.2,1,B
2024Q3,Coca-Cola,Carbonated Soft Drinks,Mass Retail,Western Cape,63,54.06,30.03,3405.78,1513.89,224.32,3181.46,70.4,0,B
2024Q1,Fanta,Carbonated Soft Drinks,E-Commerce,North West,57,49.41,28.86,2816.37,1171.35,167.02,2649.35,76.0,0,B
2024Q3,Sprite,Carbonated Soft Drinks,On-Trade,Gauteng,24,51.19,31.06,1228.56,483.12,104.89,1123.67,56.5,1,B
2024Q4,Coca-Cola,Carbonated Soft Drinks,On-Trade,KwaZulu-Natal,316,56.51,29.77,17857.16,8449.84,1614.88,16242.28,48.6,1,B
2024Q3,Coca-Cola,Carbonated Soft Drinks,Mass Retail,KwaZulu-Natal,18,52.33,31.57,941.94,373.68,48.39,893.55,80.7,0,C
2024Q1,Coca-Cola,Carbonated Soft Drinks,E-Commerce,Free State,102,49.8,27.39,5079.6,2285.82,498.07,4581.53,71.8,0,B
2024Q4,Sprite,Carbonated Soft Drinks,Mass Retail,Gauteng,52,61.57,34.86,3201.64,1388.92,330.21,2871.43,95.3,0,A
2024Q2,Stoney,Carbonated Soft Drinks,Mass Retail,Gauteng,17,60.39,32.02,1026.63,482.29,74.91,951.72,89.3,0,B
2024Q4,Cappy,Juices & Nectars,Convenience,North West,69,66.42,33.97,4582.98,2239.05,194.88,4388.1,68.0,0,B
2024Q4,Fanta,Carbonated Soft Drinks,Convenience,Gauteng,7,41.31,23.7,289.17,123.27,17.45,271.72,84.9,1,A
2024Q1,Coca-Cola,Carbonated Soft Drinks,Convenience,Western Cape,123,47.44,28.27,5835.12,2357.91,602.9,5232.22,83.2,0,C
2024Q4,Powerade,Sports Drinks,Mass Retail,Western Cape,26,65.36,39.29,1699.36,677.82,184.53,1514.83,95.4,1,C
2024Q4,Coca-Cola,Carbonated Soft Drinks,Petrol & Travel,KwaZulu-Natal,179,54.2,31.41,9701.8,4079.41,887.8,8814.0,85.8,0,B
2024Q2,Sprite,Carbonated Soft Drinks,Mass Retail,KwaZulu-Natal,22,52.96,25.51,1165.12,603.9,79.26,1085.86,49.9,0,D
2024Q3,Stoney,Carbonated Soft Drinks,Wholesale,KwaZulu-Natal,63,60.94,36.41,3839.22,1545.39,231.17,3608.05,52.1,1,A
2024Q3,Fanta,Carbonated Soft Drinks,On-Trade,Western Cape,34,51.9,26.24,1764.6,872.44,189.27,1575.33,65.9,0,A
2024Q3,Bonaqua,Water,On-Trade,Eastern Cape,19,35.65,19.63,677.35,304.38,75.46,601.89,91.0,0,A
2024Q1,Coca-Cola,Carbonated Soft Drinks,Mass Retail,Gauteng,22,46.3,28.55,1018.6,390.5,90.27,928.33,86.4,0,B
2024Q3,Coca-Cola,Carbonated Soft Drinks,Mass Retail,Free State,4,56.68,32.78,226.72,95.6,24.51,202.21,71.9,0,D
2024Q4,Fanta,Carbonated Soft Drinks,Convenience,Mpumalanga,14,48.01,29.36,672.14,261.1,43.88,628.26,87.4,0,A
2024Q4,Coca-Cola,Carbonated Soft Drinks,Mass Retail,North West,63,53.08,26.72,3344.04,1660.68,301.42,3042.62,85.9,1,B
2024Q4,Coca-Cola,Carbonated Soft Drinks,On-Trade,Western Cape,64,55.03,32.82,3521.92,1421.44,229.03,3292.89,81.1,0,B
2024Q1,Sprite,Carbonated Soft Drinks,Convenience,Gauteng,26,62.83,35.41,1633.58,712.92,119.69,1513.89,53.6,1,B
2024Q1,Coca-Cola,Carbonated Soft Drinks,Wholesale,Western Cape,38,49.12,29.41,1866.56,748.98,77.77,1788.79,48.5,0,B
2024Q3,Coca-Cola,Carbonated Soft Drinks,Mass Retail,Gauteng,18,54.05,28.0,972.9,468.9,56.97,915.93,66.1,1,C
2024Q3,Sprite,Carbonated Soft Drinks,Mass Retail,Eastern Cape,94,51.62,29.19,4852.28,2108.42,225.6,4626.68,78.8,0,B
2024Q1,Schweppes,Mixers,Petrol & Travel,Western Cape,29,58.88,34.25,1707.52,714.27,168.14,1539.38,56.7,0,C
2024Q4,Fanta,Carbonated Soft Drinks,Convenience,KwaZulu-Natal,167,49.65,24.85,8291.55,4141.6,502.67,7788.88,76.1,0,A
2024Q1,Coca-Cola,Carbonated Soft Drinks,On-Trade,KwaZulu-Natal,5,52.0,29.62,260.0,111.9,20.53,239.47,45.2,0,A
2024Q4,Sprite,Carbonated Soft Drinks,Mass Retail,Gauteng,7,51.38,25.34,359.66,182.28,20.73,338.93,56.9,0,C
2024Q3,Sprite,Carbonated Soft Drinks,Mass Retail,Gauteng,21,55.01,27.47,1155.21,578.34,53.51,1101.7,76.2,1,B
2024Q3,Bonaqua,Water,On-Trade,KwaZulu-Natal,5,40.31,23.89,201.55,82.1,13.23,188.32,69.3,0,B
2024Q2,Sprite,Carbonated Soft Drinks,Mass Retail,KwaZulu-Natal,100,53.97,30.91,5397.0,2306.0,393.13,5003.87,71.7,0,B
2024Q3,Coca-Cola,Carbonated Soft Drinks,Mass Retail,Mpumalanga,57,53.16,26.85,3030.12,1499.67,238.35,2791.77,93.2,0,C
2024Q3,Coca-Cola,Carbonated Soft Drinks,Mass Retail,Gauteng,30,55.78,27.35,1673.4,852.9,184.68,1488.72,58.4,1,B
2024Q2,Sprite,Carbonated Soft Drinks,Wholesale,KwaZulu-Natal,45,51.48,31.76,2316.6,887.4,113.32,2203.28,69.5,1,C
2024Q3,Bonaqua,Water,Mass Retail,KwaZulu-Natal,21,41.48,21.3,871.08,423.78,48.53,822.55,74.3,0,A
2024Q2,Powerplay,Energy Drinks,Wholesale,Gauteng,18,108.62,60.7,1955.16,862.56,202.95,1752.21,52.0,1,A
2024Q4,Coca-Cola,Carbonated Soft Drinks,Mass Retail,Western Cape,53,48.89,27.52,2591.17,1132.61,215.71,2375.46,58.2,0,C
2024Q3,Coca-Cola,Carbonated Soft Drinks,On-Trade,Free State,38,55.67,27.68,2115.46,1063.62,163.7,1951.76,95.3,0,A
2024Q4,Coca-Cola,Carbonated Soft Drinks,Petrol & Travel,Northern Cape,23,54.55,30.54,1254.65,552.23,134.89,1119.76,93.8,0,A
2024Q1,Stoney,Carbonated Soft Drinks,Mass Retail,Western Cape,16,55.11,27.17,881.76,447.04,55.0,826.76,62.0,0,B
2024Q3,Coca-Cola,Carbonated Soft Drinks,Wholesale,Western Cape,17,59.64,36.88,1013.88,386.92,52.98,960.9,70.2,0,B
2024Q2,Cappy,Juices & Nectars,Convenience,Western Cape,35,65.85,32.53,2304.75,1166.2,118.06,2186.69,53.5,0,C
2024Q3,Coca-Cola,Carbonated Soft Drinks,Mass Retail,Gauteng,80,57.46,32.05,4596.8,2032.8,291.55,4305.25,77.9,0,B
2024Q2,Monster,Energy Drinks,Convenience,Gauteng,47,103.81,51.71,4879.07,2448.7,269.59,4609.48,88.3,0,B
2024Q3,Cappy,Juices & Nectars,Mass Retail,Eastern Cape,13,76.69,41.07,996.97,463.06,94.93,902.04,84.2,0,A
2024Q3,Cappy,Juices & Nectars,Mass Retail,Limpopo,88,65.06,36.18,5725.28,2541.44,463.41,5261.87,47.9,0,C
2024Q2,Monster,Energy Drinks,Convenience,KwaZulu-Natal,38,113.33,66.87,4306.54,1765.48,227.36,4079.18,64.0,1,B
2024Q1,Coca-Cola,Carbonated Soft Drinks,On-Trade,Western Cape,60,44.72,23.75,2683.2,1258.2,227.69,2455.51,68.2,0,B
2024Q2,Sprite,Carbonated Soft Drinks,E-Commerce,Mpumalanga,41,61.24,31.43,2510.84,1222.21,103.32,2407.52,46.1,0,D
2024Q3,Coca-Cola,Carbonated Soft Drinks,Convenience,Gauteng,52,48.4,24.28,2516.8,1254.24,209.42,2307.38,49.3,0,C
2024Q3,Sprite,Carbonated Soft Drinks,Mass Retail,Gauteng,17,56.1,33.59,953.7,382.67,79.88,873.82,93.8,0,A
2024Q4,Coca-Cola,Carbonated Soft Drinks,Wholesale,Gauteng,9,51.71,30.39,465.39,191.88,28.46,436.93,83.5,0,A
2024Q2,Schweppes,Mixers,Mass Retail,Limpopo,18,61.4,32.92,1105.2,512.64,80.75,1024.45,71.0,1,B
2024Q1,Coca-Cola,Carbonated Soft Drinks,Mass Retail,Gauteng,56,39.64,21.98,2219.84,988.96,234.4,1985.44,72.4,1,A
2024Q4,Coca-Cola,Carbonated Soft Drinks,Convenience,KwaZulu-Natal,79,54.52,28.61,4307.08,2046.89,394.63,3912.45,52.8,0,C
2024Q3,Fanta,Carbonated Soft Drinks,Mass Retail,KwaZulu-Natal,130,52.6,31.54,6838.0,2737.8,797.89,6040.11,71.0,0,C
2024Q1,Powerplay,Energy Drinks,On-Trade,Gauteng,18,107.23,57.82,1930.14,889.38,199.29,1730.85,87.7,0,A
2024Q4,Cappy,Juices & Nectars,Mass Retail,KwaZulu-Natal,34,63.37,31.37,2154.58,1088.0,120.78,2033.8,92.7,0,B
2024Q1,Coca-Cola,Carbonated Soft Drinks,Convenience,Gauteng,135,48.52,24.2,6550.2,3283.2,432.74,6117.46,48.4,0,B
2024Q3,Monster,Energy Drinks,Mass Retail,Gauteng,40,120.95,66.83,4838.0,2164.8,350.76,4487.24,88.4,1,D
2024Q3,Coca-Cola,Carbonated Soft Drinks,E-Commerce,KwaZulu-Natal,16,57.0,32.93,912.0,385.12,96.15,815.85,58.0,0,B
2024Q2,Coca-Cola,Carbonated Soft Drinks,Convenience,Western Cape,20,55.15,26.8,1103.0,567.0,62.13,1040.87,55.6,1,A
2024Q2,Coca-Cola,Carbonated Soft Drinks,Petrol & Travel,KwaZulu-Natal,17,58.04,35.05,986.68,390.83,59.37,927.31,69.0,0,A
2024Q1,Coca-Cola,Carbonated Soft Drinks,Mass Retail,KwaZulu-Natal,34,56.41,30.03,1917.94,896.92,209.75,1708.19,61.4,1,A
2024Q3,Powerplay,Energy Drinks,Mass Retail,Gauteng,105,106.05,51.36,11135.25,5742.45,967.33,10167.92,76.5,0,B
2024Q4,Sprite,Carbonated Soft Drinks,E-Commerce,Gauteng,14,51.08,27.67,715.12,327.74,49.02,666.1,84.0,0,C
2024Q4,Sprite,Carbonated Soft Drinks,E-Commerce,Western Cape,57,57.83,35.23,3296.31,1288.2,245.49,3050.82,97.2,1,A
2024Q3,Sprite,Carbonated Soft Drinks,On-Trade,Eastern Cape,41,63.36,37.66,2597.76,1053.7,202.99,2394.77,86.5,0,A
2024Q2,Cappy,Juices & Nectars,Mass Retail,KwaZulu-Natal,66,70.79,34.64,4672.14,2385.9,263.49,4408.65,96.6,0,A
2024Q3,Bonaqua,Water,Mass Retail,Gauteng,6,43.39,21.1,260.34,133.74,18.1,242.24,71.4,1,C
2024Q2,Coca-Cola,Carbonated Soft Drinks,Mass Retail,Gauteng,34,46.6,26.19,1584.4,693.94,93.79,1490.61,76.1,0,A
2024Q1,Fanta,Carbonated Soft Drinks,Convenience,North West,83,49.7,30.31,4125.1,1609.37,195.49,3929.61,50.1,0,A
2024Q2,Stoney,Carbonated Soft Drinks,Petrol & Travel,KwaZulu-Natal,9,68.51,36.02,616.59,292.41,56.28,560.31,45.1,0,B
2024Q4,Powerplay,Energy Drinks,Mass Retail,Free State,37,107.6,53.29,3981.2,2009.47,235.08,3746.12,57.4,0,D
2024Q1,Coca-Cola,Carbonated Soft Drinks,Wholesale,Western Cape,44,55.43,29.42,2438.92,1144.44,284.54,2154.38,92.4,0,C
2024Q3,Sprite,Carbonated Soft Drinks,On-Trade,Western Cape,47,55.69,34.39,2617.43,1001.1,198.89,2418.54,89.9,0,B
2024Q2,Schweppes,Mixers,E-Commerce,North West,14,55.45,28.24,776.3,380.94,71.85,704.45,72.1,1,D
2024Q4,Coca-Cola,Carbonated Soft Drinks,Convenience,KwaZulu-Natal,8,46.62,28.82,372.96,142.4,40.39,332.57,65.6,0,A
2024Q1,Schweppes,Mixers,On-Trade,Western Cape,92,51.81,31.88,4766.52,1833.56,339.48,4427.04,81.0,0,A
2024Q3,Coca-Cola,Carbonated Soft Drinks,Mass Retail,North West,49,45.33,27.97,2221.17,850.64,169.37,2051.8,94.7,0,B
2024Q2,Cappy,Juices & Nectars,Mass Retail,Gauteng,20,58.94,33.6,1178.8,506.8,96.01,1082.79,50.1,0,D
2024Q1,Sprite,Carbonated Soft Drinks,On-Trade,Western Cape,24,62.32,35.31,1495.68,648.24,70.31,1425.37,71.3,0,C
2024Q1,Coca-Cola,Carbonated Soft Drinks,Mass Retail,Northern Cape,26,55.04,30.51,1431.04,637.78,137.08,1293.96,63.0,1,B
2024Q4,Bonaqua,Water,Mass Retail,KwaZulu-Natal,248,40.82,19.63,10123.36,5255.12,482.34,9641.02,56.0,0,C
2024Q1,Cappy,Juices & Nectars,Mass Retail,Mpumalanga,7,68.8,35.68,481.6,231.84,52.76,428.84,52.7,0,B
2024Q1,Coca-Cola,Carbonated Soft Drinks,E-Commerce,Gauteng,36,54.03,31.36,1945.08,816.12,144.91,1800.17,46.1,0,C
2024Q3,Bonaqua,Water,On-Trade,Western Cape,16,41.31,22.5,660.96,300.96,74.84,586.12,55.9,0,C
2024Q1,Coca-Cola,Carbonated Soft Drinks,Mass Retail,Limpopo,98,51.32,30.56,5029.36,2034.48,506.67,4522.69,64.4,1,B
2024Q4,Coca-Cola,Carbonated Soft Drinks,Mass Retail,Western Cape,96,47.37,27.4,4547.52,1917.12,532.97,4014.55,69.0,0,C
2024Q1,Coca-Cola,Carbonated Soft Drinks,On-Trade,Gauteng,12,52.57,28.63,630.84,287.28,52.73,578.11,95.4,0,B
2024Q4,Coca-Cola,Carbonated Soft Drinks,Mass Retail,Western Cape,34,53.61,27.55,1822.74,886.04,100.86,1721.88,52.5,0,C
2024Q4,Stoney,Carbonated Soft Drinks,Mass Retail,Limpopo,31,57.81,35.75,1792.11,683.86,167.76,1624.35,85.3,1,C
2024Q2,Coca-Cola,Carbonated Soft Drinks,Mass Retail,Eastern Cape,7,51.07,30.91,357.49,141.12,19.48,338.01,69.3,0,A
2024Q1,Coca-Cola,Carbonated Soft Drinks,Mass Retail,Limpopo,92,52.25,26.77,4807.0,2344.16,337.41,4469.59,87.0,0,B
2024Q3,Monster,Energy Drinks,Convenience,KwaZulu-Natal,24,110.41,64.64,2649.84,1098.48,312.08,2337.76,77.9,0,A
2024Q3,Sprite,Carbonated Soft Drinks,E-Commerce,Gauteng,9,55.81,26.9,502.29,260.19,46.35,455.94,71.1,0,B
2024Q3,Sprite,Carbonated Soft Drinks,Convenience,Western Cape,3,57.09,29.69,171.27,82.2,13.38,157.89,91.3,1,A
2024Q2,Stoney,Carbonated Soft Drinks,Convenience,KwaZulu-Natal,8,64.32,32.88,514.56,251.52,31.96,482.6,47.7,0,B
2024Q3,Schweppes,Mixers,Mass Retail,North West,35,56.41,30.01,1974.35,924.0,110.46,1863.89,73.9,0,B
2024Q3,Coca-Cola,Carbonated Soft Drinks,Convenience,Western Cape,31,60.09,35.38,1862.79,766.01,184.41,1678.38,92.3,1,C
2024Q4,Coca-Cola,Carbonated Soft Drinks,Convenience,Gauteng,23,55.26,33.8,1270.98,493.58,79.42,1191.56,94.1,0,A
2024Q2,Sprite,Carbonated Soft Drinks,Convenience,Gauteng,37,55.29,30.32,2045.73,923.89,171.91,1873.82,81.8,0,A
2024Q3,Sprite,Carbonated Soft Drinks,On-Trade,Gauteng,19,58.44,30.53,1110.36,530.29,53.09,1057.27,79.2,1,A
2024Q4,Coca-Cola,Carbonated Soft Drinks,Wholesale,Mpumalanga,49,50.71,26.66,2484.79,1178.45,212.03,2272.76,66.1,1,A
2024Q4,Coca-Cola,Carbonated Soft Drinks,Mass Retail,Eastern Cape,12,44.74,27.09,536.88,211.8,35.41,501.47,65.1,0,A
2024Q4,Coca-Cola,Carbonated Soft Drinks,On-Trade,Free State,59,54.67,33.54,3225.53,1246.67,334.31,2891.22,66.6,0,A
2024Q2,Schweppes,Mixers,Mass Retail,Eastern Cape,7,57.66,30.12,403.62,192.78,23.37,380.25,52.7,1,A
2024Q1,Sprite,Carbonated Soft Drinks,Mass Retail,Gauteng,37,58.48,34.95,2163.76,870.61,118.33,2045.43,92.8,0,B
2024Q1,Fanta,Carbonated Soft Drinks,Mass Retail,Gauteng,28,49.73,26.02,1392.44,663.88,62.37,1330.07,57.5,1,A
2024Q2,Fanta,Carbonated Soft Drinks,Wholesale,Gauteng,61,45.71,27.44,2788.31,1114.47,197.87,2590.44,91.4,0,C
2024Q2,Coca-Cola,Carbonated Soft Drinks,E-Commerce,Gauteng,20,47.65,26.94,953.0,414.2,66.11,886.89,80.7,1,A
2024Q3,Cappy,Juices & Nectars,E-Commerce,Western Cape,14,73.91,40.19,1034.74,472.08,87.56,947.18,81.4,1,B
2024Q2,Bonaqua,Water,Mass Retail,Western Cape,49,42.9,22.0,2102.1,1024.1,248.04,1854.06,80.2,0,C
2024Q3,Fanta,Carbonated Soft Drinks,Convenience,Northern Cape,36,45.17,22.72,1626.12,808.2,120.92,1505.2,66.7,0,C
2024Q3,Coca-Cola,Carbonated Soft Drinks,On-Trade,Western Cape,49,50.06,26.31,2452.94,1163.75,185.24,2267.7,85.9,0,B
2024Q2,Coca-Cola,Carbonated Soft Drinks,Mass Retail,Gauteng,15,45.59,23.83,683.85,326.4,59.89,623.96,62.6,0,C
2024Q4,Schweppes,Mixers,Mass Retail,Western Cape,13,58.48,30.61,760.24,362.31,43.88,716.36,65.7,0,B
2024Q3,Fanta,Carbonated Soft Drinks,Mass Retail,Gauteng,123,50.22,25.44,6177.06,3047.94,714.8,5462.26,63.2,0,C
2024Q4,Bonaqua,Water,On-Trade,Gauteng,73,42.33,22.56,3090.09,1443.21,308.23,2781.86,91.8,0,C
2024Q2,Cappy,Juices & Nectars,Mass Retail,Western Cape,57,72.89,42.74,4154.73,1718.55,491.73,3663.0,67.8,1,A
2024Q4,Schweppes,Mixers,Mass Retail,Gauteng,20,57.1,29.76,1142.0,546.8,99.3,1042.7,61.4,0,C
2024Q1,Coca-Cola,Carbonated Soft Drinks,Mass Retail,Gauteng,25,57.2,34.66,1430.0,563.5,66.33,1363.67,89.5,0,A
2024Q1,Coca-Cola,Carbonated Soft Drinks,Mass Retail,Gauteng,12,47.68,24.92,572.16,273.12,60.03,512.13,89.1,0,B
2024Q1,Sprite,Carbonated Soft Drinks,Convenience,Limpopo,14,56.56,30.86,791.84,359.8,94.94,696.9,53.4,0,A
2024Q4,Monster,Energy Drinks,Convenience,Free State,21,105.98,51.12,2225.58,1152.06,218.05,2007.53,79.1,1,B
2024Q1,Fanta,Carbonated Soft Drinks,On-Trade,KwaZulu-Natal,19,53.92,26.9,1024.48,513.38,75.61,948.87,49.8,1,C
2024Q1,Fanta,Carbonated Soft Drinks,Mass Retail,Eastern Cape,74,48.57,28.7,3594.18,1470.38,271.07,3323.11,83.4,0,A
2024Q2,Powerplay,Energy Drinks,Convenience,Gauteng,90,100.77,58.01,9069.3,3848.4,811.95,8257.35,77.8,0,C
2024Q2,Coca-Cola,Carbonated Soft Drinks,Mass Retail,Gauteng,71,50.76,25.52,3603.96,1792.04,399.0,3204.96,63.1,1,B
2024Q1,Coca-Cola,Carbonated Soft Drinks,Convenience,Limpopo,8,57.61,34.23,460.88,187.04,34.32,426.56,80.4,0,B
2024Q2,Coca-Cola,Carbonated Soft Drinks,E-Commerce,Gauteng,22,46.68,26.37,1026.96,446.82,95.05,931.91,75.6,0,B
2024Q4,Coca-Cola,Carbonated Soft Drinks,Convenience,KwaZulu-Natal,47,52.83,26.23,2483.01,1250.2,111.51,2371.5,61.5,1,C
2024Q1,Schweppes,Mixers,On-Trade,KwaZulu-Natal,158,69.6,39.01,10996.8,4833.22,1095.48,9901.32,96.5,0,A
2024Q4,Sprite,Carbonated Soft Drinks,On-Trade,Gauteng,25,51.83,26.73,1295.75,627.5,70.16,1225.59,73.9,0,C
2024Q2,Bonaqua,Water,Wholesale,Gauteng,60,37.29,21.73,2237.4,933.6,93.25,2144.15,66.0,0,C
2024Q2,Fanta,Carbonated Soft Drinks,Wholesale,KwaZulu-Natal,5,51.19,26.39,255.95,124.0,15.22,240.73,50.3,0,A
2024Q3,Sprite,Carbonated Soft Drinks,Wholesale,Gauteng,27,53.16,25.86,1435.32,737.1,147.14,1288.18,47.1,0,B
2024Q4,Powerplay,Energy Drinks,Petrol & Travel,Mpumalanga,7,121.66,63.2,851.62,409.22,52.81,798.81,87.3,0,A
2024Q1,Sprite,Carbonated Soft Drinks,Mass Retail,KwaZulu-Natal,25,54.89,26.63,1372.25,706.5,138.24,1234.01,74.3,0,A
2024Q2,Coca-Cola,Carbonated Soft Drinks,Mass Retail,Western Cape,52,53.17,32.12,2764.84,1094.6,284.96,2479.88,70.2,0,A
2024Q2,Coca-Cola,Carbonated Soft Drinks,On-Trade,Gauteng,83,68.43,38.69,5679.69,2468.42,311.75,5367.94,79.7,0,B
2024Q1,Coca-Cola,Carbonated Soft Drinks,E-Commerce,Eastern Cape,11,54.62,29.54,600.82,275.88,34.14,566.68,91.4,0,B
2024Q1,Coca-Cola,Carbonated Soft Drinks,Wholesale,Eastern Cape,13,54.78,33.88,712.14,271.7,58.89,653.25,60.3,0,B
2024Q1,Powerplay,Energy Drinks,Convenience,Gauteng,63,103.53,54.16,6522.39,3110.31,776.55,5745.84,77.1,0,B
2024Q1,Schweppes,Mixers,Convenience,KwaZulu-Natal,28,54.63,31.86,1529.64,637.56,141.35,1388.29,55.3,0,B
2024Q3,Bonaqua,Water,Convenience,Limpopo,57,35.71,18.86,2035.47,960.45,131.74,1903.73,56.0,0,A
2024Q4,Coca-Cola,Carbonated Soft Drinks,Mass Retail,KwaZulu-Natal,7,47.3,24.24,331.1,161.42,30.08,301.02,81.3,0,A
2024Q4,Bonaqua,Water,On-Trade,Western Cape,31,41.5,23.49,1286.5,558.31,97.8,1188.7,62.1,1,B
2024Q3,Fanta,Carbonated Soft Drinks,Mass Retail,KwaZulu-Natal,94,49.32,23.79,4636.08,2399.82,401.34,4234.74,91.7,1,C
2024Q2,Coca-Cola,Carbonated Soft Drinks,On-Trade,Northern Cape,51,49.35,25.45,2516.85,1218.9,139.33,2377.52,65.0,0,C
2024Q4,Sprite,Carbonated Soft Drinks,On-Trade,Free State,42,59.53,31.96,2500.26,1157.94,206.9,2293.36,95.6,1,C
2024Q2,Schweppes,Mixers,Convenience,Free State,27,52.28,25.46,1411.56,724.14,130.42,1281.14,49.1,1,B
2024Q2,Coca-Cola,Carbonated Soft Drinks,On-Trade,KwaZulu-Natal,53,51.94,28.03,2752.82,1267.23,188.62,2564.2,97.9,0,B
2024Q1,Coca-Cola,Carbonated Soft Drinks,Mass Retail,Western Cape,10,45.63,23.15,456.3,224.8,36.95,419.35,68.3,1,C
2024Q1,Cappy,Juices & Nectars,Wholesale,KwaZulu-Natal,22,62.16,34.26,1367.52,613.8,61.08,1306.44,53.1,0,B
2024Q4,Schweppes,Mixers,Mass Retail,KwaZulu-Natal,18,57.66,33.27,1037.88,439.02,46.65,991.23,84.2,0,B
2024Q4,Powerade,Sports Drinks,Mass Retail,Western Cape,92,71.95,35.42,6619.4,3360.76,649.64,5969.76,52.2,0,B
2024Q3,Fanta,Carbonated Soft Drinks,On-Trade,KwaZulu-Natal,33,52.84,32.52,1743.72,670.56,82.15,1661.57,70.3,1,C
2024Q3,Fanta,Carbonated Soft Drinks,On-Trade,KwaZulu-Natal,19,50.88,25.67,966.72,478.99,58.69,908.03,84.7,1,B
2024Q3,Coca-Cola,Carbonated Soft Drinks,Convenience,Free State,30,50.24,31.0,1507.2,577.2,73.59,1433.61,50.4,0,A
2024Q3,Sprite,Carbonated Soft Drinks,Mass Retail,Western Cape,81,51.06,25.94,4135.86,2034.72,317.66,3818.2,59.1,0,A
2024Q4,Cappy,Juices & Nectars,Convenience,Western Cape,60,70.96,39.18,4257.6,1906.8,486.51,3771.09,59.0,1,B
2024Q1,Fanta,Carbonated Soft Drinks,Mass Retail,Gauteng,112,55.79,27.14,6248.48,3208.8,553.75,5694.73,64.8,0,C
2024Q1,Coca-Cola,Carbonated Soft Drinks,On-Trade,Free State,39,57.65,27.69,2248.35,1168.44,204.4,2043.95,84.7,1,B
2024Q2,Coca-Cola,Carbonated Soft Drinks,E-Commerce,Northern Cape,50,51.86,27.06,2593.0,1240.0,150.01,2442.99,56.2,0,B
2024Q1,Bonaqua,Water,Mass Retail,Western Cape,36,42.14,22.02,1517.04,724.32,138.18,1378.86,78.1,0,A
2024Q3,Fanta,Carbonated Soft Drinks,Mass Retail,Free State,45,45.89,24.79,2065.05,949.5,85.67,1979.38,73.6,0,B
2024Q2,Cappy,Juices & Nectars,Mass Retail,Limpopo,41,66.37,32.75,2721.17,1378.42,268.3,2452.87,51.1,1,C
2024Q2,Cappy,Juices & Nectars,Mass Retail,Gauteng,153,74.69,43.96,11427.57,4701.69,1019.62,10407.95,76.5,0,B
2024Q1,Cappy,Juices & Nectars,Mass Retail,Limpopo,9,65.46,32.9,589.14,293.04,42.42,546.72,82.8,1,B
2024Q4,Sprite,Carbonated Soft Drinks,Wholesale,Gauteng,10,57.55,28.96,575.5,285.9,50.31,525.19,85.3,0,C
2024Q3,Bonaqua,Water,Mass Retail,Gauteng,16,40.94,25.01,655.04,254.88,43.86,611.18,97.9,0,C
2024Q3,Cappy,Juices & Nectars,Convenience,KwaZulu-Natal,16,67.34,40.76,1077.44,425.28,111.16,966.28,96.5,0,B
2024Q3,Coca-Cola,Carbonated Soft Drinks,Petrol & Travel,Western Cape,191,62.68,33.48,11971.88,5577.2,927.76,11044.12,78.7,0,A
2024Q3,Coca-Cola,Carbonated Soft Drinks,On-Trade,Free State,77,53.21,31.97,4097.17,1635.48,333.95,3763.22,63.4,0,B
2024Q1,Fanta,Carbonated Soft Drinks,Convenience,Western Cape,17,49.62,26.44,843.54,394.06,100.82,742.72,47.6,0,C
2024Q1,Fanta,Carbonated Soft Drinks,Mass Retail,Limpopo,46,54.03,30.24,2485.38,1094.34,240.1,2245.28,67.8,1,A
2024Q1,Schweppes,Mixers,Mass Retail,Western Cape,31,59.7,34.22,1850.7,789.88,152.69,1698.01,47.9,0,A
2024Q3,Coca-Cola,Carbonated Soft Drinks,Mass Retail,North West,22,53.62,33.11,1179.64,451.22,116.73,1062.91,70.0,0,A
2024Q3,Fanta,Carbonated Soft Drinks,Mass Retail,Western Cape,37,46.26,22.68,1711.62,872.46,143.07,1568.55,74.3,0,D
2024Q3,Fanta,Carbonated Soft Drinks,Wholesale,Free State,15,53.41,32.28,801.15,316.95,68.79,732.36,77.1,1,A
2024Q2,Bonaqua,Water,Convenience,Eastern Cape,61,39.02,21.4,2380.22,1074.82,126.42,2253.8,80.4,0,A
2024Q4,Bonaqua,Water,On-Trade,Western Cape,23,36.24,18.25,833.52,413.77,46.28,787.24,65.7,0,A
2024Q2,Bonaqua,Water,E-Commerce,Gauteng,18,43.96,26.96,791.28,306.0,72.52,718.76,69.1,0,A
2024Q3,Coca-Cola,Carbonated Soft Drinks,Mass Retail,North West,10,50.02,26.72,500.2,233.0,41.13,459.07,73.0,0,B
2024Q4,Coca-Cola,Carbonated Soft Drinks,Convenience,Western Cape,98,48.34,27.12,4737.32,2079.56,554.02,4183.3,65.4,0,B
2024Q2,Coca-Cola,Carbonated Soft Drinks,E-Commerce,Western Cape,48,56.61,32.36,2717.28,1164.0,127.09,2590.19,95.4,1,B
2024Q2,Coca-Cola,Carbonated Soft Drinks,Mass Retail,Free State,7,54.95,29.68,384.65,176.89,34.16,350.49,93.2,0,B
2024Q2,Coca-Cola,Carbonated Soft Drinks,Convenience,Gauteng,33,52.71,26.49,1739.43,865.26,96.02,1643.41,83.0,1,B
2024Q1,Stoney,Carbonated Soft Drinks,Mass Retail,Gauteng,12,59.35,32.09,712.2,327.12,71.22,640.98,69.3,1,A
2024Q1,Coca-Cola,Carbonated Soft Drinks,Mass Retail,Gauteng,18,46.45,22.75,836.1,426.6,72.53,763.57,77.2,1,D
2024Q2,Coca-Cola,Carbonated Soft Drinks,On-Trade,Western Cape,9,44.77,23.58,402.93,190.71,34.1,368.83,63.3,0,B
2024Q2,Sprite,Carbonated Soft Drinks,Mass Retail,Eastern Cape,22,57.27,32.45,1259.94,546.04,101.36,1158.58,61.2,0,B
2024Q3,Fanta,Carbonated Soft Drinks,On-Trade,Western Cape,12,60.88,34.91,730.56,311.64,76.11,654.45,96.6,0,A
2024Q3,Fanta,Carbonated Soft Drinks,Mass Retail,KwaZulu-Natal,10,50.67,24.99,506.7,256.8,41.83,464.87,84.6,0,A
2024Q3,Monster,Energy Drinks,Mass Retail,Gauteng,29,129.55,70.11,3756.95,1723.76,237.52,3519.43,65.3,0,B
2024Q1,Schweppes,Mixers,Convenience,Gauteng,17,58.78,28.98,999.26,506.6,92.73,906.53,74.0,0,B
2024Q3,Schweppes,Mixers,Convenience,KwaZulu-Natal,26,52.22,30.84,1357.72,555.88,150.94,1206.78,82.2,1,B
2024Q2,Coca-Cola,Carbonated Soft Drinks,Convenience,Eastern Cape,13,55.19,28.93,717.47,341.38,39.94,677.53,86.1,0,B
2024Q3,Coca-Cola,Carbonated Soft Drinks,Convenience,Western Cape,117,56.42,28.95,6601.14,3213.99,498.86,6102.28,78.6,0,A
2024Q3,Cappy,Juices & Nectars,Convenience,Western Cape,19,71.79,42.2,1364.01,562.21,102.59,1261.42,80.5,0,C
2024Q2,Powerade,Sports Drinks,Convenience,Gauteng,62,77.12,38.88,4781.44,2370.88,216.51,4564.93,87.4,1,A
2024Q2,Coca-Cola,Carbonated Soft Drinks,Convenience,Gauteng,15,55.54,31.25,833.1,364.35,68.92,764.18,89.8,0,A
2024Q2,Coca-Cola,Carbonated Soft Drinks,Mass Retail,Eastern Cape,22,54.28,30.92,1194.16,513.92,51.61,1142.55,48.7,0,A
2024Q4,Schweppes,Mixers,Wholesale,Northern Cape,34,55.62,33.24,1891.08,760.92,133.12,1757.96,47.4,0,D
2024Q1,Fanta,Carbonated Soft Drinks,Convenience,Limpopo,38,51.43,28.85,1954.34,858.04,114.14,1840.2,45.8,0,B
2024Q3,Coca-Cola,Carbonated Soft Drinks,Convenience,Gauteng,50,50.36,27.46,2518.0,1145.0,207.61,2310.39,85.0,0,C
2024Q2,Sprite,Carbonated Soft Drinks,Mass Retail,Gauteng,51,56.15,34.67,2863.65,1095.48,331.47,2532.18,88.7,0,A
2024Q2,Stoney,Carbonated Soft Drinks,Convenience,Free State,18,61.09,31.65,1099.62,529.92,44.49,1055.13,52.3,0,D
2024Q1,Stoney,Carbonated Soft Drinks,Convenience,Free State,58,56.97,33.75,3304.26,1346.76,382.09,2922.17,97.9,0,A
2024Q4,Fanta,Carbonated Soft Drinks,Mass Retail,Western Cape,9,47.89,28.07,431.01,178.38,27.56,403.45,87.7,0,A
2024Q4,Coca-Cola,Carbonated Soft Drinks,Convenience,Gauteng,19,55.66,30.68,1057.54,474.62,90.02,967.52,95.0,1,B
2024Q1,Sprite,Carbonated Soft Drinks,Mass Retail,Free State,65,58.44,33.0,3798.6,1653.6,226.12,3572.48,55.0,0,D
2024Q3,Coca-Cola,Carbonated Soft Drinks,E-Commerce,Gauteng,16,54.91,31.09,878.56,381.12,66.6,811.96,53.4,0,C
2024Q3,Schweppes,Mixers,Convenience,Northern Cape,21,56.06,30.57,1177.26,535.29,102.67,1074.59,47.5,0,A
2024Q1,Fanta,Carbonated Soft Drinks,On-Trade,Gauteng,49,47.96,25.97,2350.04,1077.51,121.65,2228.39,50.3,0,A
2024Q1,Fanta,Carbonated Soft Drinks,On-Trade,Western Cape,21,54.79,27.53,1150.59,572.46,83.22,1067.37,74.4,1,B
2024Q2,Coca-Cola,Carbonated Soft Drinks,Wholesale,KwaZulu-Natal,11,58.79,28.3,646.69,335.39,60.73,585.96,82.8,0,A
2024Q3,Coca-Cola,Carbonated Soft Drinks,On-Trade,KwaZulu-Natal,45,43.31,23.14,1948.95,907.65,187.2,1761.75,75.9,1,D
2024Q3,Coca-Cola,Carbonated Soft Drinks,Mass Retail,Gauteng,99,56.41,30.0,5584.59,2614.59,614.66,4969.93,89.7,1,B
2024Q4,Bonaqua,Water,E-Commerce,KwaZulu-Natal,29,43.26,25.15,1254.54,525.19,131.89,1122.65,71.8,0,B
2024Q4,Sprite,Carbonated Soft Drinks,On-Trade,Limpopo,30,56.11,28.95,1683.3,814.8,116.03,1567.27,90.6,0,B
2024Q1,Stoney,Carbonated Soft Drinks,Mass Retail,Western Cape,47,57.96,29.92,2724.12,1317.88,320.5,2403.62,76.7,1,C
2024Q4,Coca-Cola,Carbonated Soft Drinks,Mass Retail,Western Cape,52,49.23,25.17,2559.96,1251.12,300.88,2259.08,78.7,0,C
2024Q1,Schweppes,Mixers,Wholesale,Free State,41,56.36,32.32,2310.76,985.64,252.23,2058.53,95.7,1,C
2024Q4,Coca-Cola,Carbonated Soft Drinks,Convenience,KwaZulu-Natal,40,56.36,29.94,2254.4,1056.8,207.88,2046.52,61.2,1,C
2024Q3,Sprite,Carbonated Soft Drinks,Wholesale,Eastern Cape,9,55.09,30.17,495.81,224.28,57.78,438.03,89.5,0,D
2024Q3,Coca-Cola,Carbonated Soft Drinks,Mass Retail,Gauteng,21,56.71,33.67,1190.91,483.84,135.57,1055.34,95.2,0,C
2024Q4,Coca-Cola,Carbonated Soft Drinks,Convenience,Limpopo,83,51.51,28.08,4275.33,1944.69,397.03,3878.3,46.3,1,D
2024Q1,Coca-Cola,Carbonated Soft Drinks,Mass Retail,Gauteng,163,47.97,24.18,7819.11,3877.77,791.01,7028.1,64.3,0,A
2024Q1,Fanta,Carbonated Soft Drinks,E-Commerce,Free State,41,47.44,24.72,1945.04,931.52,201.57,1743.47,66.3,0,C
2024Q1,Fanta,Carbonated Soft Drinks,On-Trade,Northern Cape,11,53.85,29.58,592.35,266.97,25.68,566.67,55.2,0,B
2024Q1,Bonaqua,Water,On-Trade,Limpopo,31,44.48,25.0,1378.88,603.88,151.54,1227.34,61.4,0,C
2024Q2,Schweppes,Mixers,Wholesale,North West,25,59.15,31.34,1478.75,695.25,175.06,1303.69,97.1,1,C
2024Q2,Sprite,Carbonated Soft Drinks,On-Trade,Western Cape,29,54.28,29.08,1574.12,730.8,118.5,1455.62,77.8,0,B
2024Q3,Sprite,Carbonated Soft Drinks,Convenience,Gauteng,68,53.43,26.35,3633.24,1841.44,157.5,3475.74,71.7,1,A
2024Q1,Cappy,Juices & Nectars,Mass Retail,Western Cape,65,65.62,33.72,4265.3,2073.5,411.51,3853.79,61.0,1,C
2024Q3,Sprite,Carbonated Soft Drinks,E-Commerce,Eastern Cape,88,56.29,30.25,4953.52,2291.52,442.76,4510.76,92.7,0,A
2024Q1,Schweppes,Mixers,Mass Retail,Eastern Cape,54,53.61,29.5,2894.94,1301.94,288.56,2606.38,71.2,1,B
2024Q2,Cappy,Juices & Nectars,Mass Retail,Gauteng,25,81.75,45.17,2043.75,914.5,225.45,1818.3,92.4,0,C
2024Q3,Powerade,Sports Drinks,Mass Retail,KwaZulu-Natal,73,51.72,28.59,3775.56,1688.49,438.08,3337.48,79.4,1,B
2024Q3,Coca-Cola,Carbonated Soft Drinks,Convenience,KwaZulu-Natal,199,54.34,30.95,10813.66,4654.61,938.85,9874.81,54.4,1,C
2024Q1,Cappy,Juices & Nectars,Wholesale,KwaZulu-Natal,17,56.92,27.81,967.64,494.87,101.79,865.85,63.2,0,B
2024Q4,Coca-Cola,Carbonated Soft Drinks,Mass Retail,Gauteng,11,51.7,31.6,568.7,221.1,23.22,545.48,66.9,0,A
2024Q4,Coca-Cola,Carbonated Soft Drinks,Mass Retail,KwaZulu-Natal,17,51.09,26.69,868.53,414.8,69.34,799.19,54.8,0,A
2024Q2,Cappy,Juices & Nectars,Mass Retail,Western Cape,56,58.51,31.04,3276.56,1538.32,352.31,2924.25,83.0,1,C
2024Q2,Fanta,Carbonated Soft Drinks,On-Trade,KwaZulu-Natal,16,51.16,26.38,818.56,396.48,44.39,774.17,54.2,0,B
2024Q3,Cappy,Juices & Nectars,Mass Retail,Gauteng,12,68.19,42.18,818.28,312.12,60.35,757.93,50.1,1,B
2024Q4,Powerade,Sports Drinks,Petrol & Travel,Free State,43,67.74,37.94,2912.82,1281.4,337.66,2575.16,68.5,0,A
2024Q1,Schweppes,Mixers,Mass Retail,KwaZulu-Natal,154,57.34,30.47,8830.36,4137.98,963.49,7866.87,46.6,0,C
2024Q4,Monster,Energy Drinks,E-Commerce,Gauteng,238,113.39,58.81,26986.82,12990.04,2002.38,24984.44,70.7,0,B
2024Q4,Sprite,Carbonated Soft Drinks,E-Commerce,Gauteng,60,59.16,31.23,3549.6,1675.8,425.8,3123.8,90.0,1,B
2024Q2,Sprite,Carbonated Soft Drinks,On-Trade,Gauteng,20,50.98,27.7,1019.6,465.6,110.18,909.42,86.3,0,C
2024Q1,Bonaqua,Water,Convenience,Gauteng,55,35.36,18.37,1944.8,934.45,94.75,1850.05,81.3,1,C
2024Q4,Fanta,Carbonated Soft Drinks,Convenience,Eastern Cape,85,55.43,32.89,4711.55,1915.9,241.06,4470.49,86.5,0,B
2024Q1,Coca-Cola,Carbonated Soft Drinks,Mass Retail,Gauteng,47,54.61,31.28,2566.67,1096.51,189.27,2377.4,83.7,0,B
2024Q4,Coca-Cola,Carbonated Soft Drinks,Mass Retail,KwaZulu-Natal,86,54.25,29.45,4665.5,2132.8,231.88,4433.62,74.6,1,A
2024Q3,Powerplay,Energy Drinks,On-Trade,KwaZulu-Natal,28,108.12,57.69,3027.36,1412.04,316.98,2710.38,73.8,1,B
2024Q3,Coca-Cola,Carbonated Soft Drinks,Convenience,Free State,7,50.92,27.85,356.44,161.49,25.8,330.64,94.4,1,B
2024Q1,Coca-Cola,Carbonated Soft Drinks,Petrol & Travel,North West,65,53.88,33.1,3502.2,1350.7,189.86,3312.34,73.2,1,A
2024Q2,Fanta,Carbonated Soft Drinks,Mass Retail,Western Cape,14,50.04,29.89,700.56,282.1,34.4,666.16,72.2,0,A
2024Q1,Coca-Cola,Carbonated Soft Drinks,Convenience,Western Cape,34,52.69,27.41,1791.46,859.52,106.17,1685.29,51.8,0,B
2024Q2,Coca-Cola,Carbonated Soft Drinks,Mass Retail,Gauteng,68,58.56,28.44,3982.08,2048.16,402.29,3579.79,79.0,0,B
2024Q1,Cappy,Juices & Nectars,Wholesale,KwaZulu-Natal,8,70.86,37.8,566.88,264.48,30.65,536.23,83.3,0,B
2024Q1,Sprite,Carbonated Soft Drinks,On-Trade,Limpopo,22,53.56,26.29,1178.32,599.94,133.1,1045.22,57.4,0,B
2024Q4,Coca-Cola,Carbonated Soft Drinks,Convenience,Limpopo,19,45.31,26.28,860.89,361.57,94.39,766.5,54.7,0,C
2024Q2,Monster,Energy Drinks,E-Commerce,Western Cape,12,111.61,54.27,1339.32,688.08,128.39,1210.93,83.8,0,C
2024Q2,Cappy,Juices & Nectars,Convenience,Mpumalanga,46,77.4,43.98,3560.4,1537.32,312.38,3248.02,80.3,1,C
2024Q4,Coca-Cola,Carbonated Soft Drinks,Mass Retail,Gauteng,23,45.1,24.46,1037.3,474.72,105.76,931.54,64.5,1,C
2024Q4,Bonaqua,Water,Petrol & Travel,Eastern Cape,17,38.15,22.22,648.55,270.81,50.35,598.2,82.6,0,C
2024Q1,Cappy,Juices & Nectars,E-Commerce,Eastern Cape,65,68.98,38.02,4483.7,2012.4,514.59,3969.11,89.1,0,A
2024Q1,Bonaqua,Water,On-Trade,Eastern Cape,92,42.22,23.47,3884.24,1725.0,235.89,3648.35,63.8,0,B
2024Q3,Coca-Cola,Carbonated Soft Drinks,Convenience,KwaZulu-Natal,36,49.47,26.33,1780.92,833.04,126.33,1654.59,91.9,0,D
2024Q4,Coca-Cola,Carbonated Soft Drinks,Mass Retail,Western Cape,9,54.81,29.96,493.29,223.65,35.84,457.45,63.7,1,B
2024Q1,Monster,Energy Drinks,Mass Retail,KwaZulu-Natal,7,114.72,65.68,803.04,343.28,52.63,750.41,67.9,1,B
2024Q4,Coca-Cola,Carbonated Soft Drinks,Petrol & Travel,Gauteng,33,53.04,25.64,1750.32,904.2,145.8,1604.52,91.1,0,D
2024Q3,Coca-Cola,Carbonated Soft Drinks,Mass Retail,Gauteng,17,53.8,30.78,914.6,391.34,92.65,821.95,75.3,0,C
2024Q2,Powerade,Sports Drinks,Wholesale,Gauteng,15,63.06,37.95,945.9,376.65,85.16,860.74,45.1,0,C
2024Q3,Coca-Cola,Carbonated Soft Drinks,Mass Retail,Gauteng,307,56.11,29.54,17225.77,8156.99,1024.91,16200.86,88.2,1,B
2024Q1,Coca-Cola,Carbonated Soft Drinks,Mass Retail,Gauteng,204,51.13,25.28,10430.52,5273.4,850.8,9579.72,75.6,0,A
2024Q3,Stoney,Carbonated Soft Drinks,On-Trade,Free State,17,54.92,30.74,933.64,411.06,110.78,822.86,56.5,0,A
2024Q2,Coca-Cola,Carbonated Soft Drinks,Mass Retail,Northern Cape,64,54.3,26.75,3475.2,1763.2,222.53,3252.67,48.1,0,C
2024Q3,Schweppes,Mixers,Mass Retail,Western Cape,29,57.41,33.28,1664.89,699.77,92.86,1572.03,51.9,0,A
2024Q4,Schweppes,Mixers,Mass Retail,Eastern Cape,24,58.45,29.94,1402.8,684.24,57.06,1345.74,96.3,0,A
2024Q4,Stoney,Carbonated Soft Drinks,On-Trade,Gauteng,67,65.89,32.96,4414.63,2206.31,386.7,4027.93,52.0,0,D
2024Q2,Monster,Energy Drinks,On-Trade,Gauteng,128,128.8,63.97,16486.4,8298.24,704.87,15781.53,87.3,0,B
2024Q2,Powerade,Sports Drinks,E-Commerce,Eastern Cape,40,69.4,42.99,2776.0,1056.4,167.45,2608.55,70.9,1,B
2024Q2,Coca-Cola,Carbonated Soft Drinks,Wholesale,KwaZulu-Natal,16,53.19,26.48,851.04,427.36,38.94,812.1,81.8,0,A
2024Q1,Coca-Cola,Carbonated Soft Drinks,Convenience,KwaZulu-Natal,68,53.21,31.06,3618.28,1506.2,278.38,3339.9,97.2,0,A
2024Q2,Sprite,Carbonated Soft Drinks,Convenience,KwaZulu-Natal,34,53.58,28.04,1821.72,868.36,146.26,1675.46,74.6,1,A
2024Q2,Coca-Cola,Carbonated Soft Drinks,Convenience,Western Cape,116,53.47,27.66,6202.52,2993.96,438.36,5764.16,59.2,0,A
2024Q3,Bonaqua,Water,E-Commerce,Gauteng,55,41.65,20.98,2290.75,1136.85,105.11,2185.64,51.3,1,C
2024Q2,Coca-Cola,Carbonated Soft Drinks,Wholesale,Western Cape,48,52.16,27.65,2503.68,1176.48,292.13,2211.55,47.0,0,A
2024Q1,Sprite,Carbonated Soft Drinks,Convenience,KwaZulu-Natal,19,51.1,28.04,970.9,438.14,68.41,902.49,80.4,0,A
2024Q1,Sprite,Carbonated Soft Drinks,On-Trade,Gauteng,111,58.6,28.85,6504.6,3302.25,586.88,5917.72,69.1,0,B
2024Q1,Coca-Cola,Carbonated Soft Drinks,Petrol & Travel,KwaZulu-Natal,116,47.94,24.54,5561.04,2714.4,337.83,5223.21,64.9,0,A
2024Q1,Sprite,Carbonated Soft Drinks,On-Trade,Gauteng,35,52.21,28.73,1827.35,821.8,144.91,1682.44,75.4,0,C
2024Q4,Coca-Cola,Carbonated Soft Drinks,Mass Retail,Gauteng,33,60.83,32.05,2007.39,949.74,213.02,1794.37,83.6,0,B
2024Q4,Cappy,Juices & Nectars,Convenience,Gauteng,10,67.88,41.29,678.8,265.9,37.44,641.36,47.6,0,B
2024Q3,Coca-Cola,Carbonated Soft Drinks,Mass Retail,Free State,43,52.81,30.06,2270.83,978.25,263.75,2007.08,49.9,1,C
2024Q1,Stoney,Carbonated Soft Drinks,Mass Retail,Western Cape,46,60.11,33.08,2765.06,1243.38,122.0,2643.06,56.7,1,D
2024Q1,Coca-Cola,Carbonated Soft Drinks,Mass Retail,Free State,25,51.53,31.26,1288.25,506.75,104.66,1183.59,80.6,1,B
2024Q1,Coca-Cola,Carbonated Soft Drinks,Mass Retail,Gauteng,36,49.49,29.9,1781.64,705.24,146.59,1635.05,91.5,0,D
2024Q2,Coca-Cola,Carbonated Soft Drinks,Mass Retail,Gauteng,18,60.22,31.36,1083.96,519.48,79.66,1004.3,68.6,0,A
2024Q3,Coca-Cola,Carbonated Soft Drinks,On-Trade,Gauteng,25,49.75,27.62,1243.75,553.25,119.23,1124.52,78.4,0,A
2024Q1,Bonaqua,Water,Mass Retail,Gauteng,41,44.91,22.91,1841.31,902.0,140.07,1701.24,81.7,0,B
2024Q4,Coca-Cola,Carbonated Soft Drinks,E-Commerce,Eastern Cape,36,53.98,29.89,1943.28,867.24,80.48,1862.8,48.8,1,C
2024Q4,Sprite,Carbonated Soft Drinks,Mass Retail,KwaZulu-Natal,29,52.75,27.81,1529.75,723.26,139.19,1390.56,73.4,0,B
2024Q4,Sprite,Carbonated Soft Drinks,Mass Retail,Mpumalanga,7,54.38,33.36,380.66,147.14,17.86,362.8,94.8,0,B
2024Q1,Schweppes,Mixers,On-Trade,Gauteng,15,57.48,28.16,862.2,439.8,64.12,798.08,84.3,1,D
2024Q3,Schweppes,Mixers,Mass Retail,Western Cape,8,59.53,31.81,476.24,221.76,53.58,422.66,90.4,0,B
2024Q1,Sprite,Carbonated Soft Drinks,Convenience,Gauteng,18,52.7,32.34,948.6,366.48,53.33,895.27,87.8,0,B
2024Q1,Coca-Cola,Carbonated Soft Drinks,Petrol & Travel,Western Cape,93,46.21,28.4,4297.53,1656.33,507.52,3790.01,82.5,0,A
2024Q3,Sprite,Carbonated Soft Drinks,Wholesale,Northern Cape,114,57.08,34.27,6507.12,2600.34,513.33,5993.79,77.9,0,C
2024Q4,Cappy,Juices & Nectars,Wholesale,Gauteng,71,67.68,35.86,4805.28,2259.22,272.24,4533.04,69.2,1,C
2024Q2,Bonaqua,Water,Convenience,Western Cape,69,40.38,22.87,2786.22,1208.19,302.12,2484.1,53.8,0,B
2024Q3,Powerade,Sports Drinks,Wholesale,Western Cape,23,67.9,38.61,1561.7,673.67,181.33,1380.37,49.2,0,B
2024Q1,Coca-Cola,Carbonated Soft Drinks,Convenience,Gauteng,23,61.42,32.47,1412.66,665.85,127.43,1285.23,47.8,0,D
2024Q2,Coca-Cola,Carbonated Soft Drinks,Mass Retail,Gauteng,4,52.34,27.38,209.36,99.84,22.29,187.07,94.5,0,A
2024Q2,Coca-Cola,Carbonated Soft Drinks,Mass Retail,KwaZulu-Natal,74,52.27,31.83,3867.98,1512.56,281.35,3586.63,60.0,1,B
2024Q3,Bonaqua,Water,On-Trade,Free State,56,40.29,22.5,2256.24,996.24,210.74,2045.5,51.0,1,D
2024Q4,Coca-Cola,Carbonated Soft Drinks,Mass Retail,Western Cape,54,51.82,27.49,2798.28,1313.82,308.37,2489.91,51.4,0,D
2024Q4,Coca-Cola,Carbonated Soft Drinks,Mass Retail,Gauteng,76,53.23,25.58,4045.48,2101.4,223.29,3822.19,56.6,0,B
2024Q2,Sprite,Carbonated Soft Drinks,Mass Retail,Limpopo,161,65.97,39.46,10621.17,4268.11,1231.09,9390.08,73.5,0,A
2024Q2,Coca-Cola,Carbonated Soft Drinks,E-Commerce,Western Cape,15,55.79,34.03,836.85,326.4,78.16,758.69,66.9,0,C
2024Q2,Sprite,Carbonated Soft Drinks,Mass Retail,Limpopo,15,54.32,31.54,814.8,341.7,86.31,728.49,83.6,1,A
2024Q3,Coca-Cola,Carbonated Soft Drinks,Convenience,Western Cape,12,48.54,23.63,582.48,298.92,42.21,540.27,78.0,0,C
2024Q1,Powerade,Sports Drinks,Convenience,KwaZulu-Natal,135,66.09,39.53,8922.15,3585.6,689.01,8233.14,86.6,0,A
2024Q1,Fanta,Carbonated Soft Drinks,E-Commerce,KwaZulu-Natal,51,40.62,23.34,2071.62,881.28,203.33,1868.29,63.9,0,A
2024Q1,Coca-Cola,Carbonated Soft Drinks,E-Commerce,Gauteng,19,49.57,28.49,941.83,400.52,68.92,872.91,46.3,0,B
2024Q2,Cappy,Juices & Nectars,On-Trade,Free State,51,69.9,38.39,3564.9,1607.01,277.37,3287.53,75.7,1,C
2024Q4,Coca-Cola,Carbonated Soft Drinks,Convenience,Free State,26,52.09,28.47,1354.34,614.12,90.58,1263.76,80.8,0,C
2024Q3,Schweppes,Mixers,Convenience,KwaZulu-Natal,58,51.21,25.1,2970.18,1514.38,144.38,2825.8,79.3,0,B
2024Q4,Powerade,Sports Drinks,Petrol & Travel,North West,30,56.5,34.6,1695.0,657.0,196.02,1498.98,61.3,0,B
2024Q3,Coca-Cola,Carbonated Soft Drinks,Mass Retail,Gauteng,43,52.31,28.61,2249.33,1019.1,229.38,2019.95,85.7,0,C
2024Q2,Coca-Cola,Carbonated Soft Drinks,Mass Retail,Gauteng,19,55.41,27.55,1052.79,529.34,77.92,974.87,95.0,0,D
2024Q3,Coca-Cola,Carbonated Soft Drinks,Mass Retail,Limpopo,97,58.16,29.0,5641.52,2828.52,401.81,5239.71,82.5,0,A
2024Q3,Fanta,Carbonated Soft Drinks,On-Trade,KwaZulu-Natal,25,45.31,22.35,1132.75,574.0,67.27,1065.48,65.0,0,B
2024Q1,Cappy,Juices & Nectars,Petrol & Travel,Gauteng,18,62.98,37.09,1133.64,466.02,132.65,1000.99,62.2,0,A
2024Q3,Coca-Cola,Carbonated Soft Drinks,E-Commerce,Gauteng,39,51.49,29.57,2008.11,854.88,209.27,1798.84,47.6,0,A
2024Q4,Cappy,Juices & Nectars,Mass Retail,Western Cape,7,68.18,35.23,477.26,230.65,41.24,436.02,82.4,1,B
2024Q3,Bonaqua,Water,On-Trade,Gauteng,12,41.2,20.59,494.4,247.32,44.42,449.98,61.5,0,C
2024Q1,Sprite,Carbonated Soft Drinks,Mass Retail,Gauteng,99,49.61,27.08,4911.39,2230.47,575.01,4336.38,63.7,0,B
2024Q2,Coca-Cola,Carbonated Soft Drinks,On-Trade,Gauteng,34,44.95,25.05,1528.3,676.6,101.37,1426.93,70.0,1,C
2024Q2,Fanta,Carbonated Soft Drinks,Mass Retail,Western Cape,74,53.03,27.53,3924.22,1887.0,285.07,3639.15,47.0,1,C
2024Q1,Fanta,Carbonated Soft Drinks,On-Trade,Eastern Cape,49,55.42,28.2,2715.58,1333.78,164.55,2551.03,88.3,1,A
2024Q1,Powerplay,Energy Drinks,Mass Retail,Western Cape,88,97.71,54.58,8598.48,3795.44,660.96,7937.52,92.7,1,B
2024Q3,Stoney,Carbonated Soft Drinks,Wholesale,Western Cape,19,62.0,35.1,1178.0,511.1,129.17,1048.83,69.3,0,B
2024Q2,Coca-Cola,Carbonated Soft Drinks,Mass Retail,North West,26,52.99,30.67,1377.74,580.32,156.49,1221.25,75.5,1,B
2024Q1,Sprite,Carbonated Soft Drinks,Mass Retail,Gauteng,24,52.8,26.11,1267.2,640.56,102.73,1164.47,48.7,1,D
2024Q1,Fanta,Carbonated Soft Drinks,Mass Retail,KwaZulu-Natal,13,39.57,22.13,514.41,226.72,49.61,464.8,47.5,1,B
2024Q3,Stoney,Carbonated Soft Drinks,Wholesale,KwaZulu-Natal,30,56.48,27.44,1694.4,871.2,168.91,1525.49,56.8,0,B
2024Q1,Coca-Cola,Carbonated Soft Drinks,On-Trade,Mpumalanga,3,48.99,28.87,146.97,60.36,14.26,132.71,77.2,0,C
2024Q3,Coca-Cola,Carbonated Soft Drinks,On-Trade,Gauteng,93,50.66,27.01,4711.38,2199.45,504.44,4206.94,58.8,0,B
2024Q2,Coca-Cola,Carbonated Soft Drinks,Mass Retail,KwaZulu-Natal,14,54.77,28.05,766.78,374.08,49.4,717.38,81.0,0,B
2024Q2,Coca-Cola,Carbonated Soft Drinks,On-Trade,Eastern Cape,71,54.16,30.12,3845.36,1706.84,175.02,3670.34,50.3,0,A
2024Q4,Powerplay,Energy Drinks,On-Trade,Northern Cape,13,102.56,55.92,1333.28,606.32,124.42,1208.86,65.4,0,A
2024Q3,Coca-Cola,Carbonated Soft Drinks,Mass Retail,Mpumalanga,67,55.78,34.47,3737.26,1427.77,237.76,3499.5,79.2,0,A
2024Q3,Cappy,Juices & Nectars,Convenience,Western Cape,99,68.88,37.06,6819.12,3150.18,594.9,6224.22,48.0,0,B
2024Q2,Stoney,Carbonated Soft Drinks,Petrol & Travel,Gauteng,43,61.01,35.22,2623.43,1108.97,143.98,2479.45,46.6,0,C
2024Q3,Powerade,Sports Drinks,Convenience,Gauteng,10,63.9,35.7,639.0,282.0,47.08,591.92,79.5,0,B
2024Q2,Bonaqua,Water,Mass Retail,Gauteng,62,41.84,21.23,2594.08,1277.82,172.13,2421.95,68.2,0,A
2024Q2,Fanta,Carbonated Soft Drinks,E-Commerce,KwaZulu-Natal,11,43.97,25.13,483.67,207.24,35.57,448.1,95.4,0,D
2024Q3,Coca-Cola,Carbonated Soft Drinks,E-Commerce,Gauteng,194,52.88,25.81,10258.72,5251.58,981.33,9277.39,82.5,0,B
2024Q2,Sprite,Carbonated Soft Drinks,Convenience,Western Cape,148,51.41,24.92,7608.68,3920.52,556.39,7052.29,88.3,0,A
2024Q4,Coca-Cola,Carbonated Soft Drinks,Mass Retail,KwaZulu-Natal,11,53.96,29.05,593.56,274.01,67.79,525.77,75.0,0,C
2024Q4,Coca-Cola,Carbonated Soft Drinks,Convenience,Gauteng,87,45.69,24.5,3975.03,1843.53,167.13,3807.9,70.3,0,C
2024Q4,Stoney,Carbonated Soft Drinks,Convenience,Western Cape,17,64.19,32.77,1091.23,534.14,65.99,1025.24,61.1,0,D
2024Q4,Monster,Energy Drinks,Mass Retail,Gauteng,6,107.92,57.46,647.52,302.76,45.12,602.4,96.5,1,C
2024Q3,Sprite,Carbonated Soft Drinks,Convenience,Western Cape,52,59.25,28.49,3081.0,1599.52,368.04,2712.96,85.1,0,C
2024Q2,Coca-Cola,Carbonated Soft Drinks,Convenience,Gauteng,89,43.16,22.25,3841.24,1860.99,164.55,3676.69,89.3,0,B
2024Q1,Schweppes,Mixers,Convenience,Gauteng,47,54.91,32.05,2580.77,1074.42,140.06,2440.71,67.4,0,C
2024Q2,Coca-Cola,Carbonated Soft Drinks,On-Trade,Northern Cape,54,54.05,26.66,2918.7,1479.06,248.2,2670.5,85.4,0,A
2024Q1,Coca-Cola,Carbonated Soft Drinks,Mass Retail,Gauteng,35,47.12,28.27,1649.2,659.75,107.99,1541.21,67.5,0,B
2024Q2,Sprite,Carbonated Soft Drinks,E-Commerce,Western Cape,27,54.65,26.94,1475.55,748.17,140.81,1334.74,56.3,0,D
2024Q3,Coca-Cola,Carbonated Soft Drinks,Mass Retail,KwaZulu-Natal,3,56.99,30.82,170.97,78.51,16.31,154.66,69.0,1,B
2024Q2,Cappy,Juices & Nectars,Mass Retail,Gauteng,28,72.18,35.39,2021.04,1030.12,166.43,1854.61,79.3,1,A
2024Q1,Sprite,Carbonated Soft Drinks,On-Trade,Free State,53,60.07,34.3,3183.71,1365.81,234.53,2949.18,96.0,1,C
2024Q2,Coca-Cola,Carbonated Soft Drinks,On-Trade,Western Cape,8,54.98,32.12,439.84,182.88,19.28,420.56,47.4,0,B
2024Q4,Coca-Cola,Carbonated Soft Drinks,Mass Retail,Gauteng,7,48.73,27.54,341.11,148.33,32.8,308.31,55.7,1,A
2024Q2,Coca-Cola,Carbonated Soft Drinks,On-Trade,Eastern Cape,35,54.16,28.95,1895.6,882.35,197.36,1698.24,72.8,1,C
2024Q1,Fanta,Carbonated Soft Drinks,Mass Retail,Free State,22,44.84,26.92,986.48,394.24,44.31,942.17,56.6,0,D
2024Q1,Sprite,Carbonated Soft Drinks,Wholesale,Gauteng,42,51.41,26.21,2159.22,1058.4,191.02,1968.2,65.3,1,C
2024Q3,Powerade,Sports Drinks,Mass Retail,Gauteng,133,71.66,41.22,9530.78,4048.52,866.95,8663.83,71.5,0,B
2024Q2,Schweppes,Mixers,Mass Retail,Free State,103,61.98,35.43,6383.94,2734.65,555.12,5828.82,53.3,1,A
2024Q4,Coca-Cola,Carbonated Soft Drinks,On-Trade,Gauteng,42,51.26,30.05,2152.92,890.82,181.34,1971.58,58.4,1,A
2024Q4,Bonaqua,Water,Convenience,Gauteng,38,39.65,21.51,1506.7,689.32,99.32,1407.38,84.2,0,A
2024Q2,Coca-Cola,Carbonated Soft Drinks,Mass Retail,Northern Cape,13,47.2,24.84,613.6,290.68,49.21,564.39,60.0,0,A
2024Q1,Sprite,Carbonated Soft Drinks,E-Commerce,KwaZulu-Natal,99,51.96,29.33,5144.04,2240.37,474.75,4669.29,56.2,0,A
2024Q3,Cappy,Juices & Nectars,Mass Retail,Gauteng,28,66.3,37.42,1856.4,808.64,222.49,1633.91,50.3,0,D
2024Q4,Sprite,Carbonated Soft Drinks,Mass Retail,Gauteng,43,51.93,29.6,2232.99,960.19,250.58,1982.41,51.0,0,C
2024Q4,Fanta,Carbonated Soft Drinks,Convenience,KwaZulu-Natal,28,46.77,28.42,1309.56,513.8,134.26,1175.3,83.3,0,A
2024Q2,Cappy,Juices & Nectars,Wholesale,Eastern Cape,29,72.23,36.18,2094.67,1045.45,224.14,1870.53,59.8,1,C
2024Q1,Bonaqua,Water,On-Trade,KwaZulu-Natal,41,37.29,21.07,1528.89,665.02,92.98,1435.91,83.5,0,C
2024Q4,Coca-Cola,Carbonated Soft Drinks,On-Trade,Gauteng,37,55.22,32.53,2043.14,839.53,204.82,1838.32,58.7,0,C
2024Q1,Coca-Cola,Carbonated Soft Drinks,Convenience,Gauteng,24,51.95,27.1,1246.8,596.4,97.14,1149.66,50.7,1,A
2024Q2,Bonaqua,Water,Mass Retail,Western Cape,131,39.5,23.57,5174.5,2086.83,433.13,4741.37,70.2,0,C
2024Q4,Coca-Cola,Carbonated Soft Drinks,Wholesale,KwaZulu-Natal,24,50.62,29.91,1214.88,497.04,93.79,1121.09,86.9,0,B
2024Q1,Coca-Cola,Carbonated Soft Drinks,Mass Retail,Western Cape,34,46.2,25.05,1570.8,719.1,116.1,1454.7,73.8,0,C
2024Q1,Sprite,Carbonated Soft Drinks,Wholesale,Gauteng,27,53.74,29.12,1450.98,664.74,132.57,1318.41,71.5,0,B
2024Q2,Fanta,Carbonated Soft Drinks,E-Commerce,Western Cape,31,54.76,29.76,1697.56,775.0,174.5,1523.06,49.9,0,A
2024Q4,Coca-Cola,Carbonated Soft Drinks,On-Trade,Eastern Cape,62,53.54,33.15,3319.48,1264.18,270.34,3049.14,49.9,1,B
2024Q3,Sprite,Carbonated Soft Drinks,Mass Retail,Gauteng,19,54.01,32.09,1026.19,416.48,65.42,960.77,96.7,0,C
2024Q1,Coca-Cola,Carbonated Soft Drinks,Wholesale,KwaZulu-Natal,30,46.62,25.42,1398.6,636.0,111.05,1287.55,73.4,1,C
2024Q3,Coca-Cola,Carbonated Soft Drinks,E-Commerce,KwaZulu-Natal,29,60.26,35.6,1747.54,715.14,183.89,1563.65,57.2,1,C
2024Q2,Sprite,Carbonated Soft Drinks,Petrol & Travel,Gauteng,8,53.75,26.98,430.0,214.16,27.09,402.91,62.4,0,C
2024Q2,Schweppes,Mixers,Mass Retail,Eastern Cape,11,61.35,29.89,674.85,346.06,47.15,627.7,90.3,0,A
2024Q1,Sprite,Carbonated Soft Drinks,Mass Retail,Northern Cape,33,57.76,29.96,1906.08,917.4,105.72,1800.36,81.8,0,B
2024Q4,Coca-Cola,Carbonated Soft Drinks,Petrol & Travel,KwaZulu-Natal,103,54.45,31.67,5608.35,2346.34,243.79,5364.56,87.5,0,B
2024Q1,Monster,Energy Drinks,Mass Retail,KwaZulu-Natal,62,90.74,51.34,5625.88,2442.8,292.32,5333.56,67.1,0,B
2024Q1,Sprite,Carbonated Soft Drinks,On-Trade,Gauteng,18,54.24,27.25,976.32,485.82,51.69,924.63,64.8,0,A
2024Q2,Monster,Energy Drinks,Wholesale,Western Cape,24,99.14,51.91,2379.36,1133.52,245.05,2134.31,47.7,1,A
2024Q3,Coca-Cola,Carbonated Soft Drinks,Mass Retail,Western Cape,13,52.91,27.41,687.83,331.5,36.75,651.08,51.6,0,C
2024Q2,Sprite,Carbonated Soft Drinks,Mass Retail,Mpumalanga,210,55.04,28.97,11558.4,5474.7,974.32,10584.08,58.7,0,A
2024Q3,Coca-Cola,Carbonated Soft Drinks,Wholesale,Free State,15,53.75,30.44,806.25,349.65,87.22,719.03,51.4,0,C
2024Q1,Coca-Cola,Carbonated Soft Drinks,E-Commerce,KwaZulu-Natal,27,49.4,27.93,1333.8,579.69,113.04,1220.76,50.1,0,B
2024Q3,Monster,Energy Drinks,On-Trade,Gauteng,36,119.49,73.01,4301.64,1673.28,232.66,4068.98,87.0,1,B
2024Q4,Coca-Cola,Carbonated Soft Drinks,Mass Retail,Mpumalanga,43,55.17,29.34,2372.31,1110.69,131.04,2241.27,88.3,0,B
2024Q2,Cappy,Juices & Nectars,E-Commerce,Gauteng,17,55.98,33.35,951.66,384.71,63.87,887.79,49.8,0,A
2024Q3,Coca-Cola,Carbonated Soft Drinks,Wholesale,Western Cape,9,47.12,23.97,424.08,208.35,47.41,376.67,56.5,0,C
2024Q4,Stoney,Carbonated Soft Drinks,Petrol & Travel,KwaZulu-Natal,25,65.37,37.4,1634.25,699.25,114.06,1520.19,81.9,1,C
2024Q3,Coca-Cola,Carbonated Soft Drinks,On-Trade,North West,24,47.26,28.13,1134.24,459.12,64.06,1070.18,90.9,0,A
2024Q1,Fanta,Carbonated Soft Drinks,Mass Retail,Western Cape,104,45.31,23.91,4712.24,2225.6,319.41,4392.83,83.9,0,C
2024Q2,Coca-Cola,Carbonated Soft Drinks,Convenience,Gauteng,51,49.75,29.49,2537.25,1033.26,202.49,2334.76,72.9,0,B
2024Q1,Cappy,Juices & Nectars,On-Trade,Western Cape,3,68.45,42.39,205.35,78.18,10.64,194.71,76.4,0,B
2024Q1,Coca-Cola,Carbonated Soft Drinks,Mass Retail,Eastern Cape,59,53.51,28.2,3157.09,1493.29,194.98,2962.11,90.1,0,A
2024Q3,Cappy,Juices & Nectars,Wholesale,Mpumalanga,17,69.3,40.6,1178.1,487.9,98.86,1079.24,59.2,0,C
2024Q4,Coca-Cola,Carbonated Soft Drinks,On-Trade,Eastern Cape,55,60.92,31.12,3350.6,1639.0,335.86,3014.74,61.1,1,B
2024Q1,Coca-Cola,Carbonated Soft Drinks,Mass Retail,Western Cape,164,50.66,30.9,8308.24,3240.64,426.28,7881.96,66.0,1,C
2024Q4,Cappy,Juices & Nectars,Convenience,Gauteng,25,75.24,43.56,1881.0,792.0,123.72,1757.28,89.7,0,A
2024Q3,Coca-Cola,Carbonated Soft Drinks,Mass Retail,Eastern Cape,117,52.38,29.54,6128.46,2672.28,256.51,5871.95,96.5,0,C
2024Q3,Sprite,Carbonated Soft Drinks,Convenience,Gauteng,30,48.03,26.7,1440.9,639.9,145.97,1294.93,65.8,0,A
2024Q4,Coca-Cola,Carbonated Soft Drinks,Convenience,Gauteng,5,55.23,33.58,276.15,108.25,29.85,246.3,69.1,1,A
2024Q2,Sprite,Carbonated Soft Drinks,Mass Retail,KwaZulu-Natal,20,53.35,26.95,1067.0,528.0,111.21,955.79,75.7,0,B
2024Q3,Stoney,Carbonated Soft Drinks,Mass Retail,Western Cape,30,52.16,32.17,1564.8,599.7,166.05,1398.75,83.6,1,D
2024Q3,Fanta,Carbonated Soft Drinks,E-Commerce,Limpopo,19,54.87,30.41,1042.53,464.74,92.51,950.02,77.3,0,C
2024Q4,Monster,Energy Drinks,Convenience,Western Cape,21,112.91,61.43,2371.11,1081.08,220.8,2150.31,60.7,0,C
2024Q3,Sprite,Carbonated Soft Drinks,Mass Retail,Gauteng,27,50.92,31.48,1374.84,524.88,86.38,1288.46,73.2,0,C
2024Q4,Sprite,Carbonated Soft Drinks,Convenience,Northern Cape,72,54.05,26.24,3891.6,2002.32,201.01,3690.59,62.1,0,A
2024Q4,Fanta,Carbonated Soft Drinks,Mass Retail,Gauteng,16,51.44,30.62,823.04,333.12,84.19,738.85,71.5,1,B
2024Q2,Coca-Cola,Carbonated Soft Drinks,Convenience,Mpumalanga,14,53.69,27.2,751.66,370.86,67.75,683.91,97.5,0,A
2024Q3,Bonaqua,Water,Wholesale,KwaZulu-Natal,71,47.95,29.72,3404.45,1294.33,285.26,3119.19,67.3,0,A
2024Q2,Fanta,Carbonated Soft Drinks,Wholesale,Western Cape,25,49.21,27.99,1230.25,530.5,58.64,1171.61,64.8,0,B
2024Q4,Coca-Cola,Carbonated Soft Drinks,Wholesale,Western Cape,39,52.11,26.62,2032.29,994.11,142.38,1889.91,52.0,0,B
2024Q3,Sprite,Carbonated Soft Drinks,On-Trade,Gauteng,29,63.19,32.51,1832.51,889.72,164.32,1668.19,73.6,1,B
2024Q2,Bonaqua,Water,Petrol & Travel,KwaZulu-Natal,11,33.92,20.95,373.12,142.67,40.28,332.84,83.9,0,A
2024Q3,Stoney,Carbonated Soft Drinks,E-Commerce,Eastern Cape,47,60.92,29.71,2863.24,1466.87,219.0,2644.24,84.6,0,A
2024Q2,Cappy,Juices & Nectars,On-Trade,North West,22,61.4,32.2,1350.8,642.4,82.27,1268.53,63.2,0,B
2024Q3,Fanta,Carbonated Soft Drinks,E-Commerce,North West,47,52.62,31.41,2473.14,996.87,273.75,2199.39,67.1,0,B
2024Q3,Sprite,Carbonated Soft Drinks,Petrol & Travel,Eastern Cape,35,54.73,29.17,1915.55,894.6,222.02,1693.53,67.2,0,A
2024Q4,Schweppes,Mixers,Mass Retail,Western Cape,15,52.46,29.55,786.9,343.65,94.3,692.6,72.4,0,B
2024Q3,Powerplay,Energy Drinks,Convenience,Western Cape,54,113.79,61.56,6144.66,2820.42,435.8,5708.86,55.2,0,A
2024Q2,Monster,Energy Drinks,On-Trade,Limpopo,14,103.88,64.24,1454.32,554.96,65.91,1388.41,89.7,0,C
2024Q2,Fanta,Carbonated Soft Drinks,Mass Retail,Gauteng,86,48.87,24.08,4202.82,2131.94,287.19,3915.63,95.5,0,C
2024Q2,Cappy,Juices & Nectars,Mass Retail,Eastern Cape,63,71.13,34.75,4481.19,2291.94,252.1,4229.09,71.0,0,A
2024Q1,Coca-Cola,Carbonated Soft Drinks,Wholesale,Gauteng,100,50.2,24.2,5020.0,2600.0,466.05,4553.95,45.0,1,A
2024Q4,Coca-Cola,Carbonated Soft Drinks,Convenience,Western Cape,82,50.75,25.39,4161.5,2079.52,351.1,3810.4,81.0,1,B
2024Q1,Coca-Cola,Carbonated Soft Drinks,Convenience,Western Cape,67,52.13,28.76,3492.71,1565.79,183.67,3309.04,78.3,0,C
2024Q3,Coca-Cola,Carbonated Soft Drinks,Wholesale,Western Cape,25,45.11,24.0,1127.75,527.75,125.46,1002.29,77.4,0,B
2024Q3,Fanta,Carbonated Soft Drinks,On-Trade,Gauteng,16,50.28,27.4,804.48,366.08,85.08,719.4,55.3,1,A
2024Q2,Coca-Cola,Carbonated Soft Drinks,Convenience,KwaZulu-Natal,14,45.41,23.74,635.74,303.38,32.31,603.43,58.3,0,B
2024Q4,Cappy,Juices & Nectars,Mass Retail,Mpumalanga,114,59.71,33.14,6806.94,3028.98,571.27,6235.67,58.2,0,D
2024Q3,Powerade,Sports Drinks,E-Commerce,Gauteng,31,65.34,36.6,2025.54,890.94,110.51,1915.03,58.6,1,A
2024Q4,Sprite,Carbonated Soft Drinks,Convenience,Gauteng,28,52.82,32.59,1478.96,566.44,101.03,1377.93,69.4,0,B
2024Q1,Monster,Energy Drinks,Convenience,Limpopo,47,112.43,67.46,5284.21,2113.59,547.0,4737.21,95.4,1,D
2024Q4,Cappy,Juices & Nectars,Mass Retail,Mpumalanga,67,68.28,38.74,4574.76,1979.18,540.71,4034.05,50.3,0,C
2024Q1,Coca-Cola,Carbonated Soft Drinks,Mass Retail,Gauteng,31,53.03,30.95,1643.93,684.48,69.76,1574.17,81.8,0,B
2024Q2,Coca-Cola,Carbonated Soft Drinks,Mass Retail,Free State,27,51.79,25.06,1398.33,721.71,155.72,1242.61,83.3,1,B
2024Q4,Coca-Cola,Carbonated Soft Drinks,On-Trade,Limpopo,27,52.77,27.56,1424.79,680.67,145.9,1278.89,72.8,0,A
2024Q1,Coca-Cola,Carbonated Soft Drinks,Convenience,Northern Cape,166,51.12,28.19,8485.92,3806.38,979.59,7506.33,66.1,1,B
2024Q3,Bonaqua,Water,Mass Retail,Western Cape,66,38.99,21.43,2573.34,1158.96,175.86,2397.48,73.8,1,B
2024Q3,Coca-Cola,Carbonated Soft Drinks,Mass Retail,Eastern Cape,114,55.23,32.9,6296.22,2545.62,718.61,5577.61,66.8,0,A
2024Q4,Fanta,Carbonated Soft Drinks,E-Commerce,Gauteng,29,45.86,23.37,1329.94,652.21,83.73,1246.21,79.3,0,C
2024Q1,Powerade,Sports Drinks,Convenience,KwaZulu-Natal,6,74.82,37.68,448.92,222.84,20.62,428.3,57.5,1,A
2024Q1,Fanta,Carbonated Soft Drinks,E-Commerce,Gauteng,89,52.05,27.46,4632.45,2188.51,328.76,4303.69,88.3,1,B
2024Q4,Cappy,Juices & Nectars,E-Commerce,Gauteng,33,61.28,34.96,2022.24,868.56,177.9,1844.34,82.8,1,C
2024Q4,Sprite,Carbonated Soft Drinks,On-Trade,Free State,9,53.53,31.38,481.77,199.35,52.91,428.86,59.9,1,C
2024Q4,Fanta,Carbonated Soft Drinks,Mass Retail,Northern Cape,23,48.93,25.7,1125.39,534.29,93.47,1031.92,96.6,0,B
2024Q1,Cappy,Juices & Nectars,On-Trade,Gauteng,20,64.3,32.42,1286.0,637.6,71.25,1214.75,85.4,1,B
2024Q4,Fanta,Carbonated Soft Drinks,Mass Retail,Gauteng,33,50.56,28.12,1668.48,740.52,114.47,1554.01,81.6,0,D
2024Q1,Cappy,Juices & Nectars,E-Commerce,Gauteng,12,62.22,37.93,746.64,291.48,47.25,699.39,68.1,0,B
2024Q2,Schweppes,Mixers,Wholesale,KwaZulu-Natal,53,52.99,28.45,2808.47,1300.62,288.03,2520.44,82.6,1,B
2024Q3,Coca-Cola,Carbonated Soft Drinks,E-Commerce,Mpumalanga,119,53.76,30.57,6397.44,2759.61,562.98,5834.46,84.2,1,C
2024Q1,Coca-Cola,Carbonated Soft Drinks,Mass Retail,Gauteng,15,55.93,31.32,838.95,369.15,49.82,789.13,89.5,0,B
2024Q2,Coca-Cola,Carbonated Soft Drinks,Mass Retail,North West,84,54.39,32.92,4568.76,1803.48,450.32,4118.44,52.9,0,A
2024Q1,Coca-Cola,Carbonated Soft Drinks,Mass Retail,Western Cape,105,58.53,35.64,6145.65,2403.45,368.16,5777.49,57.7,0,A
2024Q1,Sprite,Carbonated Soft Drinks,On-Trade,Western Cape,25,62.46,35.52,1561.5,673.5,118.99,1442.51,77.4,0,A
2024Q3,Powerplay,Energy Drinks,Mass Retail,Western Cape,51,100.51,59.32,5126.01,2100.69,388.39,4737.62,62.1,1,C
2024Q3,Stoney,Carbonated Soft Drinks,Mass Retail,Limpopo,20,64.73,34.31,1294.6,608.4,86.58,1208.02,71.4,0,C
2024Q2,Coca-Cola,Carbonated Soft Drinks,Mass Retail,Eastern Cape,21,57.69,33.05,1211.49,517.44,118.31,1093.18,60.7,1,C
2024Q4,Coca-Cola,Carbonated Soft Drinks,Mass Retail,Mpumalanga,42,54.91,31.34,2306.22,989.94,103.12,2203.1,88.3,0,A
2024Q2,Cappy,Juices & Nectars,Mass Retail,KwaZulu-Natal,60,58.8,28.54,3528.0,1815.6,358.78,3169.22,50.9,0,A
2024Q1,Monster,Energy Drinks,E-Commerce,Eastern Cape,52,119.34,57.38,6205.68,3221.92,448.31,5757.37,47.2,0,A
2024Q4,Fanta,Carbonated Soft Drinks,Convenience,Western Cape,34,50.88,26.02,1729.92,845.24,118.36,1611.56,96.8,1,B
2024Q1,Powerplay,Energy Drinks,On-Trade,Gauteng,6,119.46,70.19,716.76,295.62,78.41,638.35,63.1,0,A
2024Q4,Coca-Cola,Carbonated Soft Drinks,Convenience,Gauteng,8,53.62,27.78,428.96,206.72,35.64,393.32,53.2,0,B
2024Q1,Fanta,Carbonated Soft Drinks,Mass Retail,Gauteng,17,48.71,26.62,828.07,375.53,59.6,768.47,83.3,0,B
2024Q2,Fanta,Carbonated Soft Drinks,Wholesale,KwaZulu-Natal,18,52.27,31.94,940.86,365.94,67.15,873.71,70.1,0,D
2024Q2,Coca-Cola,Carbonated Soft Drinks,Petrol & Travel,Gauteng,51,50.74,26.72,2587.74,1225.02,223.29,2364.45,57.7,0,A
2024Q3,Sprite,Carbonated Soft Drinks,On-Trade,Gauteng,18,59.76,34.39,1075.68,456.66,103.6,972.08,74.8,0,A
2024Q3,Sprite,Carbonated Soft Drinks,Wholesale,Limpopo,17,56.0,32.13,952.0,405.79,73.86,878.14,68.2,0,B
2024Q4,Coca-Cola,Carbonated Soft Drinks,Wholesale,KwaZulu-Natal,66,46.89,23.28,3094.74,1558.26,272.79,2821.95,97.2,0,B
2024Q4,Coca-Cola,Carbonated Soft Drinks,Wholesale,KwaZulu-Natal,8,55.29,31.75,442.32,188.32,47.59,394.73,54.1,0,A
2024Q2,Cappy,Juices & Nectars,Mass Retail,Gauteng,13,61.68,37.04,801.84,320.32,59.12,742.72,63.0,0,C
2024Q2,Powerplay,Energy Drinks,Wholesale,Gauteng,19,102.22,56.51,1942.18,868.49,141.28,1800.9,60.6,1,B
2024Q2,Coca-Cola,Carbonated Soft Drinks,On-Trade,Gauteng,97,52.39,31.39,5081.83,2037.0,298.99,4782.84,76.8,0,C
2024Q2,Sprite,Carbonated Soft Drinks,Mass Retail,Gauteng,57,54.72,33.18,3119.04,1227.78,176.7,2942.34,58.7,1,A
2024Q1,Schweppes,Mixers,Mass Retail,KwaZulu-Natal,99,66.55,35.58,6588.45,3066.03,596.49,5991.96,95.2,1,B
2024Q2,Sprite,Carbonated Soft Drinks,Wholesale,Western Cape,10,50.1,27.07,501.0,230.3,40.21,460.79,85.2,0,B
2024Q3,Fanta,Carbonated Soft Drinks,Mass Retail,KwaZulu-Natal,72,48.01,28.76,3456.72,1386.0,202.64,3254.08,61.7,0,C
2024Q3,Coca-Cola,Carbonated Soft Drinks,Mass Retail,KwaZulu-Natal,27,49.67,26.96,1341.09,613.17,73.71,1267.38,54.5,0,B
2024Q1,Schweppes,Mixers,On-Trade,Western Cape,55,59.55,36.75,3275.25,1254.0,150.4,3124.85,56.5,0,B
2024Q4,Cappy,Juices & Nectars,Petrol & Travel,Gauteng,6,69.36,35.29,416.16,204.42,25.98,390.18,67.8,1,B
2024Q2,Sprite,Carbonated Soft Drinks,On-Trade,Free State,116,53.13,30.5,6163.08,2625.08,351.68,5811.4,63.0,0,D
2024Q4,Powerplay,Energy Drinks,E-Commerce,KwaZulu-Natal,56,126.94,69.34,7108.64,3225.6,536.36,6572.28,71.4,0,B
2024Q3,Sprite,Carbonated Soft Drinks,On-Trade,Gauteng,73,55.84,31.75,4076.32,1758.57,398.7,3677.62,76.7,0,B
2024Q1,Fanta,Carbonated Soft Drinks,Mass Retail,Western Cape,23,50.31,31.19,1157.13,439.76,49.4,1107.73,65.9,1,C
2024Q2,Coca-Cola,Carbonated Soft Drinks,Convenience,Eastern Cape,34,51.67,27.88,1756.78,808.86,182.87,1573.91,59.5,1,C
2024Q4,Fanta,Carbonated Soft Drinks,Petrol & Travel,Western Cape,55,44.43,26.4,2443.65,991.65,186.16,2257.49,65.1,0,C
2024Q3,Sprite,Carbonated Soft Drinks,Convenience,Gauteng,32,50.81,27.29,1625.92,752.64,77.8,1548.12,59.2,1,B
2024Q3,Coca-Cola,Carbonated Soft Drinks,On-Trade,Gauteng,41,55.97,33.25,2294.77,931.52,187.54,2107.23,76.8,0,D
2024Q3,Monster,Energy Drinks,On-Trade,Gauteng,88,102.33,62.85,9005.04,3474.24,1066.78,7938.26,78.8,1,A
2024Q2,Fanta,Carbonated Soft Drinks,Mass Retail,Gauteng,11,48.88,29.85,537.68,209.33,26.0,511.68,83.7,0,C
2024Q4,Coca-Cola,Carbonated Soft Drinks,Mass Retail,Gauteng,27,49.32,24.71,1331.64,664.47,117.66,1213.98,70.3,1,A
2024Q4,Powerplay,Energy Drinks,Mass Retail,Gauteng,32,109.24,56.38,3495.68,1691.52,202.03,3293.65,53.4,0,A
2024Q1,Cappy,Juices & Nectars,Wholesale,KwaZulu-Natal,18,58.19,35.03,1047.42,416.88,95.68,951.74,64.5,0,C
2024Q1,Coca-Cola,Carbonated Soft Drinks,Mass Retail,Mpumalanga,17,55.12,31.43,937.04,402.73,106.63,830.41,71.3,0,B
2024Q4,Fanta,Carbonated Soft Drinks,On-Trade,Eastern Cape,26,48.44,27.29,1259.44,549.9,78.14,1181.3,95.7,0,B
2024Q4,Monster,Energy Drinks,Convenience,Gauteng,144,107.66,59.58,15503.04,6923.52,1094.08,14408.96,49.1,0,A
2024Q1,Bonaqua,Water,Wholesale,Free State,45,42.93,22.9,1931.85,901.35,97.01,1834.84,88.3,0,D
2024Q3,Sprite,Carbonated Soft Drinks,Mass Retail,Gauteng,107,52.17,28.04,5582.19,2581.91,447.59,5134.6,89.3,1,B
2024Q1,Coca-Cola,Carbonated Soft Drinks,Mass Retail,Gauteng,10,52.68,27.79,526.8,248.9,48.23,478.57,46.4,0,B
2024Q2,Coca-Cola,Carbonated Soft Drinks,E-Commerce,Western Cape,70,46.95,23.47,3286.5,1643.6,324.92,2961.58,79.2,0,A
2024Q2,Coca-Cola,Carbonated Soft Drinks,Convenience,Gauteng,27,54.01,26.13,1458.27,752.76,134.79,1323.48,77.0,1,B
2024Q2,Coca-Cola,Carbonated Soft Drinks,Mass Retail,North West,39,47.91,29.11,1868.49,733.2,210.24,1658.25,53.0,0,B
2024Q1,Schweppes,Mixers,Mass Retail,Gauteng,32,54.62,31.98,1747.84,724.48,180.37,1567.47,71.4,1,D
2024Q4,Cappy,Juices & Nectars,E-Commerce,Gauteng,55,65.92,33.76,3625.6,1768.8,237.77,3387.83,84.6,0,C
2024Q3,Sprite,Carbonated Soft Drinks,Mass Retail,Western Cape,28,58.76,32.44,1645.28,736.96,127.33,1517.95,94.2,0,A
2024Q3,Fanta,Carbonated Soft Drinks,Mass Retail,Gauteng,29,50.61,29.9,1467.69,600.59,109.55,1358.14,46.2,1,B
2024Q2,Sprite,Carbonated Soft Drinks,Convenience,Gauteng,14,61.9,37.24,866.6,345.24,85.57,781.03,46.1,0,C
2024Q4,Coca-Cola,Carbonated Soft Drinks,Wholesale,Gauteng,25,46.58,26.43,1164.5,503.75,127.88,1036.62,69.2,0,A
2024Q1,Schweppes,Mixers,E-Commerce,Gauteng,23,63.7,35.04,1465.1,659.18,140.71,1324.39,46.7,0,D
2024Q4,Coca-Cola,Carbonated Soft Drinks,Wholesale,KwaZulu-Natal,18,55.4,34.2,997.2,381.6,54.2,943.0,93.4,0,B
2024Q2,Powerplay,Energy Drinks,Mass Retail,Mpumalanga,26,122.04,71.16,3173.04,1322.88,166.47,3006.57,59.3,1,B
2024Q3,Sprite,Carbonated Soft Drinks,On-Trade,Western Cape,23,58.64,33.85,1348.72,570.17,142.45,1206.27,92.8,1,B
2024Q2,Sprite,Carbonated Soft Drinks,Wholesale,Gauteng,30,55.99,32.65,1679.7,700.2,165.13,1514.57,45.5,1,C
2024Q3,Fanta,Carbonated Soft Drinks,Mass Retail,Northern Cape,3,48.95,29.79,146.85,57.48,10.1,136.75,94.7,0,C
2024Q1,Cappy,Juices & Nectars,Convenience,Limpopo,13,68.25,35.6,887.25,424.45,79.75,807.5,83.5,1,B
2024Q4,Sprite,Carbonated Soft Drinks,Petrol & Travel,Free State,247,60.64,29.78,14978.08,7622.42,1199.07,13779.01,82.8,1,B
2024Q1,Fanta,Carbonated Soft Drinks,Mass Retail,KwaZulu-Natal,47,56.05,33.44,2634.35,1062.67,151.33,2483.02,89.2,1,C
2024Q3,Coca-Cola,Carbonated Soft Drinks,Mass Retail,Gauteng,11,50.3,30.31,553.3,219.89,53.33,499.97,46.3,1,A
2024Q3,Fanta,Carbonated Soft Drinks,Mass Retail,Western Cape,18,48.28,27.43,869.04,375.3,80.91,788.13,94.9,0,C
2024Q1,Fanta,Carbonated Soft Drinks,Convenience,Gauteng,39,41.09,22.59,1602.51,721.5,141.45,1461.06,95.9,0,A
2024Q2,Powerplay,Energy Drinks,E-Commerce,Western Cape,25,103.94,62.01,2598.5,1048.25,275.3,2323.2,59.6,0,B
2024Q3,Cappy,Juices & Nectars,Convenience,KwaZulu-Natal,25,77.72,39.5,1943.0,955.5,215.85,1727.15,80.9,1,C
2024Q3,Coca-Cola,Carbonated Soft Drinks,Convenience,Eastern Cape,75,55.66,33.63,4174.5,1652.25,241.4,3933.1,97.4,1,A
2024Q2,Coca-Cola,Carbonated Soft Drinks,Petrol & Travel,KwaZulu-Natal,126,56.48,30.42,7116.48,3283.56,555.11,6561.37,92.2,0,B
2024Q3,Coca-Cola,Carbonated Soft Drinks,Wholesale,Western Cape,13,51.99,25.01,675.87,350.74,33.79,642.08,95.7,0,A
2024Q1,Sprite,Carbonated Soft Drinks,Mass Retail,Western Cape,26,55.83,32.91,1451.58,595.92,102.3,1349.28,50.1,0,C
2024Q1,Coca-Cola,Carbonated Soft Drinks,E-Commerce,Western Cape,68,46.76,26.75,3179.68,1360.68,306.52,2873.16,97.6,0,B
2024Q4,Sprite,Carbonated Soft Drinks,Mass Retail,Free State,100,54.67,30.67,5467.0,2400.0,234.97,5232.03,89.7,1,C
2024Q3,Coca-Cola,Carbonated Soft Drinks,Convenience,North West,30,49.31,25.41,1479.3,717.0,74.15,1405.15,79.9,1,B
2024Q4,Sprite,Carbonated Soft Drinks,Convenience,Western Cape,31,54.0,28.27,1674.0,797.63,109.63,1564.37,68.6,0,C
2024Q4,Bonaqua,Water,Convenience,Western Cape,53,40.91,22.6,2168.23,970.43,168.7,1999.53,56.3,0,C
2024Q4,Coca-Cola,Carbonated Soft Drinks,Wholesale,Eastern Cape,32,47.24,25.46,1511.68,696.96,140.08,1371.6,93.6,0,B
2024Q3,Cappy,Juices & Nectars,Petrol & Travel,Gauteng,21,62.96,37.37,1322.16,537.39,107.71,1214.45,69.0,0,C
2024Q1,Coca-Cola,Carbonated Soft Drinks,Convenience,Western Cape,44,52.36,29.41,2303.84,1009.8,178.04,2125.8,73.8,0,D
2024Q1,Coca-Cola,Carbonated Soft Drinks,Convenience,KwaZulu-Natal,117,57.07,35.16,6677.19,2563.47,597.42,6079.77,65.2,0,A
2024Q4,Fanta,Carbonated Soft Drinks,Mass Retail,KwaZulu-Natal,126,49.14,27.02,6191.64,2787.12,633.84,5557.8,68.9,0,A
2024Q4,Powerade,Sports Drinks,Convenience,Eastern Cape,21,65.97,35.64,1385.37,636.93,115.45,1269.92,63.5,1,A
2024Q3,Powerplay,Energy Drinks,Mass Retail,Gauteng,13,121.57,69.1,1580.41,682.11,161.72,1418.69,85.3,0,D
2024Q4,Fanta,Carbonated Soft Drinks,Mass Retail,Gauteng,9,58.62,35.28,527.58,210.06,58.19,469.39,63.2,1,B
2024Q1,Schweppes,Mixers,Mass Retail,Western Cape,23,52.42,29.3,1205.66,531.76,111.58,1094.08,62.6,0,B
2024Q4,Coca-Cola,Carbonated Soft Drinks,E-Commerce,Western Cape,38,54.19,27.21,2059.22,1025.24,177.86,1881.36,73.7,0,D
2024Q4,Schweppes,Mixers,E-Commerce,KwaZulu-Natal,15,48.83,27.53,732.45,319.5,60.03,672.42,83.1,1,B
2024Q3,Fanta,Carbonated Soft Drinks,Mass Retail,Western Cape,14,50.73,26.59,710.22,337.96,66.0,644.22,53.3,0,C
2024Q2,Cappy,Juices & Nectars,Mass Retail,Western Cape,72,73.95,36.44,5324.4,2700.72,458.86,4865.54,52.8,1,B
2024Q4,Coca-Cola,Carbonated Soft Drinks,On-Trade,Gauteng,15,51.6,31.95,774.0,294.75,41.2,732.8,86.4,0,D
2024Q3,Coca-Cola,Carbonated Soft Drinks,E-Commerce,Eastern Cape,32,52.26,31.48,1672.32,664.96,195.0,1477.32,54.2,0,C
2024Q2,Monster,Energy Drinks,On-Trade,KwaZulu-Natal,37,105.94,59.47,3919.78,1719.39,220.8,3698.98,87.3,1,C
2024Q4,Stoney,Carbonated Soft Drinks,Mass Retail,KwaZulu-Natal,20,60.75,31.3,1215.0,589.0,118.77,1096.23,59.9,0,C
2024Q4,Cappy,Juices & Nectars,Convenience,Western Cape,112,59.59,35.1,6674.08,2742.88,476.61,6197.47,53.6,0,A
2024Q1,Sprite,Carbonated Soft Drinks,Mass Retail,Gauteng,58,58.43,29.93,3388.94,1653.0,182.99,3205.95,93.8,1,B
2024Q1,Coca-Cola,Carbonated Soft Drinks,Wholesale,KwaZulu-Natal,23,51.16,28.0,1176.68,532.68,75.16,1101.52,67.1,0,B
2024Q1,Bonaqua,Water,On-Trade,Gauteng,20,36.56,21.55,731.2,300.2,66.91,664.29,62.3,0,C
2024Q1,Fanta,Carbonated Soft Drinks,Convenience,Gauteng,49,55.78,28.64,2733.22,1329.86,109.38,2623.84,87.6,0,B
2024Q2,Sprite,Carbonated Soft Drinks,Mass Retail,Limpopo,22,56.34,31.66,1239.48,542.96,130.99,1108.49,65.7,1,C
2024Q1,Coca-Cola,Carbonated Soft Drinks,Mass Retail,Eastern Cape,87,53.37,25.98,4643.19,2382.93,407.47,4235.72,79.1,0,B
2024Q4,Cappy,Juices & Nectars,Mass Retail,Gauteng,90,74.58,37.16,6712.2,3367.8,394.64,6317.56,77.8,1,B
2024Q2,Coca-Cola,Carbonated Soft Drinks,Mass Retail,KwaZulu-Natal,104,56.87,29.2,5914.48,2877.68,519.59,5394.89,73.3,1,D
2024Q3,Coca-Cola,Carbonated Soft Drinks,E-Commerce,North West,66,51.69,27.9,3411.54,1570.14,308.36,3103.18,46.9,1,C
2024Q3,Schweppes,Mixers,On-Trade,Gauteng,12,54.29,31.74,651.48,270.6,34.92,616.56,58.1,0,C
2024Q4,Schweppes,Mixers,Convenience,Gauteng,67,49.26,25.97,3300.42,1560.43,235.77,3064.65,90.7,0,B
2024Q2,Coca-Cola,Carbonated Soft Drinks,Mass Retail,Western Cape,39,52.8,29.56,2059.2,906.36,188.83,1870.37,74.5,0,A
2024Q3,Coca-Cola,Carbonated Soft Drinks,On-Trade,Gauteng,15,52.56,31.19,788.4,320.55,79.51,708.89,88.5,1,A
2024Q2,Bonaqua,Water,E-Commerce,Gauteng,15,37.02,20.4,555.3,249.3,28.16,527.14,65.4,1,C
2024Q1,Stoney,Carbonated Soft Drinks,E-Commerce,KwaZulu-Natal,68,54.75,32.83,3723.0,1490.56,155.74,3567.26,75.0,1,B
2024Q1,Fanta,Carbonated Soft Drinks,Convenience,Western Cape,40,48.05,28.01,1922.0,801.6,202.04,1719.96,70.1,0,B
2024Q1,Sprite,Carbonated Soft Drinks,On-Trade,KwaZulu-Natal,21,52.35,26.11,1099.35,551.04,114.12,985.23,57.1,1,B
2024Q1,Schweppes,Mixers,On-Trade,Eastern Cape,19,58.25,28.33,1106.75,568.48,53.72,1053.03,45.0,0,A
2024Q2,Schweppes,Mixers,Mass Retail,Eastern Cape,10,58.73,30.11,587.3,286.2,61.59,525.71,71.6,0,D
2024Q4,Schweppes,Mixers,Mass Retail,Gauteng,9,56.05,34.52,504.45,193.77,43.01,461.44,51.9,0,C
2024Q2,Coca-Cola,Carbonated Soft Drinks,Mass Retail,KwaZulu-Natal,13,49.3,30.11,640.9,249.47,70.8,570.1,55.6,0,B
2024Q1,Coca-Cola,Carbonated Soft Drinks,Convenience,Gauteng,18,54.77,30.83,985.86,430.92,94.63,891.23,79.7,0,B
2024Q1,Fanta,Carbonated Soft Drinks,Convenience,Mpumalanga,64,48.69,23.52,3116.16,1610.88,196.49,2919.67,47.6,0,B
2024Q4,Sprite,Carbonated Soft Drinks,Convenience,KwaZulu-Natal,27,55.67,32.29,1503.09,631.26,163.78,1339.31,80.0,1,B
2024Q3,Schweppes,Mixers,E-Commerce,Free State,46,60.4,32.19,2778.4,1297.66,184.18,2594.22,70.4,0,C
2024Q3,Coca-Cola,Carbonated Soft Drinks,Wholesale,Western Cape,23,50.93,30.61,1171.39,467.36,49.32,1122.07,93.3,0,D
2024Q1,Coca-Cola,Carbonated Soft Drinks,On-Trade,KwaZulu-Natal,13,52.13,31.61,677.69,266.76,67.76,609.93,94.0,0,A
2024Q1,Fanta,Carbonated Soft Drinks,Convenience,KwaZulu-Natal,20,46.27,25.36,925.4,418.2,81.97,843.43,94.1,0,C
2024Q4,Powerplay,Energy Drinks,Convenience,Gauteng,118,103.74,54.06,12241.32,5862.24,816.73,11424.59,46.4,0,B
2024Q1,Coca-Cola,Carbonated Soft Drinks,On-Trade,Western Cape,118,47.7,23.61,5628.6,2842.62,445.29,5183.31,68.5,1,A
2024Q2,Coca-Cola,Carbonated Soft Drinks,Mass Retail,Eastern Cape,15,49.14,27.28,737.1,327.9,69.05,668.05,83.4,0,D
2024Q3,Sprite,Carbonated Soft Drinks,On-Trade,Limpopo,30,53.42,31.43,1602.6,659.7,180.11,1422.49,76.9,1,B
2024Q2,Coca-Cola,Carbonated Soft Drinks,On-Trade,KwaZulu-Natal,18,51.31,30.01,923.58,383.4,41.64,881.94,54.8,0,B
2024Q4,Coca-Cola,Carbonated Soft Drinks,Convenience,Free State,5,48.11,26.21,240.55,109.5,23.35,217.2,64.6,0,C
2024Q2,Coca-Cola,Carbonated Soft Drinks,Mass Retail,Eastern Cape,14,46.39,26.25,649.46,281.96,51.46,598.0,83.3,0,B
2024Q1,Schweppes,Mixers,Convenience,Western Cape,27,63.6,34.9,1717.2,774.9,160.73,1556.47,56.7,0,B
2024Q3,Bonaqua,Water,Mass Retail,Gauteng,25,40.65,22.0,1016.25,466.25,89.34,926.91,96.3,0,A
2024Q4,Coca-Cola,Carbonated Soft Drinks,Wholesale,KwaZulu-Natal,34,44.47,21.7,1511.98,774.18,89.6,1422.38,86.1,1,C
2024Q4,Bonaqua,Water,Mass Retail,KwaZulu-Natal,49,42.29,25.42,2072.21,826.63,207.16,1865.05,51.4,0,A
2024Q2,Bonaqua,Water,Mass Retail,Western Cape,7,38.62,23.05,270.34,108.99,20.85,249.49,48.2,1,C
2024Q2,Powerplay,Energy Drinks,Mass Retail,Western Cape,45,106.13,60.56,4775.85,2050.65,405.14,4370.71,71.9,0,C
2024Q4,Sprite,Carbonated Soft Drinks,Convenience,Gauteng,43,62.36,38.12,2681.48,1042.32,316.81,2364.67,97.8,0,C
2024Q2,Cappy,Juices & Nectars,Mass Retail,Gauteng,29,70.49,42.32,2044.21,816.93,230.45,1813.76,92.9,0,C
2024Q2,Cappy,Juices & Nectars,Mass Retail,Limpopo,13,65.2,34.34,847.6,401.18,85.93,761.67,57.3,0,A
2024Q2,Powerplay,Energy Drinks,On-Trade,Northern Cape,164,119.43,72.97,19586.52,7619.44,1819.97,17766.55,86.7,0,B
2024Q2,Coca-Cola,Carbonated Soft Drinks,On-Trade,Western Cape,21,55.07,28.05,1156.47,567.42,131.96,1024.51,81.8,0,D
2024Q4,Coca-Cola,Carbonated Soft Drinks,Mass Retail,Western Cape,5,49.53,27.63,247.65,109.5,12.29,235.36,69.1,0,B
2024Q1,Schweppes,Mixers,Convenience,Gauteng,187,60.17,36.95,11251.79,4342.14,1037.12,10214.67,91.8,0,A
2024Q2,Fanta,Carbonated Soft Drinks,On-Trade,Western Cape,19,50.79,25.33,965.01,483.74,83.35,881.66,66.0,0,A
2024Q4,Coca-Cola,Carbonated Soft Drinks,Mass Retail,KwaZulu-Natal,74,52.5,32.35,3885.0,1491.1,201.29,3683.71,65.9,0,A
2024Q4,Bonaqua,Water,On-Trade,Gauteng,13,37.46,22.25,486.98,197.73,57.67,429.31,86.0,0,B
2024Q4,Coca-Cola,Carbonated Soft Drinks,Convenience,North West,118,42.41,23.1,5004.38,2278.58,401.51,4602.87,55.8,0,A
2024Q2,Powerplay,Energy Drinks,Convenience,Northern Cape,62,118.17,72.44,7326.54,2835.26,459.75,6866.79,49.3,0,B
2024Q2,Cappy,Juices & Nectars,E-Commerce,Eastern Cape,35,62.66,32.51,2193.1,1055.25,248.26,1944.84,68.9,0,A
2024Q4,Cappy,Juices & Nectars,E-Commerce,Limpopo,16,58.64,35.92,938.24,363.52,52.64,885.6,75.7,0,B
2024Q3,Sprite,Carbonated Soft Drinks,Convenience,KwaZulu-Natal,22,56.87,30.78,1251.14,573.98,120.0,1131.14,66.6,1,D
2024Q2,Sprite,Carbonated Soft Drinks,Mass Retail,Gauteng,33,63.73,30.69,2103.09,1090.32,187.2,1915.89,93.8,1,A
2024Q2,Bonaqua,Water,E-Commerce,Mpumalanga,115,42.4,20.77,4876.0,2487.45,203.86,4672.14,69.6,0,A
2024Q1,Coca-Cola,Carbonated Soft Drinks,Convenience,Gauteng,42,50.77,29.04,2132.34,912.66,141.96,1990.38,72.3,0,A
2024Q1,Coca-Cola,Carbonated Soft Drinks,Mass Retail,Gauteng,33,45.75,25.96,1509.75,653.07,77.06,1432.69,47.3,1,B
2024Q4,Coca-Cola,Carbonated Soft Drinks,Petrol & Travel,KwaZulu-Natal,21,51.12,30.29,1073.52,437.43,128.59,944.93,48.2,0,A
2024Q3,Schweppes,Mixers,E-Commerce,Gauteng,15,49.94,30.54,749.1,291.0,53.69,695.41,71.3,1,C
2024Q1,Schweppes,Mixers,Wholesale,Limpopo,41,52.8,32.73,2164.8,822.87,110.57,2054.23,67.5,0,A
2024Q4,Coca-Cola,Carbonated Soft Drinks,Mass Retail,Free State,30,51.35,25.8,1540.5,766.5,173.44,1367.06,54.6,1,B
2024Q1,Powerplay,Energy Drinks,E-Commerce,Western Cape,8,117.22,62.92,937.76,434.4,46.44,891.32,84.7,0,B
2024Q4,Fanta,Carbonated Soft Drinks,On-Trade,Free State,13,48.26,27.17,627.38,274.17,64.17,563.21,61.6,1,B
2024Q3,Cappy,Juices & Nectars,On-Trade,KwaZulu-Natal,56,61.24,37.88,3429.44,1308.16,140.85,3288.59,61.2,1,D
2024Q1,Coca-Cola,Carbonated Soft Drinks,Petrol & Travel,KwaZulu-Natal,16,45.05,27.43,720.8,281.92,33.48,687.32,86.2,0,B
2024Q4,Coca-Cola,Carbonated Soft Drinks,E-Commerce,Gauteng,34,57.74,28.03,1963.16,1010.14,227.13,1736.03,49.4,0,D
2024Q3,Sprite,Carbonated Soft Drinks,Wholesale,Gauteng,92,56.31,34.8,5180.52,1978.92,507.41,4673.11,59.8,0,B
2024Q1,Schweppes,Mixers,Mass Retail,North West,76,62.24,37.32,4730.24,1893.92,222.28,4507.96,50.7,0,B
2024Q1,Monster,Energy Drinks,Convenience,Gauteng,31,116.57,71.63,3613.67,1393.14,415.74,3197.93,92.9,0,A
2024Q4,Schweppes,Mixers,Mass Retail,North West,39,60.09,31.47,2343.51,1116.18,242.48,2101.03,70.9,1,B
2024Q3,Sprite,Carbonated Soft Drinks,Wholesale,Western Cape,25,58.85,34.01,1471.25,621.0,93.05,1378.2,71.5,0,D
2024Q3,Coca-Cola,Carbonated Soft Drinks,E-Commerce,Mpumalanga,34,48.83,29.7,1660.22,650.42,192.01,1468.21,57.3,1,C
2024Q4,Coca-Cola,Carbonated Soft Drinks,Mass Retail,North West,105,51.72,28.88,5430.6,2398.2,298.91,5131.69,70.8,0,B
2024Q2,Stoney,Carbonated Soft Drinks,Mass Retail,North West,107,63.37,33.4,6780.59,3206.79,373.47,6407.12,58.5,0,B
2024Q1,Schweppes,Mixers,Wholesale,Gauteng,43,49.26,28.53,2118.18,891.39,209.17,1909.01,53.7,0,B
2024Q3,Fanta,Carbonated Soft Drinks,On-Trade,Gauteng,37,47.99,25.61,1775.63,828.06,91.78,1683.85,47.4,1,A
2024Q2,Sprite,Carbonated Soft Drinks,E-Commerce,Eastern Cape,57,55.56,31.48,3166.92,1372.56,310.52,2856.4,60.0,0,D
2024Q1,Coca-Cola,Carbonated Soft Drinks,Mass Retail,KwaZulu-Natal,26,47.59,23.06,1237.34,637.78,70.94,1166.4,49.0,0,B
2024Q2,Fanta,Carbonated Soft Drinks,Mass Retail,Western Cape,24,54.29,32.38,1302.96,525.84,120.55,1182.41,72.0,1,B
2024Q3,Coca-Cola,Carbonated Soft Drinks,Mass Retail,Northern Cape,71,58.29,31.58,4138.59,1896.41,245.11,3893.48,67.8,0,C
2024Q4,Coca-Cola,Carbonated Soft Drinks,On-Trade,Eastern Cape,15,45.57,21.99,683.55,353.7,78.91,604.64,62.5,0,B
2024Q2,Sprite,Carbonated Soft Drinks,Petrol & Travel,Western Cape,34,59.34,33.19,2017.56,889.1,109.15,1908.41,71.4,0,C
2024Q1,Coca-Cola,Carbonated Soft Drinks,Mass Retail,North West,9,53.63,25.98,482.67,248.85,32.29,450.38,75.3,1,C
2024Q1,Sprite,Carbonated Soft Drinks,Mass Retail,Eastern Cape,49,65.96,38.9,3232.04,1325.94,136.75,3095.29,86.4,0,C
2024Q3,Schweppes,Mixers,Petrol & Travel,KwaZulu-Natal,44,56.88,28.58,2502.72,1245.2,208.49,2294.23,62.0,0,A
2024Q3,Stoney,Carbonated Soft Drinks,Petrol & Travel,Gauteng,16,60.19,34.46,963.04,411.68,87.4,875.64,85.8,1,A
2024Q1,Sprite,Carbonated Soft Drinks,Mass Retail,Gauteng,72,49.48,24.7,3562.56,1784.16,335.62,3226.94,48.1,0,B
2024Q1,Sprite,Carbonated Soft Drinks,Mass Retail,Western Cape,46,57.81,32.97,2659.26,1142.64,291.55,2367.71,82.6,0,C
2024Q3,Cappy,Juices & Nectars,Mass Retail,Free State,9,75.93,46.04,683.37,269.01,43.5,639.87,45.5,1,B
2024Q1,Cappy,Juices & Nectars,Convenience,Western Cape,25,63.1,37.58,1577.5,638.0,145.32,1432.18,54.0,0,D
2024Q1,Coca-Cola,Carbonated Soft Drinks,Convenience,Western Cape,595,57.01,30.25,33920.95,15922.2,3703.13,30217.82,61.9,1,B
2024Q3,Fanta,Carbonated Soft Drinks,Wholesale,Free State,78,46.08,26.36,3594.24,1538.16,197.83,3396.41,50.9,0,B
2024Q2,Coca-Cola,Carbonated Soft Drinks,Convenience,Northern Cape,13,58.01,34.69,754.13,303.16,89.18,664.95,55.9,0,B
2024Q1,Cappy,Juices & Nectars,Convenience,Gauteng,11,64.93,38.0,714.23,296.23,74.89,639.34,50.9,1,C
2024Q1,Fanta,Carbonated Soft Drinks,Convenience,Gauteng,81,44.08,26.05,3570.48,1460.43,298.8,3271.68,75.8,0,A
2024Q3,Sprite,Carbonated Soft Drinks,E-Commerce,KwaZulu-Natal,216,58.07,32.07,12543.12,5616.0,1385.22,11157.9,57.5,1,B
2024Q1,Stoney,Carbonated Soft Drinks,Mass Retail,Western Cape,38,58.65,31.53,2228.7,1030.56,151.18,2077.52,97.0,0,A
2024Q4,Coca-Cola,Carbonated Soft Drinks,On-Trade,Western Cape,25,55.05,26.52,1376.25,713.25,98.13,1278.12,72.0,1,B
2024Q2,Sprite,Carbonated Soft Drinks,On-Trade,Limpopo,95,56.06,29.87,5325.7,2488.05,363.27,4962.43,63.0,0,B
2024Q4,Sprite,Carbonated Soft Drinks,Mass Retail,North West,31,52.66,27.23,1632.46,788.33,182.03,1450.43,50.1,0,B
2024Q1,Monster,Energy Drinks,Convenience,Western Cape,69,109.17,55.7,7532.73,3689.43,689.94,6842.79,52.1,0,C
2024Q4,Monster,Energy Drinks,Convenience,Western Cape,132,122.49,66.23,16168.68,7426.32,1089.49,15079.19,56.3,0,D
2024Q1,Coca-Cola,Carbonated Soft Drinks,Mass Retail,Northern Cape,29,53.8,32.48,1560.2,618.28,80.98,1479.22,94.6,0,B
2024Q3,Schweppes,Mixers,Convenience,Eastern Cape,19,47.04,27.31,893.76,374.87,87.21,806.55,70.4,0,C
2024Q2,Coca-Cola,Carbonated Soft Drinks,Mass Retail,Limpopo,60,43.83,24.46,2629.8,1162.2,254.54,2375.26,83.0,1,C
2024Q3,Sprite,Carbonated Soft Drinks,Mass Retail,Western Cape,21,56.7,33.01,1190.7,497.49,97.84,1092.86,68.2,0,B
2024Q1,Coca-Cola,Carbonated Soft Drinks,E-Commerce,Gauteng,77,53.5,28.53,4119.5,1922.69,250.06,3869.44,72.5,0,A
2024Q2,Schweppes,Mixers,Mass Retail,Northern Cape,73,56.37,31.19,4115.01,1838.14,176.39,3938.62,56.8,0,A
2024Q1,Coca-Cola,Carbonated Soft Drinks,On-Trade,Western Cape,14,54.97,33.9,769.58,294.98,50.4,719.18,73.2,1,B
2024Q4,Bonaqua,Water,Convenience,Gauteng,39,41.4,21.0,1614.6,795.6,185.13,1429.47,61.7,0,C
2024Q2,Bonaqua,Water,Mass Retail,Western Cape,52,42.83,26.06,2227.16,872.04,243.08,1984.08,97.7,1,D
2024Q3,Powerplay,Energy Drinks,Mass Retail,Eastern Cape,72,96.21,56.05,6927.12,2891.52,573.35,6353.77,48.9,0,B
2024Q2,Coca-Cola,Carbonated Soft Drinks,On-Trade,Western Cape,30,54.03,27.63,1620.9,792.0,67.34,1553.56,57.6,0,B
2024Q4,Sprite,Carbonated Soft Drinks,E-Commerce,Free State,143,57.58,29.87,8233.94,3962.53,704.76,7529.18,82.9,0,A
2024Q4,Sprite,Carbonated Soft Drinks,Mass Retail,KwaZulu-Natal,121,53.99,28.2,6532.79,3120.59,372.65,6160.14,54.9,0,D
2024Q4,Sprite,Carbonated Soft Drinks,Petrol & Travel,Gauteng,92,61.25,30.03,5635.0,2872.24,354.97,5280.03,75.2,0,A
2024Q4,Fanta,Carbonated Soft Drinks,Mass Retail,Western Cape,124,47.49,22.86,5888.76,3054.12,365.76,5523.0,52.5,1,A
2024Q1,Powerplay,Energy Drinks,Convenience,Gauteng,30,112.24,62.16,3367.2,1502.4,332.36,3034.84,47.5,1,B
2024Q1,Coca-Cola,Carbonated Soft Drinks,Convenience,Western Cape,38,52.77,28.08,2005.26,938.22,140.35,1864.91,85.1,0,B
2024Q4,Coca-Cola,Carbonated Soft Drinks,Convenience,KwaZulu-Natal,25,49.82,26.62,1245.5,580.0,55.02,1190.48,70.4,0,B
2024Q2,Coca-Cola,Carbonated Soft Drinks,Convenience,Gauteng,17,52.13,28.23,886.21,406.3,85.71,800.5,48.1,1,B
2024Q2,Fanta,Carbonated Soft Drinks,Petrol & Travel,Gauteng,12,48.04,29.35,576.48,224.28,49.87,526.61,60.2,0,B
2024Q3,Coca-Cola,Carbonated Soft Drinks,Mass Retail,KwaZulu-Natal,15,50.68,26.01,760.2,370.05,69.5,690.7,47.7,1,A
2024Q4,Coca-Cola,Carbonated Soft Drinks,Wholesale,Eastern Cape,20,49.56,28.53,991.2,420.6,105.13,886.07,82.9,0,C
2024Q2,Sprite,Carbonated Soft Drinks,Wholesale,KwaZulu-Natal,25,50.11,26.67,1252.75,586.0,92.01,1160.74,55.9,1,D
2024Q1,Coca-Cola,Carbonated Soft Drinks,On-Trade,Western Cape,62,52.09,27.86,3229.58,1502.26,140.38,3089.2,82.4,0,A
2024Q4,Bonaqua,Water,Mass Retail,Free State,17,36.71,21.34,624.07,261.29,65.84,558.23,76.2,0,D
2024Q2,Schweppes,Mixers,Mass Retail,Gauteng,18,55.62,33.97,1001.16,389.7,91.16,910.0,46.4,0,A
2024Q3,Coca-Cola,Carbonated Soft Drinks,On-Trade,KwaZulu-Natal,47,51.82,30.82,2435.54,987.0,130.8,2304.74,83.2,0,D
2024Q1,Coca-Cola,Carbonated Soft Drinks,Mass Retail,KwaZulu-Natal,52,48.18,26.82,2505.36,1110.72,106.3,2399.06,79.3,0,C
2024Q2,Fanta,Carbonated Soft Drinks,Mass Retail,Western Cape,24,46.31,26.03,1111.44,486.72,56.8,1054.64,90.2,1,B
2024Q4,Monster,Energy Drinks,Mass Retail,Western Cape,209,115.93,62.2,24229.37,11229.57,1528.71,22700.66,87.9,1,A
2024Q1,Coca-Cola,Carbonated Soft Drinks,E-Commerce,Western Cape,20,48.6,28.91,972.0,393.8,51.55,920.45,86.4,0,B
2024Q1,Sprite,Carbonated Soft Drinks,Mass Retail,Western Cape,50,46.71,25.33,2335.5,1069.0,117.41,2218.09,93.1,0,A
2024Q2,Cappy,Juices & Nectars,Mass Retail,Western Cape,34,67.13,32.97,2282.42,1161.44,129.14,2153.28,52.7,0,B
2024Q2,Sprite,Carbonated Soft Drinks,Convenience,Gauteng,35,60.36,29.85,2112.6,1067.85,107.42,2005.18,88.1,0,C
2024Q3,Powerplay,Energy Drinks,Convenience,Gauteng,30,108.21,64.48,3246.3,1311.9,257.5,2988.8,79.0,0,C
2024Q3,Coca-Cola,Carbonated Soft Drinks,Convenience,Gauteng,12,49.3,28.98,591.6,243.84,56.58,535.02,64.1,0,D
2024Q1,Stoney,Carbonated Soft Drinks,Mass Retail,Gauteng,41,70.85,38.32,2904.85,1333.73,308.5,2596.35,71.7,0,B
2024Q4,Cappy,Juices & Nectars,Mass Retail,Gauteng,44,64.81,36.34,2851.64,1252.68,135.16,2716.48,79.4,0,B
2024Q2,Sprite,Carbonated Soft Drinks,Mass Retail,Gauteng,111,58.28,28.44,6469.08,3312.24,548.71,5920.37,85.0,0,A
2024Q4,Coca-Cola,Carbonated Soft Drinks,Convenience,Gauteng,66,52.87,26.84,3489.42,1717.98,167.0,3322.42,81.6,0,D
2024Q3,Cappy,Juices & Nectars,Convenience,Gauteng,45,72.1,43.02,3244.5,1308.6,311.64,2932.86,49.6,0,C
2024Q4,Powerade,Sports Drinks,Convenience,Gauteng,21,63.83,34.17,1340.43,622.86,87.35,1253.08,62.0,1,A
2024Q4,Bonaqua,Water,Mass Retail,KwaZulu-Natal,115,39.88,23.96,4586.2,1830.8,484.46,4101.74,67.1,0,B
2024Q2,Cappy,Juices & Nectars,Mass Retail,KwaZulu-Natal,27,66.29,38.09,1789.83,761.4,164.49,1625.34,87.5,0,B
2024Q3,Sprite,Carbonated Soft Drinks,Mass Retail,Gauteng,38,54.61,31.01,2075.18,896.8,217.08,1858.1,86.0,0,C
2024Q4,Sprite,Carbonated Soft Drinks,On-Trade,KwaZulu-Natal,28,53.9,29.34,1509.2,687.68,169.85,1339.35,91.2,0,B
2024Q2,Coca-Cola,Carbonated Soft Drinks,On-Trade,Gauteng,17,53.62,31.75,911.54,371.79,103.16,808.38,63.8,0,D
2024Q1,Powerade,Sports Drinks,On-Trade,Free State,47,62.95,30.41,2958.65,1529.38,154.03,2804.62,82.6,0,B
2024Q2,Coca-Cola,Carbonated Soft Drinks,Mass Retail,KwaZulu-Natal,24,61.22,35.17,1469.28,625.2,149.73,1319.55,96.2,0,A
2024Q2,Fanta,Carbonated Soft Drinks,Convenience,Gauteng,55,53.98,30.25,2968.9,1305.15,147.4,2821.5,53.8,0,C
2024Q2,Coca-Cola,Carbonated Soft Drinks,On-Trade,KwaZulu-Natal,48,57.15,30.94,2743.2,1258.08,115.44,2627.76,62.3,0,C
2024Q3,Coca-Cola,Carbonated Soft Drinks,On-Trade,Limpopo,61,51.92,25.71,3167.12,1598.81,258.15,2908.97,64.5,0,B
2024Q2,Coca-Cola,Carbonated Soft Drinks,On-Trade,Gauteng,28,56.59,35.08,1584.52,602.28,128.54,1455.98,53.9,0,C
2024Q4,Cappy,Juices & Nectars,Wholesale,Mpumalanga,54,60.15,36.77,3248.1,1262.52,334.22,2913.88,59.5,0,B
2024Q4,Monster,Energy Drinks,On-Trade,Gauteng,28,108.0,53.24,3024.0,1533.28,241.79,2782.21,82.5,0,B
2024Q3,Coca-Cola,Carbonated Soft Drinks,Wholesale,Gauteng,28,50.03,26.03,1400.84,672.0,67.72,1333.12,64.2,0,C
2024Q1,Coca-Cola,Carbonated Soft Drinks,Mass Retail,Gauteng,65,53.28,28.97,3463.2,1580.15,345.4,3117.8,52.7,0,B
2024Q2,Powerade,Sports Drinks,Mass Retail,KwaZulu-Natal,24,65.23,32.28,1565.52,790.8,101.41,1464.11,74.3,0,C
2024Q3,Coca-Cola,Carbonated Soft Drinks,Mass Retail,Gauteng,22,57.23,32.08,1259.06,553.3,113.14,1145.92,88.6,0,B
2024Q1,Coca-Cola,Carbonated Soft Drinks,On-Trade,Gauteng,146,55.19,32.25,8057.74,3349.24,408.14,7649.6,55.6,0,C
2024Q3,Sprite,Carbonated Soft Drinks,E-Commerce,Limpopo,26,60.24,37.18,1566.24,599.56,89.72,1476.52,67.1,0,C
2024Q4,Stoney,Carbonated Soft Drinks,Mass Retail,Western Cape,28,61.35,33.49,1717.8,780.08,94.44,1623.36,72.6,0,B
2024Q2,Fanta,Carbonated Soft Drinks,On-Trade,Gauteng,70,47.67,28.96,3336.9,1309.7,152.95,3183.95,85.1,1,A
2024Q2,Coca-Cola,Carbonated Soft Drinks,E-Commerce,Eastern Cape,44,47.09,27.25,2071.96,872.96,148.31,1923.65,47.1,0,A
2024Q2,Coca-Cola,Carbonated Soft Drinks,E-Commerce,Western Cape,15,55.91,30.73,838.65,377.7,35.41,803.24,63.0,0,D
2024Q1,Sprite,Carbonated Soft Drinks,Convenience,Gauteng,10,55.75,32.82,557.5,229.3,35.63,521.87,75.8,1,B
2024Q4,Stoney,Carbonated Soft Drinks,On-Trade,Gauteng,11,57.98,32.97,637.78,275.11,47.23,590.55,45.9,1,B
2024Q4,Coca-Cola,Carbonated Soft Drinks,Convenience,Mpumalanga,11,51.51,28.94,566.61,248.27,41.17,525.44,79.7,0,A
2024Q1,Fanta,Carbonated Soft Drinks,Mass Retail,Western Cape,107,50.63,29.64,5417.41,2245.93,616.19,4801.22,56.3,0,B
2024Q2,Coca-Cola,Carbonated Soft Drinks,On-Trade,Eastern Cape,27,55.4,29.03,1495.8,711.99,173.76,1322.04,78.3,0,B
2024Q3,Coca-Cola,Carbonated Soft Drinks,E-Commerce,KwaZulu-Natal,19,56.13,28.33,1066.47,528.2,89.07,977.4,75.0,0,C
2024Q4,Coca-Cola,Carbonated Soft Drinks,Convenience,Gauteng,96,51.26,26.84,4920.96,2344.32,423.35,4497.61,56.0,0,B
2024Q4,Cappy,Juices & Nectars,Convenience,Western Cape,24,69.38,41.17,1665.12,677.04,104.29,1560.83,46.8,1,A
2024Q2,Fanta,Carbonated Soft Drinks,Mass Retail,Mpumalanga,16,53.59,30.63,857.44,367.36,82.26,775.18,63.3,0,A
2024Q3,Coca-Cola,Carbonated Soft Drinks,On-Trade,Gauteng,52,51.5,27.03,2678.0,1272.44,146.4,2531.6,64.4,0,B
2024Q3,Cappy,Juices & Nectars,Wholesale,Limpopo,48,68.03,41.05,3265.44,1295.04,205.94,3059.5,69.1,0,D
2024Q3,Stoney,Carbonated Soft Drinks,Mass Retail,Western Cape,27,62.63,33.96,1691.01,774.09,189.32,1501.69,64.0,0,B
2024Q2,Schweppes,Mixers,Mass Retail,Western Cape,17,52.11,27.59,885.87,416.84,100.12,785.75,97.9,0,D
2024Q3,Stoney,Carbonated Soft Drinks,On-Trade,Western Cape,26,59.62,34.44,1550.12,654.68,110.29,1439.83,78.5,0,C
2024Q4,Fanta,Carbonated Soft Drinks,Mass Retail,KwaZulu-Natal,57,49.93,24.13,2846.01,1470.6,275.98,2570.03,66.7,0,A
2024Q1,Cappy,Juices & Nectars,Wholesale,Free State,16,63.64,32.03,1018.24,505.76,100.07,918.17,57.7,0,C
2024Q4,Fanta,Carbonated Soft Drinks,E-Commerce,Gauteng,48,43.97,25.54,2110.56,884.64,140.32,1970.24,77.0,0,C
2024Q2,Sprite,Carbonated Soft Drinks,Mass Retail,Gauteng,41,53.02,27.85,2173.82,1031.97,108.28,2065.54,73.9,1,D
2024Q2,Coca-Cola,Carbonated Soft Drinks,Convenience,Gauteng,34,48.14,27.08,1636.76,716.04,161.04,1475.72,58.7,0,C
2024Q1,Fanta,Carbonated Soft Drinks,Wholesale,Western Cape,33,52.56,30.83,1734.48,717.09,142.21,1592.27,48.7,0,C
2024Q3,Bonaqua,Water,Mass Retail,Gauteng,55,36.3,18.87,1996.5,958.65,184.2,1812.3,56.2,0,A
2024Q4,Coca-Cola,Carbonated Soft Drinks,On-Trade,Gauteng,48,55.8,27.31,2678.4,1367.52,151.83,2526.57,90.5,1,B
2024Q2,Stoney,Carbonated Soft Drinks,Wholesale,Gauteng,37,53.94,27.96,1995.78,961.26,115.29,1880.49,75.5,0,C
2024Q4,Powerade,Sports Drinks,On-Trade,Gauteng,36,61.3,32.75,2206.8,1027.8,217.95,1988.85,50.4,0,B
2024Q4,Cappy,Juices & Nectars,Wholesale,Gauteng,6,59.56,30.53,357.36,174.18,15.16,342.2,89.9,0,C
2024Q2,Cappy,Juices & Nectars,On-Trade,Gauteng,43,67.61,37.8,2907.23,1281.83,208.66,2698.57,59.2,0,D
2024Q4,Coca-Cola,Carbonated Soft Drinks,Convenience,KwaZulu-Natal,81,57.21,30.87,4634.01,2133.54,498.64,4135.37,82.8,0,A
2024Q4,Schweppes,Mixers,Petrol & Travel,Gauteng,11,66.27,31.87,728.97,378.4,76.26,652.71,51.5,0,B
2024Q3,Sprite,Carbonated Soft Drinks,Mass Retail,Eastern Cape,12,49.71,27.18,596.52,270.36,71.44,525.08,66.6,1,B
2024Q3,Sprite,Carbonated Soft Drinks,Mass Retail,Eastern Cape,11,57.98,28.69,637.78,322.19,28.07,609.71,46.2,0,B
2024Q4,Cappy,Juices & Nectars,Mass Retail,Western Cape,11,65.25,38.48,717.75,294.47,36.13,681.62,93.5,0,B
2024Q2,Fanta,Carbonated Soft Drinks,E-Commerce,Gauteng,22,42.6,22.14,937.2,450.12,92.1,845.1,70.7,1,D
2024Q2,Monster,Energy Drinks,Wholesale,Western Cape,42,106.41,54.61,4469.22,2175.6,228.04,4241.18,71.5,0,B
2024Q2,Coca-Cola,Carbonated Soft Drinks,E-Commerce,Gauteng,15,48.04,28.67,720.6,290.55,37.35,683.25,77.7,0,B
2024Q3,Sprite,Carbonated Soft Drinks,Mass Retail,Gauteng,16,53.49,32.78,855.84,331.36,101.74,754.1,57.5,0,B
2024Q3,Coca-Cola,Carbonated Soft Drinks,Convenience,Western Cape,22,54.51,27.6,1199.22,592.02,49.04,1150.18,66.8,0,B
2024Q3,Schweppes,Mixers,Convenience,Western Cape,23,51.27,30.21,1179.21,484.38,104.89,1074.32,72.2,0,C
2024Q2,Sprite,Carbonated Soft Drinks,Convenience,Gauteng,31,51.3,31.75,1590.3,606.05,74.86,1515.44,72.5,0,B
2024Q4,Sprite,Carbonated Soft Drinks,Mass Retail,Gauteng,217,61.0,34.21,13237.0,5813.43,1431.94,11805.06,65.7,0,B
2024Q2,Cappy,Juices & Nectars,Convenience,Western Cape,60,63.76,32.98,3825.6,1846.8,156.33,3669.27,53.2,0,B
2024Q3,Coca-Cola,Carbonated Soft Drinks,Mass Retail,Western Cape,18,50.68,25.17,912.24,459.18,59.14,853.1,47.0,0,B
2024Q3,Coca-Cola,Carbonated Soft Drinks,Wholesale,Limpopo,35,45.83,22.9,1604.05,802.55,119.32,1484.73,76.7,1,A
2024Q1,Fanta,Carbonated Soft Drinks,On-Trade,North West,9,46.75,24.01,420.75,204.66,37.18,383.57,76.2,0,A
2024Q4,Monster,Energy Drinks,Mass Retail,Western Cape,22,104.13,53.04,2290.86,1123.98,190.69,2100.17,69.4,0,A
2024Q1,Cappy,Juices & Nectars,E-Commerce,Free State,29,67.36,41.53,1953.44,749.07,96.35,1857.09,86.0,0,C
2024Q1,Sprite,Carbonated Soft Drinks,Petrol & Travel,Western Cape,10,50.33,31.16,503.3,191.7,59.81,443.49,55.1,0,C
2024Q2,Coca-Cola,Carbonated Soft Drinks,Wholesale,Gauteng,12,52.54,26.45,630.48,313.08,75.12,555.36,69.0,1,B
2024Q3,Sprite,Carbonated Soft Drinks,Mass Retail,Eastern Cape,18,51.55,28.43,927.9,416.16,62.02,865.88,69.1,1,C
2024Q3,Fanta,Carbonated Soft Drinks,E-Commerce,Gauteng,21,49.22,29.76,1033.62,408.66,57.78,975.84,85.1,0,C
2024Q4,Coca-Cola,Carbonated Soft Drinks,On-Trade,Gauteng,7,51.08,29.5,357.56,151.06,38.46,319.1,60.2,1,B
2024Q4,Cappy,Juices & Nectars,Convenience,Western Cape,14,70.06,39.9,980.84,422.24,46.64,934.2,77.9,0,A
2024Q1,Coca-Cola,Carbonated Soft Drinks,Petrol & Travel,KwaZulu-Natal,42,48.65,26.39,2043.3,934.92,117.22,1926.08,63.7,0,A
2024Q3,Sprite,Carbonated Soft Drinks,Mass Retail,Gauteng,18,56.69,33.74,1020.42,413.1,67.15,953.27,76.6,1,D
2024Q4,Sprite,Carbonated Soft Drinks,Convenience,Eastern Cape,68,59.61,33.22,4053.48,1794.52,240.27,3813.21,58.4,0,B
2024Q4,Fanta,Carbonated Soft Drinks,Petrol & Travel,KwaZulu-Natal,23,46.42,26.73,1067.66,452.87,113.67,953.99,62.6,1,B
2024Q3,Bonaqua,Water,On-Trade,KwaZulu-Natal,24,40.16,23.18,963.84,407.52,99.01,864.83,46.0,0,B
2024Q4,Schweppes,Mixers,Convenience,Gauteng,8,63.26,37.01,506.08,210.0,37.58,468.5,80.9,0,A
2024Q1,Stoney,Carbonated Soft Drinks,Mass Retail,Gauteng,53,52.83,30.81,2799.99,1167.06,330.15,2469.84,65.1,1,C
2024Q2,Powerade,Sports Drinks,Convenience,Western Cape,16,65.39,39.04,1046.24,421.6,115.53,930.71,71.6,1,B
2024Q2,Coca-Cola,Carbonated Soft Drinks,E-Commerce,Gauteng,40,47.84,26.35,1913.6,859.6,182.91,1730.69,61.2,0,C
2024Q4,Coca-Cola,Carbonated Soft Drinks,Mass Retail,KwaZulu-Natal,34,50.94,27.47,1731.96,797.98,196.72,1535.24,79.0,0,C
2024Q3,Sprite,Carbonated Soft Drinks,Convenience,Western Cape,46,54.24,26.16,2495.04,1291.68,165.05,2329.99,95.0,0,D
2024Q4,Coca-Cola,Carbonated Soft Drinks,Mass Retail,Western Cape,10,52.68,31.43,526.8,212.5,29.68,497.12,58.2,1,C
2024Q2,Powerade,Sports Drinks,On-Trade,Eastern Cape,125,74.07,45.45,9258.75,3577.5,541.14,8717.61,45.3,0,A
2024Q3,Fanta,Carbonated Soft Drinks,On-Trade,Free State,2,54.68,26.72,109.36,55.92,8.35,101.01,60.2,1,C
2024Q3,Fanta,Carbonated Soft Drinks,Convenience,Western Cape,19,45.53,24.11,865.07,406.98,55.97,809.1,96.9,0,A
2024Q2,Sprite,Carbonated Soft Drinks,Mass Retail,Eastern Cape,42,55.59,34.4,2334.78,889.98,159.87,2174.91,68.6,0,D
2024Q4,Sprite,Carbonated Soft Drinks,E-Commerce,Western Cape,11,57.56,33.18,633.16,268.18,35.75,597.41,63.0,1,C
2024Q4,Cappy,Juices & Nectars,Mass Retail,Western Cape,24,70.47,34.68,1691.28,858.96,79.42,1611.86,74.5,0,B
2024Q2,Fanta,Carbonated Soft Drinks,Mass Retail,Northern Cape,149,42.69,22.25,6360.81,3045.56,408.38,5952.43,67.5,0,C
2024Q1,Sprite,Carbonated Soft Drinks,Mass Retail,KwaZulu-Natal,57,52.75,31.48,3006.75,1212.39,147.1,2859.65,96.6,0,B
2024Q1,Powerade,Sports Drinks,Convenience,Mpumalanga,25,58.14,30.33,1453.5,695.25,75.58,1377.92,60.4,0,B
2024Q4,Fanta,Carbonated Soft Drinks,Mass Retail,Gauteng,23,54.4,28.76,1251.2,589.72,96.89,1154.31,79.2,0,C
2024Q1,Cappy,Juices & Nectars,On-Trade,Western Cape,66,57.53,30.75,3796.98,1767.48,369.49,3427.49,53.7,1,D
2024Q2,Bonaqua,Water,Mass Retail,Western Cape,70,39.81,22.3,2786.7,1225.7,326.69,2460.01,50.5,0,A
2024Q1,Sprite,Carbonated Soft Drinks,Convenience,Western Cape,141,48.89,29.02,6893.49,2801.67,739.78,6153.71,80.5,0,D
2024Q1,Powerplay,Energy Drinks,Mass Retail,KwaZulu-Natal,29,113.07,67.46,3279.03,1322.69,372.89,2906.14,71.1,0,A
2024Q3,Cappy,Juices & Nectars,E-Commerce,Western Cape,14,64.8,36.42,907.2,397.32,50.55,856.65,69.3,0,C
2024Q3,Stoney,Carbonated Soft Drinks,On-Trade,Western Cape,9,64.54,34.76,580.86,268.02,42.09,538.77,49.6,1,C
2024Q1,Powerade,Sports Drinks,On-Trade,KwaZulu-Natal,28,68.79,37.12,1926.12,886.76,226.81,1699.31,88.8,1,B
2024Q1,Sprite,Carbonated Soft Drinks,Convenience,Gauteng,135,55.66,32.16,7514.1,3172.5,757.93,6756.17,69.2,1,D
2024Q1,Powerplay,Energy Drinks,Convenience,KwaZulu-Natal,181,104.09,58.83,18840.29,8192.06,859.9,17980.39,48.4,0,C
2024Q1,Cappy,Juices & Nectars,Convenience,Gauteng,22,62.61,36.78,1377.42,568.26,100.24,1277.18,54.6,0,B
2024Q4,Fanta,Carbonated Soft Drinks,On-Trade,Gauteng,9,58.88,35.84,529.92,207.36,33.27,496.65,80.1,1,A
2024Q4,Cappy,Juices & Nectars,Mass Retail,Gauteng,106,63.37,32.41,6717.22,3281.76,585.62,6131.6,53.1,1,B
2024Q4,Fanta,Carbonated Soft Drinks,Wholesale,North West,167,51.12,25.35,8537.04,4303.59,968.29,7568.75,57.0,1,B
2024Q2,Coca-Cola,Carbonated Soft Drinks,On-Trade,KwaZulu-Natal,22,50.11,24.69,1102.42,559.24,114.46,987.96,71.3,0,A
2024Q3,Schweppes,Mixers,On-Trade,Gauteng,29,59.58,29.99,1727.82,858.11,106.99,1620.83,57.7,0,C
2024Q4,Fanta,Carbonated Soft Drinks,E-Commerce,Gauteng,37,42.59,24.43,1575.83,671.92,161.02,1414.81,82.6,1,C
2024Q1,Cappy,Juices & Nectars,Mass Retail,Eastern Cape,36,61.46,31.21,2212.56,1089.0,103.54,2109.02,72.9,0,B
2024Q1,Sprite,Carbonated Soft Drinks,Wholesale,Western Cape,17,60.22,37.16,1023.74,392.02,103.07,920.67,48.1,0,C
2024Q2,Coca-Cola,Carbonated Soft Drinks,On-Trade,Gauteng,139,54.42,29.91,7564.38,3406.89,595.13,6969.25,64.5,1,B
2024Q2,Coca-Cola,Carbonated Soft Drinks,On-Trade,Mpumalanga,29,53.5,26.16,1551.5,792.86,82.82,1468.68,90.4,0,B
2024Q3,Stoney,Carbonated Soft Drinks,On-Trade,Free State,55,62.41,37.15,3432.55,1389.3,288.5,3144.05,54.4,1,B
2024Q1,Sprite,Carbonated Soft Drinks,Mass Retail,KwaZulu-Natal,7,60.05,33.52,420.35,185.71,33.58,386.77,76.9,1,B
2024Q2,Coca-Cola,Carbonated Soft Drinks,Convenience,Western Cape,51,47.44,26.4,2419.44,1073.04,286.81,2132.63,89.3,0,D
2024Q4,Coca-Cola,Carbonated Soft Drinks,Convenience,Western Cape,16,53.17,28.4,850.72,396.32,83.98,766.74,78.0,0,B
2024Q2,Cappy,Juices & Nectars,E-Commerce,Free State,48,64.15,33.25,3079.2,1483.2,325.28,2753.92,77.4,0,A
2024Q3,Coca-Cola,Carbonated Soft Drinks,On-Trade,KwaZulu-Natal,13,62.23,35.51,808.99,347.36,62.53,746.46,79.1,0,B
2024Q4,Powerplay,Energy Drinks,Convenience,KwaZulu-Natal,49,115.74,60.9,5671.26,2687.16,603.72,5067.54,70.8,1,B
2024Q3,Schweppes,Mixers,E-Commerce,Western Cape,39,55.17,33.16,2151.63,858.39,225.05,1926.58,79.7,1,B
2024Q1,Coca-Cola,Carbonated Soft Drinks,Petrol & Travel,Western Cape,26,49.11,29.45,1276.86,511.16,149.31,1127.55,57.8,0,D
2024Q1,Coca-Cola,Carbonated Soft Drinks,Mass Retail,Western Cape,22,52.32,29.09,1151.04,511.06,120.26,1030.78,59.6,0,C
2024Q3,Stoney,Carbonated Soft Drinks,E-Commerce,North West,31,59.43,29.86,1842.33,916.67,197.06,1645.27,67.1,0,C
2024Q3,Coca-Cola,Carbonated Soft Drinks,Convenience,Western Cape,8,63.44,37.62,507.52,206.56,37.5,470.02,87.5,1,B
2024Q1,Sprite,Carbonated Soft Drinks,Wholesale,Western Cape,101,59.56,36.09,6015.56,2370.47,348.58,5666.98,77.0,0,C
2024Q4,Fanta,Carbonated Soft Drinks,Convenience,Limpopo,16,49.03,24.46,784.48,393.12,83.91,700.57,84.7,0,B
2024Q3,Powerplay,Energy Drinks,Mass Retail,KwaZulu-Natal,70,111.26,66.47,7788.2,3135.3,543.79,7244.41,84.5,0,C
2024Q3,Schweppes,Mixers,Convenience,Western Cape,36,62.98,36.97,2267.28,936.36,104.94,2162.34,76.3,0,B
2024Q2,Sprite,Carbonated Soft Drinks,E-Commerce,Gauteng,115,59.26,36.06,6814.9,2668.0,700.94,6113.96,56.6,0,C
2024Q1,Sprite,Carbonated Soft Drinks,Wholesale,North West,41,51.33,30.98,2104.53,834.35,101.21,2003.32,90.0,0,A
2024Q2,Coca-Cola,Carbonated Soft Drinks,Mass Retail,Gauteng,6,52.18,28.01,313.08,145.02,36.78,276.3,55.7,0,C
2024Q4,Fanta,Carbonated Soft Drinks,Mass Retail,Gauteng,17,54.19,33.49,921.23,351.9,73.76,847.47,72.4,1,B
2024Q2,Stoney,Carbonated Soft Drinks,Mass Retail,Mpumalanga,5,63.7,34.28,318.5,147.1,29.13,289.37,80.1,1,C
2024Q2,Coca-Cola,Carbonated Soft Drinks,Convenience,North West,107,52.01,28.19,5565.07,2548.74,296.42,5268.65,61.6,1,C
2024Q3,Coca-Cola,Carbonated Soft Drinks,E-Commerce,Western Cape,25,48.15,26.76,1203.75,534.75,55.16,1148.59,77.0,0,D
2024Q2,Schweppes,Mixers,On-Trade,Northern Cape,39,50.81,25.66,1981.59,980.85,211.44,1770.15,86.2,0,A
2024Q3,Coca-Cola,Carbonated Soft Drinks,Convenience,Northern Cape,21,54.58,31.77,1146.18,479.01,78.42,1067.76,80.3,1,A
2024Q4,Sprite,Carbonated Soft Drinks,E-Commerce,Western Cape,28,50.87,26.49,1424.36,682.64,148.92,1275.44,70.1,0,C
2024Q3,Coca-Cola,Carbonated Soft Drinks,Convenience,Gauteng,16,57.75,30.58,924.0,434.72,92.91,831.09,86.3,1,C
2024Q1,Monster,Energy Drinks,On-Trade,Western Cape,24,107.0,56.63,2568.0,1208.88,162.6,2405.4,80.4,0,B
2024Q1,Schweppes,Mixers,Convenience,Gauteng,41,51.21,27.22,2099.61,983.59,168.94,1930.67,77.9,0,D
2024Q1,Sprite,Carbonated Soft Drinks,E-Commerce,Mpumalanga,11,62.53,31.44,687.83,341.99,33.96,653.87,74.6,0,B
2024Q2,Sprite,Carbonated Soft Drinks,Mass Retail,North West,51,49.88,25.65,2543.88,1235.73,202.31,2341.57,70.6,0,A
2024Q3,Schweppes,Mixers,Convenience,KwaZulu-Natal,20,60.29,36.57,1205.8,474.4,124.57,1081.23,62.7,1,C
2024Q3,Coca-Cola,Carbonated Soft Drinks,E-Commerce,Gauteng,15,46.92,26.18,703.8,311.1,30.76,673.04,93.5,1,C
2024Q3,Sprite,Carbonated Soft Drinks,Wholesale,KwaZulu-Natal,20,53.94,27.83,1078.8,522.2,115.45,963.35,77.6,1,C
2024Q1,Coca-Cola,Carbonated Soft Drinks,Convenience,Western Cape,40,53.39,31.26,2135.6,885.2,230.24,1905.36,77.8,0,C
2024Q4,Coca-Cola,Carbonated Soft Drinks,E-Commerce,Limpopo,11,49.58,27.67,545.38,241.01,60.62,484.76,76.5,0,B
2024Q1,Schweppes,Mixers,Mass Retail,Gauteng,99,52.72,30.09,5219.28,2240.37,488.71,4730.57,79.2,1,C
2024Q1,Sprite,Carbonated Soft Drinks,Wholesale,Western Cape,31,52.68,28.42,1633.08,752.06,112.36,1520.72,86.4,0,B
2024Q1,Schweppes,Mixers,Convenience,Free State,27,61.09,34.15,1649.43,727.38,183.72,1465.71,97.7,0,B
2024Q4,Coca-Cola,Carbonated Soft Drinks,Convenience,Western Cape,18,53.86,26.03,969.48,500.94,102.78,866.7,89.6,0,D
2024Q3,Sprite,Carbonated Soft Drinks,Petrol & Travel,Gauteng,66,49.34,25.87,3256.44,1549.02,247.66,3008.78,65.3,0,C
2024Q1,Bonaqua,Water,Mass Retail,Free State,46,35.62,18.9,1638.52,769.12,152.46,1486.06,74.9,0,A
2024Q2,Monster,Energy Drinks,Mass Retail,KwaZulu-Natal,28,108.73,63.86,3044.44,1256.36,211.6,2832.84,53.8,0,B
2024Q2,Fanta,Carbonated Soft Drinks,Mass Retail,Mpumalanga,24,50.56,26.33,1213.44,581.52,127.11,1086.33,72.6,1,C
2024Q4,Powerade,Sports Drinks,On-Trade,Mpumalanga,66,60.04,30.49,3962.64,1950.3,420.8,3541.84,80.9,0,B
2024Q1,Cappy,Juices & Nectars,Mass Retail,Limpopo,28,70.9,36.37,1985.2,966.84,184.45,1800.75,75.4,0,B
2024Q3,Schweppes,Mixers,Mass Retail,Western Cape,13,49.7,25.88,646.1,309.66,62.55,583.55,79.5,0,B
2024Q3,Schweppes,Mixers,Mass Retail,Eastern Cape,8,51.58,26.81,412.64,198.16,19.33,393.31,59.2,0,A
2024Q3,Coca-Cola,Carbonated Soft Drinks,Convenience,Western Cape,110,53.12,28.44,5843.2,2714.8,675.36,5167.84,88.8,0,A
2024Q4,Cappy,Juices & Nectars,E-Commerce,Gauteng,41,71.85,40.51,2945.85,1284.94,148.36,2797.49,83.3,0,A
2024Q3,Cappy,Juices & Nectars,Convenience,Gauteng,157,67.23,36.45,10555.11,4832.46,864.56,9690.55,66.1,0,C
2024Q3,Schweppes,Mixers,Wholesale,KwaZulu-Natal,27,59.36,35.87,1602.72,634.23,89.36,1513.36,68.3,0,B
2024Q4,Coca-Cola,Carbonated Soft Drinks,Mass Retail,KwaZulu-Natal,13,59.57,34.25,774.41,329.16,64.99,709.42,59.6,0,C
2024Q1,Coca-Cola,Carbonated Soft Drinks,Mass Retail,KwaZulu-Natal,55,47.93,23.03,2636.15,1369.5,221.18,2414.97,66.3,0,A
2024Q3,Monster,Energy Drinks,E-Commerce,Free State,193,113.25,69.67,21857.25,8410.94,2330.97,19526.28,83.0,0,A
2024Q2,Coca-Cola,Carbonated Soft Drinks,E-Commerce,Western Cape,24,51.64,27.38,1239.36,582.24,133.69,1105.67,65.4,0,C
2024Q3,Cappy,Juices & Nectars,Mass Retail,Gauteng,15,61.8,30.2,927.0,474.0,82.6,844.4,68.7,0,C
2024Q2,Sprite,Carbonated Soft Drinks,Mass Retail,Western Cape,101,56.34,32.97,5690.34,2360.37,578.8,5111.54,71.5,0,B
2024Q1,Coca-Cola,Carbonated Soft Drinks,E-Commerce,North West,26,47.31,26.78,1230.06,533.78,50.01,1180.05,83.1,0,B
2024Q1,Sprite,Carbonated Soft Drinks,Convenience,Eastern Cape,3,53.0,29.29,159.0,71.13,8.42,150.58,50.8,0,B
2024Q3,Sprite,Carbonated Soft Drinks,On-Trade,Gauteng,57,62.62,34.27,3569.34,1615.95,305.97,3263.37,74.6,0,A
2024Q4,Coca-Cola,Carbonated Soft Drinks,E-Commerce,Western Cape,120,55.41,30.2,6649.2,3025.2,668.37,5980.83,76.0,1,B
2024Q1,Coca-Cola,Carbonated Soft Drinks,Mass Retail,Limpopo,25,54.78,27.35,1369.5,685.75,64.43,1305.07,83.2,0,B
2024Q4,Fanta,Carbonated Soft Drinks,Mass Retail,Western Cape,49,51.03,26.99,2500.47,1177.96,212.27,2288.2,77.8,0,B
2024Q3,Fanta,Carbonated Soft Drinks,Mass Retail,Western Cape,39,49.69,24.89,1937.91,967.2,195.96,1741.95,78.5,0,B
2024Q2,Coca-Cola,Carbonated Soft Drinks,On-Trade,Western Cape,37,49.12,27.72,1817.44,791.8,204.44,1613.0,69.8,1,A
2024Q1,Coca-Cola,Carbonated Soft Drinks,Mass Retail,Gauteng,54,54.32,33.66,2933.28,1115.64,214.06,2719.22,46.0,1,B
2024Q1,Sprite,Carbonated Soft Drinks,Convenience,Gauteng,48,55.78,27.58,2677.44,1353.6,133.14,2544.3,82.2,0,D
2024Q4,Coca-Cola,Carbonated Soft Drinks,E-Commerce,Gauteng,59,49.58,24.69,2925.22,1468.51,333.65,2591.57,55.7,1,A
2024Q4,Schweppes,Mixers,Convenience,Western Cape,14,54.84,30.37,767.76,342.58,72.9,694.86,71.0,0,B
2024Q1,Coca-Cola,Carbonated Soft Drinks,Convenience,Gauteng,26,51.71,31.87,1344.46,515.84,141.91,1202.55,48.9,0,A
2024Q1,Sprite,Carbonated Soft Drinks,On-Trade,Gauteng,13,57.59,32.3,748.67,328.77,61.91,686.76,56.0,1,B
2024Q4,Coca-Cola,Carbonated Soft Drinks,On-Trade,Gauteng,17,56.71,29.16,964.07,468.35,95.47,868.6,84.0,1,A
2024Q4,Coca-Cola,Carbonated Soft Drinks,Mass Retail,North West,44,55.18,29.16,2427.92,1144.88,180.15,2247.77,83.5,1,C
2024Q1,Powerade,Sports Drinks,On-Trade,Western Cape,179,65.11,36.17,11654.69,5180.26,1033.38,10621.31,73.9,1,C
2024Q1,Bonaqua,Water,Mass Retail,Gauteng,66,32.55,19.18,2148.3,882.42,198.31,1949.99,67.6,0,A
2024Q1,Cappy,Juices & Nectars,Mass Retail,Western Cape,28,65.62,34.63,1837.36,867.72,107.09,1730.27,78.1,1,A
2024Q2,Coca-Cola,Carbonated Soft Drinks,Mass Retail,KwaZulu-Natal,21,48.41,27.87,1016.61,431.34,111.9,904.71,87.3,1,A
2024Q2,Powerade,Sports Drinks,Convenience,Mpumalanga,23,67.77,35.48,1558.71,742.67,162.85,1395.86,69.2,1,C
2024Q3,Fanta,Carbonated Soft Drinks,Mass Retail,Limpopo,11,48.93,26.18,538.23,250.25,42.53,495.7,63.5,0,A
2024Q2,Powerade,Sports Drinks,Mass Retail,Northern Cape,85,68.59,40.23,5830.15,2410.6,541.58,5288.57,71.3,1,A
2024Q1,Coca-Cola,Carbonated Soft Drinks,Convenience,Gauteng,9,57.18,28.39,514.62,259.11,38.89,475.73,84.0,0,A
2024Q1,Schweppes,Mixers,On-Trade,Gauteng,59,47.34,28.36,2793.06,1119.82,186.35,2606.71,52.5,0,A
2024Q1,Coca-Cola,Carbonated Soft Drinks,Convenience,Gauteng,23,43.66,26.13,1004.18,403.19,115.5,888.68,67.6,0,A
2024Q1,Schweppes,Mixers,Convenience,Western Cape,26,56.11,34.39,1458.86,564.72,117.84,1341.02,54.9,0,C
2024Q4,Coca-Cola,Carbonated Soft Drinks,E-Commerce,Gauteng,52,54.1,32.51,2813.2,1122.68,240.71,2572.49,90.9,0,C
2024Q4,Coca-Cola,Carbonated Soft Drinks,Mass Retail,Gauteng,102,54.45,29.38,5553.9,2557.14,254.85,5299.05,63.6,0,B
2024Q1,Cappy,Juices & Nectars,On-Trade,Western Cape,24,65.03,33.88,1560.72,747.6,66.44,1494.28,84.4,1,A
2024Q2,Fanta,Carbonated Soft Drinks,Convenience,Gauteng,44,47.2,28.23,2076.8,834.68,86.37,1990.43,57.4,0,C
2024Q4,Stoney,Carbonated Soft Drinks,On-Trade,Western Cape,53,58.91,30.54,3122.23,1503.61,179.36,2942.87,56.3,1,C
2024Q2,Schweppes,Mixers,Convenience,Mpumalanga,46,61.65,36.72,2835.9,1146.78,160.7,2675.2,65.6,0,B
2024Q4,Fanta,Carbonated Soft Drinks,On-Trade,Western Cape,44,53.37,31.89,2348.28,945.12,182.97,2165.31,83.0,0,C
2024Q2,Sprite,Carbonated Soft Drinks,E-Commerce,Gauteng,192,56.89,34.3,10922.88,4337.28,794.88,10128.0,67.2,0,D
2024Q1,Powerade,Sports Drinks,Convenience,Free State,33,65.3,34.01,2154.9,1032.57,246.17,1908.73,49.6,0,B
2024Q2,Cappy,Juices & Nectars,Convenience,Gauteng,59,75.71,39.32,4466.89,2147.01,309.81,4157.08,49.8,0,C
2024Q3,Fanta,Carbonated Soft Drinks,On-Trade,Western Cape,84,45.12,23.92,3790.08,1780.8,292.39,3497.69,74.4,0,A
2024Q4,Sprite,Carbonated Soft Drinks,Petrol & Travel,Gauteng,22,49.51,24.67,1089.22,546.48,50.17,1039.05,77.0,1,C
2024Q3,Stoney,Carbonated Soft Drinks,Mass Retail,Limpopo,13,60.16,29.33,782.08,400.79,38.78,743.3,70.0,0,D
2024Q3,Sprite,Carbonated Soft Drinks,On-Trade,KwaZulu-Natal,15,57.06,32.45,855.9,369.15,61.96,793.94,69.6,0,A
2024Q2,Fanta,Carbonated Soft Drinks,On-Trade,Mpumalanga,16,48.34,29.11,773.44,307.68,44.06,729.38,60.6,0,C
2024Q2,Powerplay,Energy Drinks,On-Trade,Limpopo,74,113.83,57.57,8423.42,4163.24,574.33,7849.09,51.7,0,A
2024Q4,Coca-Cola,Carbonated Soft Drinks,Wholesale,Eastern Cape,75,47.35,22.73,3551.25,1846.5,159.01,3392.24,67.9,0,B
2024Q1,Fanta,Carbonated Soft Drinks,Mass Retail,Western Cape,21,49.63,25.95,1042.23,497.28,98.03,944.2,52.2,0,A
2024Q2,Sprite,Carbonated Soft Drinks,On-Trade,North West,32,52.34,26.65,1674.88,822.08,79.22,1595.66,66.8,0,C
2024Q3,Fanta,Carbonated Soft Drinks,Mass Retail,Gauteng,122,51.03,25.3,6225.66,3139.06,643.05,5582.61,46.4,0,B
2024Q1,Coca-Cola,Carbonated Soft Drinks,E-Commerce,Gauteng,50,52.44,29.38,2622.0,1153.0,138.18,2483.82,72.4,0,B
2024Q4,Coca-Cola,Carbonated Soft Drinks,E-Commerce,Gauteng,10,51.62,28.4,516.2,232.2,26.84,489.36,84.4,0,B
2024Q1,Coca-Cola,Carbonated Soft Drinks,On-Trade,Limpopo,9,56.08,27.28,504.72,259.2,45.72,459.0,64.8,0,B
2024Q1,Sprite,Carbonated Soft Drinks,Mass Retail,North West,58,50.97,30.66,2956.26,1177.98,142.1,2814.16,57.7,1,A
2024Q4,Powerplay,Energy Drinks,Convenience,Gauteng,19,116.66,64.05,2216.54,999.59,228.36,1988.18,71.2,0,A
2024Q2,Coca-Cola,Carbonated Soft Drinks,Convenience,Gauteng,33,51.05,25.4,1684.65,846.45,170.44,1514.21,58.7,0,B
2024Q1,Sprite,Carbonated Soft Drinks,Mass Retail,Free State,89,62.24,32.2,5539.36,2673.56,339.93,5199.43,90.7,1,D
2024Q1,Coca-Cola,Carbonated Soft Drinks,On-Trade,Free State,45,47.08,27.98,2118.6,859.5,145.48,1973.12,79.6,0,B
2024Q1,Coca-Cola,Carbonated Soft Drinks,E-Commerce,KwaZulu-Natal,37,49.48,29.39,1830.76,743.33,218.59,1612.17,46.6,0,A
2024Q3,Coca-Cola,Carbonated Soft Drinks,Mass Retail,Eastern Cape,29,51.92,29.39,1505.68,653.37,74.97,1430.71,65.1,1,C
2024Q2,Sprite,Carbonated Soft Drinks,Mass Retail,KwaZulu-Natal,30,45.36,24.05,1360.8,639.3,114.6,1246.2,57.6,0,C
2024Q3,Powerade,Sports Drinks,On-Trade,Western Cape,23,70.23,38.7,1615.29,725.19,148.44,1466.85,74.9,0,B
2024Q1,Sprite,Carbonated Soft Drinks,Wholesale,Gauteng,27,55.68,29.61,1503.36,703.89,124.19,1379.17,46.1,0,B
2024Q3,Cappy,Juices & Nectars,On-Trade,Free State,88,70.75,35.08,6226.0,3138.96,742.42,5483.58,77.1,0,A
2024Q1,Sprite,Carbonated Soft Drinks,On-Trade,Western Cape,47,48.52,29.28,2280.44,904.28,186.19,2094.25,80.1,0,D
2024Q4,Coca-Cola,Carbonated Soft Drinks,On-Trade,KwaZulu-Natal,9,48.73,28.2,438.57,184.77,30.15,408.42,55.1,0,C
2024Q1,Fanta,Carbonated Soft Drinks,Mass Retail,Western Cape,47,52.69,27.76,2476.43,1171.71,278.71,2197.72,49.0,1,B
2024Q1,Powerplay,Energy Drinks,Mass Retail,Western Cape,40,102.83,58.01,4113.2,1792.8,377.63,3735.57,81.5,0,A
2024Q1,Bonaqua,Water,Mass Retail,Western Cape,50,36.37,20.41,1818.5,798.0,210.02,1608.48,57.3,1,A
2024Q1,Cappy,Juices & Nectars,Mass Retail,KwaZulu-Natal,90,71.18,36.99,6406.2,3077.1,548.81,5857.39,48.2,0,C
2024Q3,Coca-Cola,Carbonated Soft Drinks,Mass Retail,Gauteng,30,49.7,24.53,1491.0,755.1,148.46,1342.54,92.6,1,A
2024Q2,Bonaqua,Water,Convenience,Western Cape,23,40.78,21.78,937.94,437.0,59.5,878.44,57.1,0,D
2024Q3,Coca-Cola,Carbonated Soft Drinks,E-Commerce,Gauteng,89,56.08,34.26,4991.12,1941.98,575.92,4415.2,74.2,0,A
2024Q2,Coca-Cola,Carbonated Soft Drinks,Mass Retail,Western Cape,89,48.07,26.7,4278.23,1901.93,490.41,3787.82,57.6,0,A
2024Q4,Powerade,Sports Drinks,Wholesale,Gauteng,73,64.2,31.71,4686.6,2371.77,358.3,4328.3,67.7,1,A
2024Q1,Coca-Cola,Carbonated Soft Drinks,On-Trade,KwaZulu-Natal,45,41.25,20.18,1856.25,948.15,149.96,1706.29,95.8,0,C
2024Q2,Coca-Cola,Carbonated Soft Drinks,Mass Retail,Mpumalanga,101,64.27,33.42,6491.27,3115.85,777.45,5713.82,59.5,0,C
2024Q4,Coca-Cola,Carbonated Soft Drinks,Convenience,Free State,36,51.17,28.58,1842.12,813.24,158.01,1684.11,60.2,0,C
2024Q1,Bonaqua,Water,Convenience,KwaZulu-Natal,56,41.25,21.15,2310.0,1125.6,192.4,2117.6,73.5,0,C
2024Q3,Coca-Cola,Carbonated Soft Drinks,On-Trade,Gauteng,30,49.52,25.03,1485.6,734.7,61.98,1423.62,52.8,0,A
2024Q3,Bonaqua,Water,E-Commerce,Gauteng,17,41.41,23.25,703.97,308.72,46.1,657.87,65.3,0,B
2024Q3,Coca-Cola,Carbonated Soft Drinks,Mass Retail,Gauteng,142,48.45,28.47,6879.9,2837.16,456.37,6423.53,94.0,0,A
2024Q1,Sprite,Carbonated Soft Drinks,On-Trade,KwaZulu-Natal,145,48.58,25.21,7044.1,3388.65,427.95,6616.15,81.0,0,B
2024Q4,Bonaqua,Water,On-Trade,Gauteng,13,44.96,25.88,584.48,248.04,28.65,555.83,69.8,1,A
2024Q1,Coca-Cola,Carbonated Soft Drinks,Convenience,Limpopo,30,50.71,25.41,1521.3,759.0,137.95,1383.35,80.7,1,C
2024Q1,Coca-Cola,Carbonated Soft Drinks,Wholesale,Eastern Cape,96,51.93,31.02,4985.28,2007.36,488.53,4496.75,58.1,0,B
2024Q2,Coca-Cola,Carbonated Soft Drinks,E-Commerce,Gauteng,17,49.15,27.36,835.55,370.43,78.8,756.75,47.8,1,B
2024Q1,Sprite,Carbonated Soft Drinks,Wholesale,Gauteng,47,56.99,32.18,2678.53,1166.07,199.03,2479.5,89.8,0,B
2024Q3,Coca-Cola,Carbonated Soft Drinks,E-Commerce,Western Cape,8,55.27,28.06,442.16,217.68,32.5,409.66,60.2,0,B
2024Q2,Bonaqua,Water,Wholesale,Gauteng,11,40.58,24.06,446.38,181.72,23.05,423.33,70.5,0,D
2024Q3,Sprite,Carbonated Soft Drinks,Convenience,Western Cape,5,54.3,29.67,271.5,123.15,29.29,242.21,97.5,0,C
2024Q1,Coca-Cola,Carbonated Soft Drinks,Mass Retail,KwaZulu-Natal,112,53.91,29.75,6037.92,2705.92,379.76,5658.16,90.2,0,A
2024Q4,Schweppes,Mixers,Mass Retail,Northern Cape,141,61.5,36.89,8671.5,3470.01,854.6,7816.9,56.2,0,A
2024Q2,Fanta,Carbonated Soft Drinks,Mass Retail,Gauteng,34,51.51,31.49,1751.34,680.68,184.01,1567.33,80.3,0,A
2024Q1,Coca-Cola,Carbonated Soft Drinks,Mass Retail,KwaZulu-Natal,74,46.31,25.03,3426.94,1574.72,356.06,3070.88,85.3,0,D
2024Q4,Coca-Cola,Carbonated Soft Drinks,Mass Retail,KwaZulu-Natal,31,59.93,31.48,1857.83,881.95,135.69,1722.14,92.5,0,D
2024Q3,Coca-Cola,Carbonated Soft Drinks,Mass Retail,KwaZulu-Natal,15,46.49,23.71,697.35,341.7,58.28,639.07,52.8,0,B
2024Q3,Powerade,Sports Drinks,Mass Retail,KwaZulu-Natal,49,59.96,29.83,2938.04,1476.37,347.5,2590.54,69.1,0,C
2024Q1,Coca-Cola,Carbonated Soft Drinks,On-Trade,Gauteng,60,56.02,33.38,3361.2,1358.4,161.46,3199.74,81.0,1,D
2024Q3,Sprite,Carbonated Soft Drinks,Convenience,KwaZulu-Natal,10,49.3,24.51,493.0,247.9,23.59,469.41,65.4,0,B
2024Q3,Bonaqua,Water,Convenience,Western Cape,159,43.98,24.01,6992.82,3175.23,650.24,6342.58,95.7,0,B
2024Q1,Powerade,Sports Drinks,On-Trade,Northern Cape,32,63.4,39.24,2028.8,773.12,144.03,1884.77,76.5,1,B
2024Q4,Fanta,Carbonated Soft Drinks,On-Trade,Eastern Cape,14,45.66,24.39,639.24,297.78,74.99,564.25,49.5,0,B
2024Q3,Bonaqua,Water,Wholesale,Gauteng,70,39.02,24.15,2731.4,1040.9,185.44,2545.96,51.9,1,C
2024Q4,Coca-Cola,Carbonated Soft Drinks,Mass Retail,Northern Cape,20,53.79,27.78,1075.8,520.2,60.62,1015.18,63.9,1,B
2024Q3,Coca-Cola,Carbonated Soft Drinks,Mass Retail,Western Cape,136,46.29,26.38,6295.44,2707.76,629.17,5666.27,72.6,0,B
2024Q1,Coca-Cola,Carbonated Soft Drinks,Convenience,Gauteng,104,55.88,29.53,5811.52,2740.4,386.06,5425.46,59.3,0,C
2024Q3,Coca-Cola,Carbonated Soft Drinks,Wholesale,KwaZulu-Natal,54,43.14,23.16,2329.56,1078.92,249.12,2080.44,48.9,0,A
2024Q4,Coca-Cola,Carbonated Soft Drinks,Petrol & Travel,Western Cape,7,57.16,30.81,400.12,184.45,41.62,358.5,59.9,0,C
2024Q1,Coca-Cola,Carbonated Soft Drinks,E-Commerce,Western Cape,41,55.18,32.46,2262.38,931.52,201.43,2060.95,72.8,0,C
2024Q4,Coca-Cola,Carbonated Soft Drinks,On-Trade,Free State,18,50.03,26.03,900.54,432.0,80.3,820.24,54.8,0,B
2024Q1,Coca-Cola,Carbonated Soft Drinks,Mass Retail,Northern Cape,80,50.85,26.18,4068.0,1973.6,264.64,3803.36,48.1,1,B
2024Q2,Fanta,Carbonated Soft Drinks,Mass Retail,Western Cape,56,49.99,26.72,2799.44,1303.12,255.25,2544.19,67.7,1,B
2024Q2,Coca-Cola,Carbonated Soft Drinks,Convenience,Eastern Cape,18,52.05,31.42,936.9,371.34,93.92,842.98,65.1,0,A
2024Q2,Coca-Cola,Carbonated Soft Drinks,Mass Retail,Gauteng,43,49.33,29.36,2121.19,858.71,224.29,1896.9,60.1,1,B
2024Q2,Fanta,Carbonated Soft Drinks,Convenience,Limpopo,49,50.14,30.53,2456.86,960.89,168.96,2287.9,86.3,0,B
2024Q3,Fanta,Carbonated Soft Drinks,On-Trade,Gauteng,59,47.92,24.8,2827.28,1364.08,190.74,2636.54,55.5,0,A
2024Q1,Stoney,Carbonated Soft Drinks,On-Trade,Western Cape,35,65.47,32.56,2291.45,1151.85,137.81,2153.64,74.8,0,A
2024Q2,Powerplay,Energy Drinks,Mass Retail,Gauteng,17,109.68,64.22,1864.56,772.82,210.24,1654.32,72.1,0,B
2024Q2,Coca-Cola,Carbonated Soft Drinks,Wholesale,Eastern Cape,40,54.89,31.53,2195.6,934.4,214.54,1981.06,58.8,0,B
2024Q2,Cappy,Juices & Nectars,Convenience,Gauteng,22,71.24,43.14,1567.28,618.2,140.48,1426.8,67.4,0,D
2024Q3,Coca-Cola,Carbonated Soft Drinks,Wholesale,Gauteng,82,50.65,27.73,4153.3,1879.44,465.57,3687.73,72.0,0,D
2024Q2,Fanta,Carbonated Soft Drinks,Mass Retail,Eastern Cape,19,51.73,30.91,982.87,395.58,86.21,896.66,94.7,0,A
2024Q3,Bonaqua,Water,Mass Retail,Gauteng,47,48.39,24.37,2274.33,1128.94,114.51,2159.82,74.9,1,A
2024Q2,Coca-Cola,Carbonated Soft Drinks,Wholesale,North West,39,53.19,31.38,2074.41,850.59,85.63,1988.78,47.5,0,B
2024Q1,Schweppes,Mixers,Wholesale,Gauteng,16,55.62,31.95,889.92,378.72,81.64,808.28,50.4,0,D
2024Q4,Coca-Cola,Carbonated Soft Drinks,Convenience,Western Cape,31,60.73,34.88,1882.63,801.35,198.24,1684.39,81.3,0,B
2024Q1,Powerplay,Energy Drinks,Mass Retail,Gauteng,13,105.07,62.46,1365.91,553.93,77.99,1287.92,94.2,1,B
2024Q4,Schweppes,Mixers,Wholesale,Gauteng,37,60.81,35.78,2249.97,926.11,161.73,2088.24,97.6,1,A
2024Q1,Coca-Cola,Carbonated Soft Drinks,Petrol & Travel,KwaZulu-Natal,31,54.91,31.54,1702.21,724.47,161.7,1540.51,91.3,0,C
2024Q2,Coca-Cola,Carbonated Soft Drinks,On-Trade,Eastern Cape,133,54.16,31.69,7203.28,2988.51,395.27,6808.01,50.8,1,A
2024Q4,Cappy,Juices & Nectars,On-Trade,Mpumalanga,32,54.3,30.74,1737.6,753.92,202.68,1534.92,62.5,0,B
2024Q1,Bonaqua,Water,Mass Retail,Eastern Cape,9,40.93,23.17,368.37,159.84,43.24,325.13,51.6,0,B
2024Q4,Coca-Cola,Carbonated Soft Drinks,Mass Retail,Western Cape,29,50.57,28.67,1466.53,635.1,157.34,1309.19,83.7,0,C
2024Q3,Fanta,Carbonated Soft Drinks,Mass Retail,Eastern Cape,26,52.28,30.61,1359.28,563.42,105.92,1253.36,92.6,0,A
2024Q4,Powerplay,Energy Drinks,Mass Retail,Western Cape,29,110.17,63.19,3194.93,1362.42,316.54,2878.39,84.3,0,B
2024Q4,Coca-Cola,Carbonated Soft Drinks,Mass Retail,Mpumalanga,66,50.2,30.01,3313.2,1332.54,160.27,3152.93,95.3,1,A
2024Q4,Coca-Cola,Carbonated Soft Drinks,Mass Retail,Western Cape,10,50.3,30.2,503.0,201.0,50.28,452.72,63.7,0,A
2024Q1,Sprite,Carbonated Soft Drinks,Mass Retail,Western Cape,23,50.15,26.72,1153.45,538.89,68.09,1085.36,91.4,0,A
2024Q2,Coca-Cola,Carbonated Soft Drinks,Convenience,Gauteng,15,48.65,23.47,729.75,377.7,49.42,680.33,72.9,1,B
2024Q1,Fanta,Carbonated Soft Drinks,Mass Retail,Mpumalanga,18,56.7,29.73,1020.6,485.46,117.5,903.1,58.9,0,A
2024Q4,Coca-Cola,Carbonated Soft Drinks,Mass Retail,Gauteng,11,49.43,25.23,543.73,266.2,34.9,508.83,90.8,0,C
2024Q4,Schweppes,Mixers,Mass Retail,KwaZulu-Natal,22,66.21,36.49,1456.62,653.84,89.39,1367.23,48.9,0,B
2024Q2,Coca-Cola,Carbonated Soft Drinks,E-Commerce,Western Cape,18,51.99,25.6,935.82,475.02,57.12,878.7,64.5,0,B
2024Q2,Powerplay,Energy Drinks,Mass Retail,Gauteng,26,104.98,54.24,2729.48,1319.24,123.95,2605.53,62.3,1,A
2024Q1,Coca-Cola,Carbonated Soft Drinks,Mass Retail,Gauteng,16,58.37,30.69,933.92,442.88,46.81,887.11,57.0,1,C
2024Q1,Coca-Cola,Carbonated Soft Drinks,Convenience,Gauteng,33,51.6,26.62,1702.8,824.34,82.33,1620.47,82.4,1,C
2024Q1,Coca-Cola,Carbonated Soft Drinks,Wholesale,Western Cape,171,48.38,26.98,8272.98,3659.4,977.95,7295.03,86.6,0,B
2024Q1,Coca-Cola,Carbonated Soft Drinks,Convenience,Free State,39,51.86,25.92,2022.54,1011.66,128.88,1893.66,54.0,0,B
2024Q2,Monster,Energy Drinks,On-Trade,Western Cape,20,120.97,73.41,2419.4,951.2,202.23,2217.17,69.7,0,B
2024Q2,Sprite,Carbonated Soft Drinks,Mass Retail,Northern Cape,39,54.03,27.77,2107.17,1024.14,131.62,1975.55,76.8,0,A
2024Q3,Coca-Cola,Carbonated Soft Drinks,E-Commerce,KwaZulu-Natal,145,56.07,33.01,8130.15,3343.7,493.87,7636.28,88.8,0,B
2024Q2,Bonaqua,Water,E-Commerce,Western Cape,22,36.99,19.03,813.78,395.12,47.44,766.34,60.0,1,B
2024Q2,Coca-Cola,Carbonated Soft Drinks,Mass Retail,Mpumalanga,65,59.5,33.96,3867.5,1660.1,261.05,3606.45,85.8,1,B
2024Q1,Sprite,Carbonated Soft Drinks,Wholesale,KwaZulu-Natal,8,57.69,31.95,461.52,205.92,30.41,431.11,86.9,0,B
2024Q2,Coca-Cola,Carbonated Soft Drinks,Mass Retail,Gauteng,18,54.31,28.16,977.58,470.7,111.0,866.58,68.2,0,C
2024Q2,Coca-Cola,Carbonated Soft Drinks,Mass Retail,Western Cape,50,51.5,31.39,2575.0,1005.5,239.07,2335.93,45.5,0,D
2024Q4,Sprite,Carbonated Soft Drinks,Mass Retail,Gauteng,24,49.9,29.79,1197.6,482.64,103.27,1094.33,89.9,0,B
2024Q4,Coca-Cola,Carbonated Soft Drinks,Wholesale,Free State,32,55.1,26.94,1763.2,901.12,115.88,1647.32,63.6,0,A
2024Q2,Coca-Cola,Carbonated Soft Drinks,Convenience,Gauteng,67,56.63,27.36,3794.21,1961.09,428.2,3366.01,56.4,0,A
2024Q3,Coca-Cola,Carbonated Soft Drinks,Mass Retail,Gauteng,33,51.18,29.08,1688.94,729.3,74.38,1614.56,60.4,0,A
2024Q1,Coca-Cola,Carbonated Soft Drinks,Convenience,KwaZulu-Natal,28,51.02,27.52,1428.56,658.0,153.4,1275.16,58.5,0,A
2024Q2,Coca-Cola,Carbonated Soft Drinks,Mass Retail,Western Cape,12,45.47,22.6,545.64,274.44,51.52,494.12,57.9,0,B
2024Q1,Sprite,Carbonated Soft Drinks,On-Trade,Gauteng,21,49.48,29.68,1039.08,415.8,102.99,936.09,53.2,0,A
2024Q2,Fanta,Carbonated Soft Drinks,Mass Retail,Gauteng,18,50.98,27.79,917.64,417.42,55.84,861.8,69.8,0,A
2024Q4,Coca-Cola,Carbonated Soft Drinks,On-Trade,KwaZulu-Natal,10,49.49,28.18,494.9,213.1,37.98,456.92,96.1,1,A
2024Q1,Cappy,Juices & Nectars,Convenience,KwaZulu-Natal,125,70.77,42.15,8846.25,3577.5,641.86,8204.39,81.4,0,C
2024Q2,Fanta,Carbonated Soft Drinks,On-Trade,Mpumalanga,69,49.44,30.31,3411.36,1319.97,332.63,3078.73,64.8,0,A
2024Q2,Cappy,Juices & Nectars,Mass Retail,Free State,12,72.09,44.21,865.08,334.56,64.78,800.3,67.8,0,A
2024Q4,Coca-Cola,Carbonated Soft Drinks,Petrol & Travel,KwaZulu-Natal,29,58.56,29.86,1698.24,832.3,172.99,1525.25,62.0,1,B
2024Q4,Cappy,Juices & Nectars,E-Commerce,Gauteng,18,68.13,41.97,1226.34,470.88,111.1,1115.24,97.3,0,B
2024Q1,Cappy,Juices & Nectars,E-Commerce,Western Cape,16,66.48,36.68,1063.68,476.8,70.42,993.26,62.8,0,B
2024Q1,Bonaqua,Water,Convenience,KwaZulu-Natal,48,38.41,21.57,1843.68,808.32,208.7,1634.98,64.3,0,D
2024Q4,Schweppes,Mixers,Petrol & Travel,Western Cape,45,57.64,27.89,2593.8,1338.75,254.81,2338.99,88.3,1,C
2024Q4,Coca-Cola,Carbonated Soft Drinks,Mass Retail,KwaZulu-Natal,95,53.47,29.87,5079.65,2242.0,229.12,4850.53,81.8,1,A
2024Q3,Coca-Cola,Carbonated Soft Drinks,On-Trade,KwaZulu-Natal,23,49.21,27.98,1131.83,488.29,133.68,998.15,51.2,1,B
2024Q1,Coca-Cola,Carbonated Soft Drinks,On-Trade,Eastern Cape,77,50.3,27.43,3873.1,1760.99,254.57,3618.53,74.7,1,A
2024Q4,Coca-Cola,Carbonated Soft Drinks,On-Trade,Western Cape,8,47.91,28.39,383.28,156.16,43.67,339.61,85.3,0,A
2024Q3,Schweppes,Mixers,Convenience,Western Cape,14,57.39,33.55,803.46,333.76,70.48,732.98,92.8,1,A
2024Q3,Coca-Cola,Carbonated Soft Drinks,On-Trade,Gauteng,61,56.58,29.26,3451.38,1666.52,322.33,3129.05,94.0,0,B
2024Q3,Coca-Cola,Carbonated Soft Drinks,Mass Retail,Free State,44,55.55,29.08,2444.2,1164.68,134.38,2309.82,51.2,1,B
2024Q1,Sprite,Carbonated Soft Drinks,Mass Retail,Western Cape,17,58.79,28.42,999.43,516.29,71.74,927.69,70.6,1,B
2024Q1,Coca-Cola,Carbonated Soft Drinks,Mass Retail,Gauteng,21,53.04,29.58,1113.84,492.66,57.6,1056.24,55.4,0,D
2024Q2,Coca-Cola,Carbonated Soft Drinks,E-Commerce,Eastern Cape,11,47.12,27.56,518.32,215.16,23.83,494.49,90.6,0,B
2024Q2,Fanta,Carbonated Soft Drinks,Wholesale,Gauteng,18,54.28,32.31,977.04,395.46,53.37,923.67,51.6,1,C
2024Q4,Coca-Cola,Carbonated Soft Drinks,Mass Retail,Western Cape,29,53.59,32.61,1554.11,608.42,96.06,1458.05,93.1,0,B
2024Q3,Coca-Cola,Carbonated Soft Drinks,Petrol & Travel,Eastern Cape,32,55.41,33.31,1773.12,707.2,205.79,1567.33,62.2,0,A
2024Q4,Schweppes,Mixers,Mass Retail,KwaZulu-Natal,15,62.24,36.44,933.6,387.0,42.86,890.74,72.7,1,B
2024Q2,Coca-Cola,Carbonated Soft Drinks,Petrol & Travel,Mpumalanga,14,48.38,28.9,677.32,272.72,37.58,639.74,87.8,0,A
2024Q4,Coca-Cola,Carbonated Soft Drinks,Mass Retail,Limpopo,9,51.99,26.61,467.91,228.42,36.12,431.79,45.5,0,C
2024Q4,Coca-Cola,Carbonated Soft Drinks,Convenience,Gauteng,49,52.36,31.44,2565.64,1025.08,277.17,2288.47,88.6,0,B
2024Q1,Cappy,Juices & Nectars,Mass Retail,Limpopo,5,66.52,35.79,332.6,153.65,22.2,310.4,56.3,0,C
2024Q3,Sprite,Carbonated Soft Drinks,Petrol & Travel,Gauteng,10,65.92,32.53,659.2,333.9,68.39,590.81,54.3,1,A
2024Q3,Cappy,Juices & Nectars,Mass Retail,North West,11,75.69,36.96,832.59,426.03,56.99,775.6,85.9,0,C
2024Q4,Coca-Cola,Carbonated Soft Drinks,E-Commerce,KwaZulu-Natal,13,49.9,28.37,648.7,279.89,72.01,576.69,79.3,0,B
2024Q2,Sprite,Carbonated Soft Drinks,Mass Retail,Western Cape,140,56.16,34.0,7862.4,3102.4,800.82,7061.58,93.2,0,B
2024Q1,Cappy,Juices & Nectars,Mass Retail,Western Cape,40,71.08,42.78,2843.2,1132.0,122.68,2720.52,79.9,0,A
2024Q4,Sprite,Carbonated Soft Drinks,Mass Retail,Gauteng,49,50.89,30.3,2493.61,1008.91,157.19,2336.42,66.5,0,B
2024Q3,Powerade,Sports Drinks,Convenience,Western Cape,21,67.55,33.36,1418.55,717.99,68.14,1350.41,58.9,1,C
2024Q2,Coca-Cola,Carbonated Soft Drinks,On-Trade,Limpopo,48,58.6,34.4,2812.8,1161.6,128.24,2684.56,70.7,0,C
2024Q2,Powerplay,Energy Drinks,On-Trade,Gauteng,47,115.24,69.34,5416.28,2157.3,236.77,5179.51,83.2,0,C
2024Q2,Stoney,Carbonated Soft Drinks,On-Trade,KwaZulu-Natal,33,65.92,36.63,2175.36,966.57,96.02,2079.34,80.4,1,B
2024Q1,Powerplay,Energy Drinks,Wholesale,Gauteng,30,111.57,67.11,3347.1,1333.8,390.85,2956.25,95.0,0,B
2024Q2,Monster,Energy Drinks,On-Trade,Mpumalanga,25,116.35,58.32,2908.75,1450.75,265.11,2643.64,70.9,1,A
2024Q1,Coca-Cola,Carbonated Soft Drinks,Wholesale,Western Cape,56,59.78,35.92,3347.68,1336.16,297.06,3050.62,75.4,0,B
2024Q2,Coca-Cola,Carbonated Soft Drinks,Convenience,KwaZulu-Natal,53,51.82,25.88,2746.46,1374.82,207.9,2538.56,79.8,0,B
2024Q4,Monster,Energy Drinks,Mass Retail,KwaZulu-Natal,15,102.17,52.38,1532.55,746.85,103.47,1429.08,91.2,0,A
2024Q3,Coca-Cola,Carbonated Soft Drinks,On-Trade,Gauteng,20,46.31,22.91,926.2,468.0,104.03,822.17,66.6,0,B
2024Q2,Schweppes,Mixers,Wholesale,Northern Cape,73,55.25,28.5,4033.25,1952.75,185.9,3847.35,46.7,0,C
2024Q1,Coca-Cola,Carbonated Soft Drinks,On-Trade,Limpopo,21,44.32,26.35,930.72,377.37,55.7,875.02,61.4,0,D
2024Q4,Stoney,Carbonated Soft Drinks,Mass Retail,Gauteng,93,59.53,31.7,5536.29,2588.19,397.89,5138.4,53.9,0,B
2024Q4,Cappy,Juices & Nectars,Convenience,Western Cape,87,64.86,34.9,5642.82,2606.52,430.79,5212.03,89.0,1,B
2024Q4,Schweppes,Mixers,E-Commerce,Eastern Cape,18,52.51,31.0,945.18,387.18,65.99,879.19,64.0,0,A
2024Q2,Coca-Cola,Carbonated Soft Drinks,Petrol & Travel,Limpopo,10,49.35,27.99,493.5,213.6,51.4,442.1,48.7,0,A
2024Q3,Bonaqua,Water,Mass Retail,Limpopo,33,38.65,19.94,1275.45,617.43,82.31,1193.14,69.8,0,B
2024Q2,Coca-Cola,Carbonated Soft Drinks,Convenience,Gauteng,42,52.65,30.14,2211.3,945.42,89.71,2121.59,59.1,0,A
2024Q4,Cappy,Juices & Nectars,Convenience,Western Cape,22,62.5,33.17,1375.0,645.26,90.92,1284.08,58.4,0,A
2024Q4,Cappy,Juices & Nectars,Mass Retail,Northern Cape,10,72.43,35.57,724.3,368.6,70.03,654.27,69.3,0,B
2024Q1,Cappy,Juices & Nectars,Mass Retail,Gauteng,72,66.26,36.99,4770.72,2107.44,543.2,4227.52,72.1,0,C
2024Q4,Schweppes,Mixers,Mass Retail,Mpumalanga,43,47.28,26.2,2033.04,906.44,193.11,1839.93,56.9,0,C
2024Q4,Fanta,Carbonated Soft Drinks,Mass Retail,Northern Cape,57,54.41,29.79,3101.37,1403.34,370.1,2731.27,66.5,1,B
2024Q2,Stoney,Carbonated Soft Drinks,Mass Retail,Limpopo,21,62.39,36.18,1310.19,550.41,71.17,1239.02,45.9,1,B
2024Q2,Sprite,Carbonated Soft Drinks,Wholesale,Mpumalanga,16,54.21,27.52,867.36,427.04,87.75,779.61,85.8,0,B
2024Q1,Cappy,Juices & Nectars,Petrol & Travel,Limpopo,26,73.07,43.95,1899.82,757.12,155.93,1743.89,69.9,0,A
2024Q1,Coca-Cola,Carbonated Soft Drinks,Convenience,Western Cape,55,49.37,26.67,2715.35,1248.5,136.27,2579.08,51.3,1,B
2024Q1,Coca-Cola,Carbonated Soft Drinks,Petrol & Travel,Eastern Cape,11,48.12,24.57,529.32,259.05,56.06,473.26,56.1,0,B
2024Q2,Schweppes,Mixers,Mass Retail,Gauteng,58,58.71,32.73,3405.18,1506.84,324.36,3080.82,77.8,0,A
2024Q2,Sprite,Carbonated Soft Drinks,Wholesale,Western Cape,42,60.53,34.41,2542.26,1097.04,289.18,2253.08,94.3,0,C
2024Q2,Coca-Cola,Carbonated Soft Drinks,On-Trade,Gauteng,19,49.05,27.67,931.95,406.22,80.27,851.68,60.3,1,B
2024Q1,Sprite,Carbonated Soft Drinks,Convenience,Gauteng,82,57.73,34.1,4733.86,1937.66,461.9,4271.96,92.0,1,B
2024Q3,Coca-Cola,Carbonated Soft Drinks,Wholesale,Western Cape,40,48.45,28.83,1938.0,784.8,167.76,1770.24,96.0,0,B
2024Q3,Sprite,Carbonated Soft Drinks,Convenience,Free State,25,56.05,27.75,1401.25,707.5,144.03,1257.22,55.5,1,A
2024Q4,Bonaqua,Water,On-Trade,Gauteng,56,38.19,18.59,2138.64,1097.6,134.32,2004.32,78.1,0,C
2024Q2,Schweppes,Mixers,Convenience,KwaZulu-Natal,15,65.13,31.95,976.95,497.7,85.87,891.08,79.0,0,B
2024Q4,Coca-Cola,Carbonated Soft Drinks,Mass Retail,Western Cape,8,49.83,26.35,398.64,187.84,32.52,366.12,94.6,0,B
2024Q4,Cappy,Juices & Nectars,Petrol & Travel,Gauteng,12,68.31,34.22,819.72,409.08,65.72,754.0,83.6,0,C
2024Q2,Sprite,Carbonated Soft Drinks,Convenience,Eastern Cape,26,54.49,29.09,1416.74,660.4,160.73,1256.01,73.9,0,C
2024Q3,Coca-Cola,Carbonated Soft Drinks,Mass Retail,Limpopo,17,50.4,27.53,856.8,388.79,88.52,768.28,96.3,0,C
2024Q2,Coca-Cola,Carbonated Soft Drinks,Petrol & Travel,Gauteng,49,48.2,28.24,2361.8,978.04,108.02,2253.78,90.1,0,B
2024Q3,Schweppes,Mixers,Mass Retail,Western Cape,262,51.94,30.12,13608.28,5716.84,1281.08,12327.2,45.9,1,B
2024Q2,Coca-Cola,Carbonated Soft Drinks,Convenience,Western Cape,49,49.32,26.71,2416.68,1107.89,202.13,2214.55,86.0,0,D
2024Q2,Fanta,Carbonated Soft Drinks,On-Trade,Eastern Cape,24,56.44,30.07,1354.56,632.88,90.27,1264.29,96.1,0,B
2024Q4,Sprite,Carbonated Soft Drinks,On-Trade,Gauteng,21,57.22,28.08,1201.62,611.94,77.69,1123.93,78.1,0,B
2024Q3,Coca-Cola,Carbonated Soft Drinks,On-Trade,Western Cape,23,44.91,22.89,1032.93,506.46,45.5,987.43,72.4,0,D
2024Q1,Sprite,Carbonated Soft Drinks,Convenience,Limpopo,55,55.65,27.83,3060.75,1530.1,122.91,2937.84,49.1,0,C
2024Q3,Cappy,Juices & Nectars,Mass Retail,Eastern Cape,55,75.84,41.66,4171.2,1879.9,284.96,3886.24,61.4,0,A
2024Q4,Powerplay,Energy Drinks,Convenience,Western Cape,13,111.76,65.71,1452.88,598.65,124.98,1327.9,59.3,0,B
2024Q1,Fanta,Carbonated Soft Drinks,On-Trade,Gauteng,27,44.49,25.33,1201.23,517.32,68.44,1132.79,94.4,0,B
2024Q2,Cappy,Juices & Nectars,On-Trade,Gauteng,24,71.09,42.37,1706.16,689.28,119.87,1586.29,58.4,0,C
2024Q2,Sprite,Carbonated Soft Drinks,Mass Retail,Gauteng,39,55.29,30.72,2156.31,958.23,216.92,1939.39,45.4,0,A
2024Q1,Fanta,Carbonated Soft Drinks,E-Commerce,North West,65,52.88,26.55,3437.2,1711.45,252.69,3184.51,67.2,1,B
2024Q1,Fanta,Carbonated Soft Drinks,Convenience,Limpopo,97,49.04,25.6,4756.88,2273.68,354.89,4401.99,95.9,1,B
2024Q2,Cappy,Juices & Nectars,Mass Retail,Limpopo,111,69.9,41.0,7758.9,3207.9,754.75,7004.15,83.5,1,D
2024Q1,Cappy,Juices & Nectars,Convenience,Mpumalanga,108,67.82,33.45,7324.56,3711.96,300.04,7024.52,88.2,0,A
2024Q4,Cappy,Juices & Nectars,Mass Retail,Gauteng,55,66.17,38.86,3639.35,1502.05,427.36,3211.99,94.3,0,C
2024Q1,Bonaqua,Water,Mass Retail,Eastern Cape,61,44.16,26.21,2693.76,1094.95,277.5,2416.26,53.1,1,A
2024Q2,Bonaqua,Water,Mass Retail,Gauteng,61,38.53,22.87,2350.33,955.26,187.15,2163.18,75.8,0,C
2024Q4,Coca-Cola,Carbonated Soft Drinks,Mass Retail,KwaZulu-Natal,26,51.51,28.2,1339.26,606.06,151.47,1187.79,86.9,0,A
2024Q4,Schweppes,Mixers,Mass Retail,Eastern Cape,38,54.69,32.64,2078.22,837.9,193.68,1884.54,67.5,1,C
2024Q4,Stoney,Carbonated Soft Drinks,Convenience,Western Cape,27,61.82,31.61,1669.14,815.67,175.72,1493.42,97.0,0,D
2024Q4,Schweppes,Mixers,On-Trade,Western Cape,10,62.07,29.97,620.7,321.0,34.35,586.35,76.0,1,B
2024Q4,Schweppes,Mixers,Mass Retail,Western Cape,29,58.08,32.12,1684.32,752.84,136.36,1547.96,77.0,0,B
2024Q2,Coca-Cola,Carbonated Soft Drinks,On-Trade,KwaZulu-Natal,29,56.38,32.59,1635.02,689.91,148.58,1486.44,51.2,0,A
2024Q3,Cappy,Juices & Nectars,Mass Retail,KwaZulu-Natal,69,67.49,40.72,4656.81,1847.13,242.51,4414.3,49.3,0,A
2024Q4,Bonaqua,Water,E-Commerce,North West,74,45.57,26.0,3372.18,1448.18,193.78,3178.4,57.0,0,C
2024Q2,Sprite,Carbonated Soft Drinks,E-Commerce,KwaZulu-Natal,37,51.68,27.68,1912.16,888.0,121.4,1790.76,61.7,1,A
2024Q1,Coca-Cola,Carbonated Soft Drinks,Mass Retail,Gauteng,11,50.38,29.11,554.18,233.97,27.66,526.52,95.3,1,B
2024Q4,Sprite,Carbonated Soft Drinks,Mass Retail,KwaZulu-Natal,53,56.52,28.23,2995.56,1499.37,162.08,2833.48,58.4,1,A
2024Q1,Coca-Cola,Carbonated Soft Drinks,Convenience,KwaZulu-Natal,58,44.7,21.63,2592.6,1338.06,182.99,2409.61,58.1,0,A
2024Q1,Bonaqua,Water,Mass Retail,KwaZulu-Natal,33,41.5,22.39,1369.5,630.63,95.12,1274.38,86.6,1,A
2024Q1,Stoney,Carbonated Soft Drinks,Wholesale,Western Cape,30,62.12,32.55,1863.6,887.1,219.77,1643.83,94.6,0,B
2024Q2,Coca-Cola,Carbonated Soft Drinks,Mass Retail,KwaZulu-Natal,13,45.41,22.81,590.33,293.8,48.33,542.0,84.5,1,C
2024Q2,Monster,Energy Drinks,Wholesale,KwaZulu-Natal,38,106.08,63.53,4031.04,1616.9,468.61,3562.43,85.7,1,A
2024Q4,Coca-Cola,Carbonated Soft Drinks,Convenience,Gauteng,39,46.97,26.2,1831.83,810.03,138.13,1693.7,97.2,1,C
2024Q4,Fanta,Carbonated Soft Drinks,Mass Retail,KwaZulu-Natal,12,52.16,28.89,625.92,279.24,64.08,561.84,58.1,0,B
2024Q4,Cappy,Juices & Nectars,Convenience,Northern Cape,10,68.87,37.16,688.7,317.1,70.2,618.5,88.5,1,D
2024Q2,Sprite,Carbonated Soft Drinks,Mass Retail,Free State,19,56.59,27.35,1075.21,555.56,90.2,985.01,56.9,1,A
2024Q2,Coca-Cola,Carbonated Soft Drinks,Wholesale,North West,32,59.36,35.11,1899.52,776.0,176.87,1722.65,83.7,0,C
2024Q2,Sprite,Carbonated Soft Drinks,Convenience,Eastern Cape,55,48.73,24.76,2680.15,1318.35,282.04,2398.11,72.7,1,B
2024Q2,Fanta,Carbonated Soft Drinks,Mass Retail,Limpopo,50,50.65,24.89,2532.5,1288.0,123.45,2409.05,89.7,1,D
2024Q1,Fanta,Carbonated Soft Drinks,Mass Retail,Gauteng,30,48.72,26.57,1461.6,664.5,125.05,1336.55,71.9,0,C
2024Q4,Cappy,Juices & Nectars,On-Trade,Gauteng,16,66.6,40.88,1065.6,411.52,42.97,1022.63,86.1,1,C
2024Q1,Coca-Cola,Carbonated Soft Drinks,On-Trade,Western Cape,10,49.54,25.35,495.4,241.9,39.3,456.1,54.1,0,B
2024Q2,Fanta,Carbonated Soft Drinks,On-Trade,Western Cape,10,45.72,24.9,457.2,208.2,38.13,419.07,52.5,0,C
2024Q2,Fanta,Carbonated Soft Drinks,Mass Retail,North West,25,52.46,26.51,1311.5,648.75,132.25,1179.25,54.7,1,C
2024Q2,Powerplay,Energy Drinks,On-Trade,Gauteng,11,113.87,57.4,1252.57,621.17,148.46,1104.11,60.5,0,B
2024Q2,Sprite,Carbonated Soft Drinks,On-Trade,Gauteng,47,53.39,29.38,2509.33,1128.47,116.15,2393.18,83.9,0,C
2024Q1,Coca-Cola,Carbonated Soft Drinks,Mass Retail,Eastern Cape,49,48.86,26.5,2394.14,1095.64,240.16,2153.98,82.8,1,B
2024Q1,Fanta,Carbonated Soft Drinks,Mass Retail,KwaZulu-Natal,30,44.77,27.34,1343.1,522.9,90.48,1252.62,78.3,1,C
2024Q1,Cappy,Juices & Nectars,Mass Retail,Free State,60,75.21,43.63,4512.6,1894.8,507.09,4005.51,52.8,1,A
2024Q3,Schweppes,Mixers,Wholesale,Western Cape,71,61.7,35.52,4380.7,1858.78,254.94,4125.76,56.4,0,A
2024Q1,Fanta,Carbonated Soft Drinks,Wholesale,Eastern Cape,51,45.84,25.16,2337.84,1054.68,165.82,2172.02,60.9,0,B
2024Q4,Coca-Cola,Carbonated Soft Drinks,Wholesale,KwaZulu-Natal,328,53.6,32.85,17580.8,6806.0,1622.89,15957.91,95.8,1,B
2024Q1,Coca-Cola,Carbonated Soft Drinks,E-Commerce,Western Cape,23,55.89,33.17,1285.47,522.56,139.41,1146.06,59.4,0,B
2024Q4,Cappy,Juices & Nectars,Mass Retail,Gauteng,22,68.37,40.05,1504.14,623.04,73.46,1430.68,93.5,1,B
2024Q3,Sprite,Carbonated Soft Drinks,Petrol & Travel,Eastern Cape,15,56.22,29.11,843.3,406.65,60.98,782.32,70.8,1,C
2024Q1,Powerplay,Energy Drinks,Petrol & Travel,Eastern Cape,29,121.8,67.4,3532.2,1577.6,200.14,3332.06,77.2,0,C
2024Q1,Bonaqua,Water,Mass Retail,Northern Cape,22,38.35,18.77,843.7,430.76,38.22,805.48,45.7,1,A
2024Q2,Sprite,Carbonated Soft Drinks,Convenience,Gauteng,13,60.42,31.9,785.46,370.76,39.71,745.75,75.5,0,A
2024Q4,Schweppes,Mixers,Convenience,Gauteng,83,61.22,34.4,5081.26,2226.06,315.47,4765.79,72.0,1,B
2024Q1,Coca-Cola,Carbonated Soft Drinks,Mass Retail,KwaZulu-Natal,39,53.31,29.27,2079.09,937.56,243.75,1835.34,74.0,0,C
2024Q4,Coca-Cola,Carbonated Soft Drinks,Convenience,Gauteng,35,48.27,28.98,1689.45,675.15,184.72,1504.73,77.0,0,C
2024Q4,Sprite,Carbonated Soft Drinks,Mass Retail,Eastern Cape,88,58.5,31.45,5148.0,2380.4,402.06,4745.94,81.1,0,C
2024Q4,Sprite,Carbonated Soft Drinks,On-Trade,Gauteng,24,60.35,33.9,1448.4,634.8,162.9,1285.5,93.3,0,B
2024Q2,Monster,Energy Drinks,Mass Retail,Western Cape,57,103.51,51.15,5900.07,2984.52,657.95,5242.12,52.9,0,B
2024Q3,Coca-Cola,Carbonated Soft Drinks,Convenience,Mpumalanga,96,54.24,30.22,5207.04,2305.92,233.09,4973.95,82.4,0,A
2024Q2,Stoney,Carbonated Soft Drinks,Convenience,Eastern Cape,121,62.99,34.88,7621.79,3401.31,774.36,6847.43,84.9,0,B
2024Q4,Sprite,Carbonated Soft Drinks,On-Trade,Gauteng,32,55.68,32.23,1781.76,750.4,184.99,1596.77,64.9,0,B
2024Q2,Fanta,Carbonated Soft Drinks,On-Trade,Gauteng,28,41.65,20.0,1166.2,606.2,130.53,1035.67,60.2,1,B
2024Q3,Sprite,Carbonated Soft Drinks,Wholesale,Northern Cape,21,59.0,33.75,1239.0,530.25,130.99,1108.01,87.0,0,A
2024Q1,Fanta,Carbonated Soft Drinks,On-Trade,KwaZulu-Natal,4,50.09,27.95,200.36,88.56,12.8,187.56,70.7,0,B
2024Q1,Fanta,Carbonated Soft Drinks,Mass Retail,Gauteng,51,45.57,26.17,2324.07,989.4,247.14,2076.93,91.4,0,A
2024Q4,Coca-Cola,Carbonated Soft Drinks,Convenience,Western Cape,24,52.65,26.08,1263.6,637.68,132.68,1130.92,57.3,0,B
2024Q2,Fanta,Carbonated Soft Drinks,Convenience,Gauteng,25,48.48,28.53,1212.0,498.75,73.87,1138.13,68.8,1,D
2024Q1,Sprite,Carbonated Soft Drinks,E-Commerce,Gauteng,84,59.4,31.52,4989.6,2341.92,512.83,4476.77,57.7,0,D
2024Q4,Bonaqua,Water,Wholesale,Gauteng,26,39.8,20.57,1034.8,499.98,51.56,983.24,54.0,0,A
2024Q2,Bonaqua,Water,Convenience,Western Cape,65,39.8,20.19,2587.0,1274.65,304.6,2282.4,87.9,0,B
2024Q3,Bonaqua,Water,Mass Retail,North West,34,40.69,24.02,1383.46,566.78,103.79,1279.67,72.1,0,C
2024Q1,Sprite,Carbonated Soft Drinks,Mass Retail,Western Cape,23,54.84,32.18,1261.32,521.18,108.29,1153.03,88.2,1,B
2024Q1,Monster,Energy Drinks,Mass Retail,Western Cape,11,117.0,70.96,1287.0,506.44,62.8,1224.2,89.7,1,C
2024Q2,Sprite,Carbonated Soft Drinks,Mass Retail,KwaZulu-Natal,81,48.78,24.31,3951.18,1982.07,296.28,3654.9,55.8,0,B
2024Q4,Fanta,Carbonated Soft Drinks,On-Trade,Western Cape,29,48.4,27.51,1403.6,605.81,158.67,1244.93,91.0,0,B
2024Q1,Powerplay,Energy Drinks,Mass Retail,Western Cape,39,109.86,57.52,4284.54,2041.26,483.9,3800.64,66.3,0,B
2024Q1,Schweppes,Mixers,E-Commerce,KwaZulu-Natal,8,49.04,27.29,392.32,174.0,26.86,365.46,87.0,0,A
2024Q1,Cappy,Juices & Nectars,Mass Retail,KwaZulu-Natal,14,70.85,43.63,991.9,381.08,92.06,899.84,55.5,0,B
2024Q2,Sprite,Carbonated Soft Drinks,On-Trade,Western Cape,262,61.27,31.03,16052.74,7922.88,1089.5,14963.24,95.1,0,B
2024Q3,Bonaqua,Water,Convenience,KwaZulu-Natal,77,36.61,18.76,2818.97,1374.45,236.82,2582.15,65.5,0,A
2024Q2,Coca-Cola,Carbonated Soft Drinks,Mass Retail,Gauteng,155,45.59,27.91,7066.45,2740.4,841.89,6224.56,50.4,0,C
2024Q1,Schweppes,Mixers,Mass Retail,Gauteng,99,49.52,26.37,4902.48,2291.85,353.42,4549.06,53.4,0,A
2024Q2,Bonaqua,Water,On-Trade,Gauteng,11,41.04,22.81,451.44,200.53,53.2,398.24,82.9,0,C
2024Q4,Cappy,Juices & Nectars,Wholesale,KwaZulu-Natal,37,71.17,35.51,2633.29,1319.42,220.67,2412.62,54.6,0,A
2024Q4,Stoney,Carbonated Soft Drinks,On-Trade,Western Cape,30,61.12,33.06,1833.6,841.8,135.17,1698.43,60.1,0,D
2024Q3,Cappy,Juices & Nectars,Mass Retail,Gauteng,20,67.75,40.48,1355.0,545.4,74.48,1280.52,96.9,0,B
2024Q3,Cappy,Juices & Nectars,Mass Retail,KwaZulu-Natal,18,67.9,35.87,1222.2,576.54,127.34,1094.86,70.3,0,B
2024Q4,Bonaqua,Water,Petrol & Travel,Western Cape,59,40.81,25.2,2407.79,920.99,183.74,2224.05,75.0,0,C
2024Q4,Bonaqua,Water,Mass Retail,Eastern Cape,48,39.2,22.06,1881.6,822.72,184.47,1697.13,49.2,0,C
2024Q2,Sprite,Carbonated Soft Drinks,Mass Retail,North West,72,52.68,29.04,3792.96,1702.08,235.05,3557.91,95.5,0,B
2024Q4,Stoney,Carbonated Soft Drinks,Mass Retail,KwaZulu-Natal,85,67.26,38.76,5717.1,2422.5,246.21,5470.89,60.5,0,B
2024Q3,Powerplay,Energy Drinks,Mass Retail,Eastern Cape,50,107.73,54.93,5386.5,2640.0,645.27,4741.23,82.0,0,B
2024Q3,Cappy,Juices & Nectars,On-Trade,Limpopo,63,65.76,36.59,4142.88,1837.71,391.4,3751.48,50.0,0,C
2024Q4,Bonaqua,Water,On-Trade,Limpopo,30,40.76,23.77,1222.8,509.7,51.4,1171.4,94.1,0,A
2024Q2,Powerade,Sports Drinks,E-Commerce,Western Cape,17,65.85,37.68,1119.45,478.89,47.45,1072.0,70.6,1,A
2024Q4,Monster,Energy Drinks,E-Commerce,Western Cape,24,110.95,54.06,2662.8,1365.36,109.92,2552.88,77.8,0,A
2024Q4,Fanta,Carbonated Soft Drinks,On-Trade,Gauteng,56,45.1,27.23,2525.6,1000.72,157.06,2368.54,89.1,0,C
2024Q3,Schweppes,Mixers,Mass Retail,Free State,30,55.67,30.68,1670.1,749.7,164.56,1505.54,60.2,0,B
2024Q3,Monster,Energy Drinks,On-Trade,Northern Cape,14,124.25,61.33,1739.5,880.88,94.82,1644.68,70.8,0,C
2024Q3,Coca-Cola,Carbonated Soft Drinks,Mass Retail,Eastern Cape,61,55.81,28.36,3404.41,1674.45,298.21,3106.2,46.1,0,B
2024Q2,Coca-Cola,Carbonated Soft Drinks,Petrol & Travel,Gauteng,21,57.9,34.57,1215.9,489.93,143.59,1072.31,77.2,1,B
2024Q1,Sprite,Carbonated Soft Drinks,Mass Retail,Free State,86,57.06,32.42,4907.16,2119.04,504.88,4402.28,87.4,0,B
2024Q2,Coca-Cola,Carbonated Soft Drinks,Wholesale,Eastern Cape,54,50.42,28.82,2722.68,1166.4,172.01,2550.67,97.3,0,B
2024Q4,Stoney,Carbonated Soft Drinks,Convenience,Mpumalanga,83,60.87,31.45,5052.21,2441.86,370.24,4681.97,54.8,0,D
2024Q3,Monster,Energy Drinks,On-Trade,Gauteng,10,110.95,63.71,1109.5,472.4,54.84,1054.66,48.3,0,C
2024Q1,Powerade,Sports Drinks,Mass Retail,KwaZulu-Natal,8,62.83,32.43,502.64,243.2,33.73,468.91,53.7,0,A
2024Q3,Coca-Cola,Carbonated Soft Drinks,On-Trade,Western Cape,29,53.02,30.53,1537.58,652.21,78.94,1458.64,63.8,0,A
2024Q3,Coca-Cola,Carbonated Soft Drinks,On-Trade,Gauteng,30,54.88,31.65,1646.4,696.9,145.21,1501.19,52.5,0,A
2024Q3,Coca-Cola,Carbonated Soft Drinks,On-Trade,Gauteng,24,51.49,26.88,1235.76,590.64,82.61,1153.15,49.9,0,A
2024Q2,Coca-Cola,Carbonated Soft Drinks,Wholesale,KwaZulu-Natal,88,45.94,22.09,4042.72,2098.8,479.32,3563.4,54.0,0,C
2024Q3,Cappy,Juices & Nectars,On-Trade,Free State,17,69.74,34.57,1185.58,597.89,61.89,1123.69,58.1,1,A
2024Q2,Cappy,Juices & Nectars,On-Trade,Gauteng,17,76.41,42.43,1298.97,577.66,56.88,1242.09,90.6,1,A
2024Q2,Sprite,Carbonated Soft Drinks,Mass Retail,Northern Cape,20,54.48,27.19,1089.6,545.8,101.62,987.98,81.7,0,B
2024Q4,Coca-Cola,Carbonated Soft Drinks,Convenience,Gauteng,53,52.31,28.82,2772.43,1244.97,210.57,2561.86,58.1,1,C
2024Q1,Sprite,Carbonated Soft Drinks,Mass Retail,KwaZulu-Natal,7,57.56,31.85,402.92,179.97,22.76,380.16,89.4,0,C
2024Q3,Fanta,Carbonated Soft Drinks,Convenience,Western Cape,68,48.17,29.01,3275.56,1302.88,392.04,2883.52,63.2,0,B
2024Q4,Coca-Cola,Carbonated Soft Drinks,Mass Retail,KwaZulu-Natal,53,46.59,26.96,2469.27,1040.39,245.17,2224.1,56.0,0,D
2024Q2,Cappy,Juices & Nectars,E-Commerce,KwaZulu-Natal,10,64.77,36.01,647.7,287.6,70.64,577.06,96.3,0,B
2024Q3,Coca-Cola,Carbonated Soft Drinks,On-Trade,Mpumalanga,9,47.34,23.48,426.06,214.74,47.11,378.95,77.6,0,C
2024Q1,Coca-Cola,Carbonated Soft Drinks,On-Trade,KwaZulu-Natal,12,44.67,23.43,536.04,254.88,40.24,495.8,77.3,0,D
2024Q1,Sprite,Carbonated Soft Drinks,Convenience,KwaZulu-Natal,9,54.55,33.4,490.95,190.35,48.51,442.44,78.9,0,B
2024Q2,Coca-Cola,Carbonated Soft Drinks,Convenience,Western Cape,29,51.41,27.7,1490.89,687.59,78.41,1412.48,90.3,0,C
2024Q4,Schweppes,Mixers,E-Commerce,Western Cape,20,56.47,31.78,1129.4,493.8,55.7,1073.7,84.4,0,C
2024Q3,Cappy,Juices & Nectars,E-Commerce,Eastern Cape,12,67.65,39.92,811.8,332.76,52.46,759.34,56.8,0,C
2024Q1,Coca-Cola,Carbonated Soft Drinks,Convenience,Western Cape,27,53.93,32.72,1456.11,572.67,64.49,1391.62,49.4,0,B
2024Q1,Cappy,Juices & Nectars,Convenience,Gauteng,20,61.58,30.73,1231.6,617.0,82.0,1149.6,59.9,0,B
2024Q1,Coca-Cola,Carbonated Soft Drinks,On-Trade,Western Cape,36,52.25,30.38,1881.0,787.32,179.8,1701.2,81.8,0,C
2024Q1,Coca-Cola,Carbonated Soft Drinks,On-Trade,Western Cape,14,47.57,27.77,665.98,277.2,38.82,627.16,93.3,0,B
2024Q3,Sprite,Carbonated Soft Drinks,Mass Retail,Western Cape,73,52.15,27.31,3806.95,1813.32,445.65,3361.3,97.1,0,C
2024Q2,Cappy,Juices & Nectars,Convenience,Mpumalanga,25,64.0,35.34,1600.0,716.5,172.99,1427.01,54.8,1,D
2024Q1,Stoney,Carbonated Soft Drinks,Convenience,Gauteng,33,55.83,33.71,1842.39,729.96,79.94,1762.45,56.3,0,D
2024Q1,Bonaqua,Water,Mass Retail,Eastern Cape,47,41.95,24.75,1971.65,808.4,99.34,1872.31,66.1,0,B
2024Q2,Coca-Cola,Carbonated Soft Drinks,Wholesale,KwaZulu-Natal,33,52.28,30.29,1725.24,725.67,200.31,1524.93,68.8,1,A
2024Q3,Sprite,Carbonated Soft Drinks,E-Commerce,Western Cape,40,55.8,32.23,2232.0,942.8,232.72,1999.28,67.4,1,A
2024Q2,Schweppes,Mixers,On-Trade,Eastern Cape,25,57.32,35.18,1433.0,553.5,114.39,1318.61,89.3,0,A
2024Q4,Coca-Cola,Carbonated Soft Drinks,Convenience,Eastern Cape,40,48.57,30.1,1942.8,738.8,83.11,1859.69,89.6,1,B
2024Q3,Coca-Cola,Carbonated Soft Drinks,On-Trade,Gauteng,9,46.42,28.12,417.78,164.7,33.57,384.21,68.7,0,B
2024Q1,Coca-Cola,Carbonated Soft Drinks,Mass Retail,Gauteng,77,52.32,28.77,4028.64,1813.35,232.64,3796.0,87.7,0,B
2024Q3,Stoney,Carbonated Soft Drinks,On-Trade,Gauteng,32,53.56,26.09,1713.92,879.04,73.55,1640.37,71.3,1,A
2024Q2,Cappy,Juices & Nectars,Wholesale,KwaZulu-Natal,4,64.09,31.98,256.36,128.44,22.14,234.22,82.6,0,C
2024Q1,Fanta,Carbonated Soft Drinks,Convenience,KwaZulu-Natal,14,48.85,26.86,683.9,307.86,76.07,607.83,69.8,1,B
2024Q4,Sprite,Carbonated Soft Drinks,On-Trade,Gauteng,16,60.28,31.43,964.48,461.6,107.65,856.83,54.4,0,B
2024Q1,Sprite,Carbonated Soft Drinks,E-Commerce,Western Cape,18,62.25,30.23,1120.5,576.36,65.24,1055.26,92.8,0,D
2024Q4,Coca-Cola,Carbonated Soft Drinks,Mass Retail,Gauteng,39,57.49,35.19,2242.11,869.7,252.75,1989.36,70.6,0,A
2024Q4,Schweppes,Mixers,E-Commerce,Eastern Cape,123,61.72,33.93,7591.56,3418.17,803.06,6788.5,54.7,0,A
2024Q2,Schweppes,Mixers,Mass Retail,KwaZulu-Natal,13,61.04,33.06,793.52,363.74,92.92,700.6,78.2,0,B
2024Q4,Powerplay,Energy Drinks,E-Commerce,Western Cape,71,116.74,65.71,8288.54,3623.13,425.84,7862.7,72.5,1,B
2024Q4,Sprite,Carbonated Soft Drinks,E-Commerce,Western Cape,53,49.55,27.33,2626.15,1177.66,109.53,2516.62,51.9,0,B
2024Q1,Sprite,Carbonated Soft Drinks,Mass Retail,Limpopo,12,55.13,30.05,661.56,300.96,39.86,621.7,56.9,0,B
2024Q1,Coca-Cola,Carbonated Soft Drinks,Mass Retail,Gauteng,23,51.46,31.69,1183.58,454.71,122.6,1060.98,58.5,0,C
2024Q2,Coca-Cola,Carbonated Soft Drinks,Mass Retail,KwaZulu-Natal,24,55.9,31.27,1341.6,591.12,111.07,1230.53,66.3,0,B
2024Q3,Fanta,Carbonated Soft Drinks,Mass Retail,Gauteng,23,49.95,29.67,1148.85,466.44,56.35,1092.5,69.6,0,B
2024Q4,Powerplay,Energy Drinks,Mass Retail,Gauteng,18,122.73,71.55,2209.14,921.24,111.58,2097.56,79.6,0,B
2024Q3,Sprite,Carbonated Soft Drinks,Mass Retail,Eastern Cape,38,59.53,31.18,2262.14,1077.3,120.05,2142.09,63.3,0,A
2024Q4,Cappy,Juices & Nectars,E-Commerce,Gauteng,102,68.48,35.22,6984.96,3392.52,572.15,6412.81,66.5,1,C
2024Q2,Coca-Cola,Carbonated Soft Drinks,Mass Retail,KwaZulu-Natal,63,43.38,22.81,2732.94,1295.91,301.05,2431.89,90.8,1,A
2024Q2,Sprite,Carbonated Soft Drinks,Convenience,Gauteng,41,52.21,27.88,2140.61,997.53,176.51,1964.1,79.6,1,C
2024Q3,Schweppes,Mixers,Convenience,Gauteng,25,48.96,25.33,1224.0,590.75,53.76,1170.24,49.6,0,A
2024Q3,Coca-Cola,Carbonated Soft Drinks,Convenience,Gauteng,60,46.83,28.73,2809.8,1086.0,179.73,2630.07,90.3,0,A
2024Q2,Coca-Cola,Carbonated Soft Drinks,Mass Retail,KwaZulu-Natal,31,53.8,33.0,1667.8,644.8,127.91,1539.89,73.1,0,B
2024Q2,Coca-Cola,Carbonated Soft Drinks,Mass Retail,KwaZulu-Natal,61,58.08,31.27,3542.88,1635.41,366.32,3176.56,95.3,1,C
2024Q1,Coca-Cola,Carbonated Soft Drinks,E-Commerce,Western Cape,75,53.06,30.32,3979.5,1705.5,414.13,3565.37,92.4,0,C
2024Q2,Schweppes,Mixers,Mass Retail,Free State,40,58.69,28.88,2347.6,1192.4,138.8,2208.8,74.5,0,B
2024Q4,Schweppes,Mixers,On-Trade,KwaZulu-Natal,20,56.07,29.36,1121.4,534.2,114.03,1007.37,91.5,0,D
2024Q3,Cappy,Juices & Nectars,On-Trade,Western Cape,10,59.33,31.86,593.3,274.7,41.57,551.73,80.3,0,B
2024Q3,Sprite,Carbonated Soft Drinks,Mass Retail,Gauteng,31,53.76,27.49,1666.56,814.37,70.5,1596.06,70.0,1,A
2024Q4,Coca-Cola,Carbonated Soft Drinks,On-Trade,Eastern Cape,8,50.49,28.5,403.92,175.92,48.18,355.74,74.0,0,D
2024Q3,Sprite,Carbonated Soft Drinks,Convenience,Gauteng,27,58.46,29.42,1578.42,784.08,98.85,1479.57,66.3,0,C
2024Q3,Coca-Cola,Carbonated Soft Drinks,On-Trade,Western Cape,24,53.3,30.85,1279.2,538.8,71.98,1207.22,92.5,0,A
2024Q1,Coca-Cola,Carbonated Soft Drinks,Mass Retail,Western Cape,52,51.01,24.58,2652.52,1374.36,147.26,2505.26,67.4,0,C
2024Q3,Fanta,Carbonated Soft Drinks,Mass Retail,Gauteng,97,54.75,33.03,5310.75,2106.84,263.85,5046.9,72.7,0,B
2024Q4,Bonaqua,Water,Convenience,Western Cape,17,47.1,22.72,800.7,414.46,35.9,764.8,51.3,0,B
2024Q4,Sprite,Carbonated Soft Drinks,Mass Retail,Gauteng,28,51.02,25.77,1428.56,707.0,146.19,1282.37,91.2,0,B
2024Q1,Coca-Cola,Carbonated Soft Drinks,Convenience,KwaZulu-Natal,54,52.09,28.91,2812.86,1251.72,336.43,2476.43,52.5,0,C
2024Q4,Schweppes,Mixers,Convenience,Eastern Cape,23,57.33,35.32,1318.59,506.23,154.54,1164.05,65.3,0,A
2024Q4,Sprite,Carbonated Soft Drinks,Mass Retail,Eastern Cape,46,51.66,26.18,2376.36,1172.08,141.94,2234.42,86.3,0,D
2024Q3,Sprite,Carbonated Soft Drinks,Mass Retail,Gauteng,59,50.6,25.67,2985.4,1470.87,320.57,2664.83,59.2,0,B
2024Q4,Sprite,Carbonated Soft Drinks,Mass Retail,Free State,72,49.33,24.38,3551.76,1796.4,277.92,3273.84,62.7,0,C
2024Q2,Cappy,Juices & Nectars,Mass Retail,Eastern Cape,29,66.32,36.67,1923.28,859.85,228.98,1694.3,46.8,0,C
2024Q4,Bonaqua,Water,E-Commerce,Gauteng,9,36.77,19.36,330.93,156.69,36.93,294.0,46.0,0,D
2024Q2,Coca-Cola,Carbonated Soft Drinks,E-Commerce,Limpopo,19,46.17,24.88,877.23,404.51,56.47,820.76,50.0,1,B
2024Q1,Coca-Cola,Carbonated Soft Drinks,Mass Retail,Gauteng,67,49.7,24.79,3329.9,1668.97,331.03,2998.87,60.3,0,A
2024Q2,Sprite,Carbonated Soft Drinks,E-Commerce,KwaZulu-Natal,12,54.18,33.48,650.16,248.4,35.19,614.97,75.1,0,B
2024Q1,Coca-Cola,Carbonated Soft Drinks,Mass Retail,Western Cape,48,51.45,30.77,2469.6,992.64,262.73,2206.87,96.6,0,B
2024Q4,Powerade,Sports Drinks,E-Commerce,Gauteng,39,65.72,35.05,2563.08,1196.13,141.55,2421.53,70.6,0,B
2024Q4,Coca-Cola,Carbonated Soft Drinks,Mass Retail,Gauteng,42,50.84,27.38,2135.28,985.32,108.78,2026.5,90.0,0,B
2024Q2,Powerplay,Energy Drinks,Wholesale,Gauteng,14,99.04,52.95,1386.56,645.26,145.77,1240.79,45.6,1,A
2024Q2,Coca-Cola,Carbonated Soft Drinks,Mass Retail,KwaZulu-Natal,18,58.76,30.92,1057.68,501.12,116.11,941.57,93.6,0,B
2024Q2,Coca-Cola,Carbonated Soft Drinks,E-Commerce,Eastern Cape,46,51.04,29.77,2347.84,978.42,122.88,2224.96,77.3,1,C
2024Q1,Coca-Cola,Carbonated Soft Drinks,Petrol & Travel,Northern Cape,74,55.81,32.96,4129.94,1690.9,222.2,3907.74,78.3,1,C
2024Q2,Coca-Cola,Carbonated Soft Drinks,Wholesale,Western Cape,37,53.6,26.44,1983.2,1004.92,109.0,1874.2,80.2,0,B
2024Q2,Coca-Cola,Carbonated Soft Drinks,Mass Retail,Western Cape,16,56.07,32.08,897.12,383.84,48.59,848.53,73.8,0,B
2024Q2,Coca-Cola,Carbonated Soft Drinks,Convenience,Gauteng,22,52.61,32.54,1157.42,441.54,60.82,1096.6,83.1,0,B
2024Q1,Coca-Cola,Carbonated Soft Drinks,Mass Retail,Gauteng,16,49.71,25.1,795.36,393.76,86.43,708.93,91.3,0,B
2024Q1,Fanta,Carbonated Soft Drinks,Petrol & Travel,Western Cape,3,47.65,25.59,142.95,66.18,9.89,133.06,72.9,0,C
2024Q3,Sprite,Carbonated Soft Drinks,On-Trade,Western Cape,70,55.01,28.85,3850.7,1831.2,332.18,3518.52,60.9,0,C
2024Q1,Sprite,Carbonated Soft Drinks,Mass Retail,KwaZulu-Natal,21,57.61,32.7,1209.81,523.11,142.3,1067.51,72.7,1,B
2024Q1,Bonaqua,Water,Mass Retail,Western Cape,71,38.67,20.47,2745.57,1292.2,268.74,2476.83,86.2,0,B
2024Q3,Monster,Energy Drinks,E-Commerce,Northern Cape,19,120.5,66.55,2289.5,1025.05,217.33,2072.17,53.9,1,B
2024Q1,Coca-Cola,Carbonated Soft Drinks,On-Trade,KwaZulu-Natal,94,57.34,31.48,5389.96,2430.84,558.65,4831.31,70.5,0,B
2024Q3,Sprite,Carbonated Soft Drinks,On-Trade,KwaZulu-Natal,16,60.35,32.31,965.6,448.64,90.2,875.4,92.4,1,B
2024Q1,Coca-Cola,Carbonated Soft Drinks,Petrol & Travel,Gauteng,14,52.19,27.09,730.66,351.4,69.32,661.34,49.1,0,A
2024Q4,Sprite,Carbonated Soft Drinks,Petrol & Travel,Free State,58,51.84,31.61,3006.72,1173.34,142.25,2864.47,66.9,0,C
2024Q3,Cappy,Juices & Nectars,E-Commerce,Gauteng,15,67.2,36.49,1008.0,460.65,66.63,941.37,60.0,0,B
2024Q1,Coca-Cola,Carbonated Soft Drinks,Wholesale,Western Cape,4,42.29,20.82,169.16,85.88,17.62,151.54,70.5,0,B
2024Q1,Powerplay,Energy Drinks,Convenience,KwaZulu-Natal,21,116.67,56.07,2450.07,1272.6,276.61,2173.46,85.3,1,B
2024Q2,Powerade,Sports Drinks,Mass Retail,Gauteng,33,64.89,32.02,2141.37,1084.71,250.85,1890.52,92.4,0,B
2024Q3,Coca-Cola,Carbonated Soft Drinks,Mass Retail,Northern Cape,28,50.11,26.66,1403.08,656.6,110.1,1292.98,54.0,0,A
2024Q2,Stoney,Carbonated Soft Drinks,Mass Retail,Western Cape,54,59.23,36.19,3198.42,1244.16,272.63,2925.79,79.2,1,B
2024Q3,Coca-Cola,Carbonated Soft Drinks,E-Commerce,Gauteng,41,51.25,29.62,2101.25,886.83,115.89,1985.36,75.2,0,B
2024Q1,Coca-Cola,Carbonated Soft Drinks,E-Commerce,Gauteng,14,49.83,30.49,697.62,270.76,53.65,643.97,67.1,1,A
2024Q3,Schweppes,Mixers,On-Trade,Eastern Cape,23,56.96,30.9,1310.08,599.38,71.36,1238.72,52.6,0,B
2024Q2,Coca-Cola,Carbonated Soft Drinks,Mass Retail,KwaZulu-Natal,30,49.77,25.02,1493.1,742.5,142.0,1351.1,49.2,0,C
2024Q2,Bonaqua,Water,Convenience,Free State,20,41.35,20.36,827.0,419.8,81.48,745.52,56.4,0,B
2024Q2,Coca-Cola,Carbonated Soft Drinks,E-Commerce,KwaZulu-Natal,101,54.88,29.1,5542.88,2603.78,664.46,4878.42,59.8,0,A
2024Q4,Coca-Cola,Carbonated Soft Drinks,Petrol & Travel,Western Cape,20,50.63,28.33,1012.6,446.0,69.13,943.47,75.9,0,C
2024Q3,Coca-Cola,Carbonated Soft Drinks,On-Trade,Eastern Cape,14,52.51,28.44,735.14,336.98,77.16,657.98,61.7,0,B
2024Q3,Powerplay,Energy Drinks,On-Trade,Free State,81,108.3,61.92,8772.3,3756.78,421.21,8351.09,90.9,0,C
2024Q1,Monster,Energy Drinks,Wholesale,Mpumalanga,27,125.56,73.59,3390.12,1403.19,265.44,3124.68,84.0,0,C
2024Q1,Powerade,Sports Drinks,On-Trade,Western Cape,30,72.68,43.63,2180.4,871.5,104.91,2075.49,50.4,0,A
2024Q3,Fanta,Carbonated Soft Drinks,Mass Retail,KwaZulu-Natal,15,51.74,28.26,776.1,352.2,36.9,739.2,76.9,0,B
2024Q3,Cappy,Juices & Nectars,On-Trade,KwaZulu-Natal,18,74.4,46.06,1339.2,510.12,124.59,1214.61,88.2,0,A
2024Q2,Coca-Cola,Carbonated Soft Drinks,Mass Retail,Gauteng,5,53.4,30.73,267.0,113.35,23.29,243.71,78.4,0,A
2024Q3,Cappy,Juices & Nectars,Convenience,Western Cape,123,56.07,33.5,6896.61,2776.11,696.78,6199.83,51.3,1,C
2024Q3,Schweppes,Mixers,On-Trade,Western Cape,56,54.52,33.08,3053.12,1200.64,217.81,2835.31,74.8,0,B
2024Q3,Cappy,Juices & Nectars,Convenience,Gauteng,36,64.1,37.14,2307.6,970.56,149.22,2158.38,90.3,0,D
2024Q2,Coca-Cola,Carbonated Soft Drinks,Petrol & Travel,KwaZulu-Natal,25,49.32,23.85,1233.0,636.75,126.49,1106.51,47.8,0,C
2024Q3,Sprite,Carbonated Soft Drinks,On-Trade,Mpumalanga,46,55.03,31.24,2531.38,1094.34,185.47,2345.91,87.5,0,C
2024Q1,Cappy,Juices & Nectars,Mass Retail,Western Cape,64,60.12,32.14,3847.68,1790.72,195.74,3651.94,48.5,0,A
2024Q4,Coca-Cola,Carbonated Soft Drinks,Petrol & Travel,Western Cape,16,59.21,35.85,947.36,373.76,69.03,878.33,82.6,0,B
2024Q2,Sprite,Carbonated Soft Drinks,Mass Retail,Western Cape,34,60.85,35.01,2068.9,878.56,151.22,1917.68,79.3,1,C
2024Q2,Powerade,Sports Drinks,On-Trade,Gauteng,10,65.72,31.9,657.2,338.2,57.23,599.97,90.8,1,C
2024Q1,Schweppes,Mixers,E-Commerce,North West,28,50.98,29.22,1427.44,609.28,76.65,1350.79,48.0,0,C
2024Q1,Fanta,Carbonated Soft Drinks,E-Commerce,Eastern Cape,95,45.16,22.5,4290.2,2152.7,252.59,4037.61,73.4,0,B
2024Q3,Bonaqua,Water,Mass Retail,Gauteng,30,34.43,18.45,1032.9,479.4,115.47,917.43,48.8,0,B
2024Q3,Coca-Cola,Carbonated Soft Drinks,Wholesale,Gauteng,16,58.26,31.32,932.16,431.04,63.51,868.65,77.0,0,B
2024Q3,Coca-Cola,Carbonated Soft Drinks,E-Commerce,KwaZulu-Natal,25,57.21,33.2,1430.25,600.25,162.04,1268.21,93.8,0,A
2024Q2,Powerade,Sports Drinks,Mass Retail,KwaZulu-Natal,49,79.27,40.08,3884.23,1920.31,193.79,3690.44,70.7,1,C
2024Q4,Cappy,Juices & Nectars,Mass Retail,KwaZulu-Natal,146,72.13,39.93,10530.98,4701.2,451.93,10079.05,48.1,1,B
2024Q4,Stoney,Carbonated Soft Drinks,Wholesale,Gauteng,11,55.04,26.82,605.44,310.42,54.99,550.45,79.6,1,C
2024Q3,Powerade,Sports Drinks,Convenience,Gauteng,31,58.97,32.09,1828.07,833.28,124.09,1703.98,88.3,1,A
2024Q1,Sprite,Carbonated Soft Drinks,Mass Retail,Western Cape,9,47.09,25.69,423.81,192.6,46.16,377.65,56.6,1,C
2024Q2,Sprite,Carbonated Soft Drinks,Mass Retail,Free State,13,57.19,28.05,743.47,378.82,55.11,688.36,56.6,0,B
2024Q1,Coca-Cola,Carbonated Soft Drinks,Mass Retail,KwaZulu-Natal,23,51.03,28.5,1173.69,518.19,49.48,1124.21,96.2,0,B
2024Q1,Cappy,Juices & Nectars,Convenience,Gauteng,70,70.03,36.35,4902.1,2357.6,489.72,4412.38,89.1,1,A
2024Q2,Coca-Cola,Carbonated Soft Drinks,Convenience,KwaZulu-Natal,56,49.2,24.95,2755.2,1358.0,264.12,2491.08,90.3,0,C
2024Q2,Fanta,Carbonated Soft Drinks,Mass Retail,KwaZulu-Natal,48,49.94,26.85,2397.12,1108.32,137.72,2259.4,72.2,0,A
2024Q4,Sprite,Carbonated Soft Drinks,Convenience,KwaZulu-Natal,208,48.97,26.36,10185.76,4702.88,835.04,9350.72,95.5,0,B
2024Q4,Cappy,Juices & Nectars,On-Trade,Gauteng,64,62.58,33.0,4005.12,1893.12,421.73,3583.39,48.0,0,A
2024Q2,Coca-Cola,Carbonated Soft Drinks,E-Commerce,KwaZulu-Natal,13,58.56,35.25,761.28,303.03,61.9,699.38,60.7,0,B
2024Q3,Coca-Cola,Carbonated Soft Drinks,On-Trade,Gauteng,87,54.12,30.85,4708.44,2024.49,251.25,4457.19,80.5,0,A
2024Q4,Schweppes,Mixers,Wholesale,Gauteng,63,57.01,30.24,3591.63,1686.51,319.5,3272.13,64.3,1,B
2024Q2,Coca-Cola,Carbonated Soft Drinks,E-Commerce,Gauteng,198,47.57,25.55,9418.86,4359.96,671.12,8747.74,88.5,1,A
2024Q2,Coca-Cola,Carbonated Soft Drinks,Convenience,KwaZulu-Natal,68,49.55,30.17,3369.4,1317.84,245.91,3123.49,92.1,1,B
2024Q4,Sprite,Carbonated Soft Drinks,Mass Retail,North West,50,53.46,32.42,2673.0,1052.0,154.56,2518.44,48.1,1,B
2024Q3,Schweppes,Mixers,E-Commerce,Western Cape,66,53.7,29.61,3544.2,1589.94,270.94,3273.26,76.0,0,C
2024Q4,Coca-Cola,Carbonated Soft Drinks,Mass Retail,KwaZulu-Natal,41,49.67,30.29,2036.47,794.58,116.22,1920.25,89.4,0,D
2024Q4,Bonaqua,Water,On-Trade,Western Cape,34,48.44,26.83,1646.96,734.74,96.44,1550.52,80.8,1,B
2024Q3,Coca-Cola,Carbonated Soft Drinks,E-Commerce,KwaZulu-Natal,9,46.47,26.68,418.23,178.11,19.75,398.48,55.9,1,A
2024Q3,Cappy,Juices & Nectars,On-Trade,Mpumalanga,28,65.56,37.04,1835.68,798.56,180.95,1654.73,80.0,0,B
2024Q1,Powerplay,Energy Drinks,Wholesale,Free State,49,100.06,60.82,4902.94,1922.76,469.81,4433.13,56.6,0,A
2024Q4,Sprite,Carbonated Soft Drinks,Wholesale,Limpopo,35,53.77,30.42,1881.95,817.25,184.51,1697.44,45.6,0,B
2024Q4,Coca-Cola,Carbonated Soft Drinks,On-Trade,Free State,19,53.8,28.44,1022.2,481.84,93.1,929.1,71.3,1,B
2024Q2,Coca-Cola,Carbonated Soft Drinks,Convenience,Free State,34,51.81,26.0,1761.54,877.54,94.71,1666.83,89.0,0,A
2024Q2,Cappy,Juices & Nectars,E-Commerce,Western Cape,22,79.9,44.72,1757.8,773.96,154.94,1602.86,96.3,1,B
2024Q3,Bonaqua,Water,Mass Retail,Gauteng,54,46.88,23.23,2531.52,1277.1,175.09,2356.43,54.5,0,C
2024Q4,Schweppes,Mixers,Convenience,Western Cape,36,58.71,28.24,2113.56,1096.92,127.24,1986.32,45.5,0,B
2024Q1,Fanta,Carbonated Soft Drinks,On-Trade,Gauteng,38,49.99,29.13,1899.62,792.68,154.69,1744.93,87.6,0,B
2024Q1,Coca-Cola,Carbonated Soft Drinks,On-Trade,Limpopo,38,45.3,25.27,1721.4,761.14,131.0,1590.4,54.5,1,C
2024Q3,Monster,Energy Drinks,Convenience,Gauteng,40,116.03,66.9,4641.2,1965.2,398.15,4243.05,81.5,0,B
2024Q2,Bonaqua,Water,Mass Retail,North West,110,37.77,20.03,4154.7,1951.4,450.13,3704.57,90.5,0,C
2024Q4,Coca-Cola,Carbonated Soft Drinks,Petrol & Travel,KwaZulu-Natal,29,47.47,26.08,1376.63,620.31,83.25,1293.38,83.3,1,A
2024Q3,Sprite,Carbonated Soft Drinks,E-Commerce,Western Cape,26,56.74,30.15,1475.24,691.34,132.45,1342.79,77.1,1,A
2024Q1,Coca-Cola,Carbonated Soft Drinks,Convenience,Western Cape,42,56.62,34.07,2378.04,947.1,260.18,2117.86,73.9,0,C
2024Q2,Sprite,Carbonated Soft Drinks,On-Trade,Gauteng,42,56.84,31.02,2387.28,1084.44,135.99,2251.29,93.3,0,A
2024Q4,Stoney,Carbonated Soft Drinks,Petrol & Travel,Western Cape,15,53.61,30.88,804.15,340.95,62.9,741.25,49.3,1,B
2024Q3,Coca-Cola,Carbonated Soft Drinks,Wholesale,Northern Cape,17,56.91,31.36,967.47,434.35,98.03,869.44,84.8,1,B
2024Q4,Bonaqua,Water,On-Trade,Eastern Cape,38,37.61,21.96,1429.18,594.7,74.21,1354.97,64.7,0,C
2024Q3,Fanta,Carbonated Soft Drinks,Wholesale,Western Cape,31,52.72,25.89,1634.32,831.73,99.07,1535.25,57.3,1,A
2024Q2,Cappy,Juices & Nectars,E-Commerce,Gauteng,280,65.81,32.72,18426.8,9265.2,2048.11,16378.69,77.9,0,C
2024Q2,Sprite,Carbonated Soft Drinks,Convenience,KwaZulu-Natal,28,57.0,29.28,1596.0,776.16,129.79,1466.21,72.0,1,C
2024Q2,Cappy,Juices & Nectars,Mass Retail,North West,23,76.98,44.38,1770.54,749.8,138.4,1632.14,96.8,0,B
2024Q3,Powerade,Sports Drinks,On-Trade,Gauteng,22,77.74,46.26,1710.28,692.56,176.45,1533.83,87.4,1,C
2024Q4,Powerade,Sports Drinks,Convenience,Gauteng,21,70.54,34.11,1481.34,765.03,85.06,1396.28,70.4,0,C
2024Q4,Coca-Cola,Carbonated Soft Drinks,Petrol & Travel,Gauteng,25,51.0,29.09,1275.0,547.75,151.36,1123.64,76.8,0,C
2024Q4,Coca-Cola,Carbonated Soft Drinks,On-Trade,KwaZulu-Natal,105,53.33,32.88,5599.65,2147.25,467.74,5131.91,67.1,0,C
2024Q3,Monster,Energy Drinks,On-Trade,Gauteng,98,114.39,63.45,11210.22,4992.12,815.38,10394.84,79.7,1,A
2024Q2,Stoney,Carbonated Soft Drinks,Mass Retail,Eastern Cape,68,61.24,36.32,4164.32,1694.56,383.87,3780.45,89.6,0,B
2024Q2,Fanta,Carbonated Soft Drinks,On-Trade,Gauteng,83,57.09,32.38,4738.47,2050.93,253.46,4485.01,59.7,0,A
2024Q2,Coca-Cola,Carbonated Soft Drinks,Wholesale,Limpopo,44,52.35,32.12,2303.4,890.12,134.0,2169.4,61.2,1,D
2024Q4,Powerplay,Energy Drinks,Convenience,Western Cape,82,105.47,64.15,8648.54,3388.24,509.57,8138.97,59.1,1,C
2024Q2,Coca-Cola,Carbonated Soft Drinks,Mass Retail,Western Cape,80,49.74,28.38,3979.2,1708.8,409.36,3569.84,75.9,1,A
2024Q3,Coca-Cola,Carbonated Soft Drinks,Convenience,Gauteng,50,53.78,31.6,2689.0,1109.0,123.57,2565.43,85.4,1,A
2024Q4,Fanta,Carbonated Soft Drinks,Convenience,Eastern Cape,29,46.28,25.3,1342.12,608.42,141.31,1200.81,81.0,1,C
2024Q2,Stoney,Carbonated Soft Drinks,Mass Retail,Western Cape,18,55.13,27.42,992.34,498.78,62.53,929.81,83.6,1,A
2024Q1,Sprite,Carbonated Soft Drinks,On-Trade,Gauteng,30,60.92,32.0,1827.6,867.6,133.4,1694.2,82.6,0,B
2024Q3,Coca-Cola,Carbonated Soft Drinks,Mass Retail,Western Cape,50,65.4,32.06,3270.0,1667.0,193.26,3076.74,86.2,0,C
2024Q4,Sprite,Carbonated Soft Drinks,Wholesale,Gauteng,5,57.27,27.97,286.35,146.5,27.08,259.27,59.8,1,C
2024Q3,Sprite,Carbonated Soft Drinks,Wholesale,Western Cape,28,64.63,31.13,1809.64,938.0,88.44,1721.2,82.1,1,C
2024Q4,Fanta,Carbonated Soft Drinks,Wholesale,KwaZulu-Natal,23,53.18,26.19,1223.14,620.77,123.27,1099.87,72.8,0,C
2024Q3,Coca-Cola,Carbonated Soft Drinks,Convenience,Eastern Cape,25,51.77,29.65,1294.25,553.0,89.64,1204.61,82.8,0,B
2024Q3,Stoney,Carbonated Soft Drinks,On-Trade,North West,82,62.49,35.52,5124.18,2211.54,376.62,4747.56,65.7,1,A
2024Q3,Sprite,Carbonated Soft Drinks,Mass Retail,Eastern Cape,58,58.72,30.21,3405.76,1653.58,371.28,3034.48,76.2,0,C
2024Q4,Monster,Energy Drinks,Petrol & Travel,Eastern Cape,32,109.7,62.5,3510.4,1510.4,165.62,3344.78,69.4,0,B
2024Q2,Sprite,Carbonated Soft Drinks,Convenience,Gauteng,44,63.18,35.04,2779.92,1238.16,120.93,2658.99,95.7,0,A
2024Q3,Monster,Energy Drinks,Convenience,Western Cape,19,113.75,57.91,2161.25,1060.96,118.25,2043.0,72.5,1,B
2024Q4,Sprite,Carbonated Soft Drinks,Mass Retail,Gauteng,46,63.61,30.69,2926.06,1514.32,291.21,2634.85,55.0,0,C
2024Q1,Schweppes,Mixers,Mass Retail,KwaZulu-Natal,11,51.74,24.92,569.14,295.02,67.74,501.4,77.4,0,C
2024Q1,Schweppes,Mixers,Mass Retail,Limpopo,41,54.66,28.4,2241.06,1076.66,266.83,1974.23,95.4,0,C
2024Q2,Sprite,Carbonated Soft Drinks,Convenience,Western Cape,15,51.58,25.28,773.7,394.5,91.12,682.58,48.2,0,C
2024Q3,Stoney,Carbonated Soft Drinks,Mass Retail,Western Cape,20,65.94,31.82,1318.8,682.4,53.4,1265.4,55.8,0,C
2024Q2,Sprite,Carbonated Soft Drinks,Mass Retail,North West,210,50.32,29.59,10567.2,4353.3,741.69,9825.51,53.5,0,C
2024Q1,Coca-Cola,Carbonated Soft Drinks,Convenience,Northern Cape,12,48.0,28.18,576.0,237.84,66.09,509.91,93.5,1,C
2024Q1,Coca-Cola,Carbonated Soft Drinks,Convenience,Limpopo,16,52.05,31.99,832.8,320.96,47.65,785.15,55.5,0,A
2024Q3,Cappy,Juices & Nectars,E-Commerce,KwaZulu-Natal,32,61.24,36.4,1959.68,794.88,168.14,1791.54,52.0,1,C
2024Q4,Coca-Cola,Carbonated Soft Drinks,On-Trade,Eastern Cape,35,56.68,32.81,1983.8,835.45,138.56,1845.24,73.2,0,C
2024Q3,Powerade,Sports Drinks,Mass Retail,Gauteng,87,61.05,30.78,5311.35,2633.49,264.18,5047.17,86.5,0,B
2024Q4,Cappy,Juices & Nectars,Convenience,Mpumalanga,15,69.32,35.61,1039.8,505.65,117.39,922.41,60.3,0,B
2024Q1,Coca-Cola,Carbonated Soft Drinks,Mass Retail,Western Cape,41,51.47,31.29,2110.27,827.38,91.71,2018.56,85.8,1,B
2024Q1,Cappy,Juices & Nectars,Convenience,Western Cape,28,58.98,33.07,1651.44,725.48,109.1,1542.34,75.5,1,B
2024Q4,Sprite,Carbonated Soft Drinks,On-Trade,Western Cape,34,53.74,29.69,1827.16,817.7,173.9,1653.26,79.4,0,B
2024Q2,Coca-Cola,Carbonated Soft Drinks,On-Trade,Eastern Cape,27,51.94,29.52,1402.38,605.34,131.84,1270.54,72.6,0,B
2024Q1,Coca-Cola,Carbonated Soft Drinks,On-Trade,Western Cape,16,50.19,28.76,803.04,342.88,47.87,755.17,69.2,0,B
2024Q2,Coca-Cola,Carbonated Soft Drinks,Mass Retail,Gauteng,237,49.65,24.04,11767.05,6069.57,1402.33,10364.72,83.0,0,B
2024Q1,Coca-Cola,Carbonated Soft Drinks,Convenience,Gauteng,12,56.75,29.06,681.0,332.28,47.94,633.06,76.4,0,B
2024Q4,Monster,Energy Drinks,On-Trade,KwaZulu-Natal,69,114.4,58.42,7893.6,3862.62,717.84,7175.76,50.4,0,A
2024Q2,Coca-Cola,Carbonated Soft Drinks,Mass Retail,Western Cape,10,53.73,28.74,537.3,249.9,57.05,480.25,52.9,0,C
2024Q3,Fanta,Carbonated Soft Drinks,Convenience,Gauteng,33,53.09,30.87,1751.97,733.26,185.97,1566.0,55.8,1,B
2024Q3,Coca-Cola,Carbonated Soft Drinks,On-Trade,Free State,62,55.4,27.06,3434.8,1757.08,226.01,3208.79,66.1,0,B
2024Q3,Cappy,Juices & Nectars,Mass Retail,Gauteng,60,66.13,40.97,3967.8,1509.6,406.53,3561.27,80.3,0,C
2024Q3,Cappy,Juices & Nectars,Mass Retail,Western Cape,36,63.06,33.46,2270.16,1065.6,154.53,2115.63,81.4,0,B
2024Q2,Coca-Cola,Carbonated Soft Drinks,Wholesale,Limpopo,20,58.05,29.09,1161.0,579.2,89.29,1071.71,95.4,0,D
2024Q3,Coca-Cola,Carbonated Soft Drinks,Convenience,KwaZulu-Natal,22,46.69,28.48,1027.18,400.62,51.25,975.93,58.5,1,D
2024Q4,Fanta,Carbonated Soft Drinks,E-Commerce,KwaZulu-Natal,7,56.1,27.56,392.7,199.78,35.47,357.23,50.3,0,B
2024Q1,Bonaqua,Water,Wholesale,Western Cape,3,49.94,24.44,149.82,76.5,13.65,136.17,67.9,0,A
2024Q2,Powerade,Sports Drinks,Wholesale,Gauteng,124,75.53,36.41,9365.72,4850.88,468.46,8897.26,57.5,0,A
2024Q4,Sprite,Carbonated Soft Drinks,Convenience,Gauteng,110,57.36,33.48,6309.6,2626.8,683.04,5626.56,65.0,0,C
2024Q3,Fanta,Carbonated Soft Drinks,Mass Retail,Gauteng,22,52.62,28.65,1157.64,527.34,64.3,1093.34,93.4,0,B
2024Q3,Stoney,Carbonated Soft Drinks,Convenience,KwaZulu-Natal,56,54.84,28.2,3071.04,1491.84,354.64,2716.4,64.5,0,C
2024Q3,Cappy,Juices & Nectars,Mass Retail,KwaZulu-Natal,79,63.92,38.71,5049.68,1991.59,520.29,4529.39,90.0,1,C
2024Q4,Schweppes,Mixers,Petrol & Travel,Mpumalanga,38,60.43,36.36,2296.34,914.66,217.59,2078.75,55.7,0,B
2024Q1,Cappy,Juices & Nectars,E-Commerce,Northern Cape,41,63.84,34.3,2617.44,1211.14,136.47,2480.97,96.9,0,B
2024Q2,Coca-Cola,Carbonated Soft Drinks,On-Trade,Gauteng,38,53.06,30.61,2016.28,853.1,186.32,1829.96,50.6,0,D
2024Q1,Coca-Cola,Carbonated Soft Drinks,Mass Retail,Western Cape,43,54.17,33.03,2329.31,909.02,196.24,2133.07,68.7,0,B
2024Q2,Stoney,Carbonated Soft Drinks,Mass Retail,Gauteng,185,57.06,30.37,10556.1,4937.65,959.61,9596.49,83.2,0,D
2024Q3,Coca-Cola,Carbonated Soft Drinks,Mass Retail,Western Cape,7,52.6,29.99,368.2,158.27,41.49,326.71,45.4,1,A
2024Q2,Schweppes,Mixers,E-Commerce,Gauteng,44,57.96,32.55,2550.24,1118.04,196.21,2354.03,87.0,1,A
2024Q2,Schweppes,Mixers,Convenience,Western Cape,19,46.9,24.47,891.1,426.17,62.11,828.99,49.1,1,D
2024Q1,Monster,Energy Drinks,E-Commerce,Eastern Cape,79,105.74,53.46,8353.46,4130.12,565.79,7787.67,48.4,0,A
2024Q3,Fanta,Carbonated Soft Drinks,Mass Retail,Mpumalanga,73,51.25,30.48,3741.25,1516.21,235.06,3506.19,52.3,1,A
2024Q2,Coca-Cola,Carbonated Soft Drinks,On-Trade,Gauteng,33,52.11,25.32,1719.63,884.07,87.6,1632.03,70.7,1,A
2024Q1,Powerplay,Energy Drinks,Convenience,Gauteng,42,120.04,67.91,5041.68,2189.46,388.34,4653.34,58.6,0,D
2024Q3,Coca-Cola,Carbonated Soft Drinks,Mass Retail,Gauteng,16,57.94,31.91,927.04,416.48,99.36,827.68,52.9,0,B
2024Q1,Sprite,Carbonated Soft Drinks,Convenience,KwaZulu-Natal,95,50.99,24.61,4844.05,2506.1,453.59,4390.46,50.5,1,C
2024Q3,Schweppes,Mixers,Wholesale,Western Cape,65,63.54,38.46,4130.1,1630.2,336.9,3793.2,73.1,0,C
2024Q4,Coca-Cola,Carbonated Soft Drinks,Convenience,Eastern Cape,28,51.74,26.5,1448.72,706.72,85.53,1363.19,62.8,0,A
2024Q1,Cappy,Juices & Nectars,Mass Retail,Limpopo,43,58.89,35.53,2532.27,1004.48,195.64,2336.63,71.8,1,C
2024Q2,Cappy,Juices & Nectars,Mass Retail,KwaZulu-Natal,7,59.88,31.69,419.16,197.33,46.52,372.64,48.1,0,B
2024Q2,Schweppes,Mixers,Wholesale,Gauteng,142,59.32,30.03,8423.44,4159.18,777.79,7645.65,91.7,1,A
2024Q1,Coca-Cola,Carbonated Soft Drinks,Mass Retail,KwaZulu-Natal,24,48.97,24.61,1175.28,584.64,57.41,1117.87,81.0,1,A
2024Q4,Powerade,Sports Drinks,Wholesale,Eastern Cape,66,69.58,39.75,4592.28,1968.78,227.54,4364.74,75.4,0,C
2024Q2,Coca-Cola,Carbonated Soft Drinks,Mass Retail,Eastern Cape,11,47.36,28.9,520.96,203.06,51.78,469.18,52.1,0,A
2024Q2,Coca-Cola,Carbonated Soft Drinks,E-Commerce,Gauteng,81,45.01,24.63,3645.81,1650.78,207.99,3437.82,80.0,0,B
2024Q4,Fanta,Carbonated Soft Drinks,Mass Retail,KwaZulu-Natal,12,56.28,32.53,675.36,285.0,63.09,612.27,72.0,0,B
2024Q4,Schweppes,Mixers,Mass Retail,Eastern Cape,14,56.87,28.75,796.18,393.68,47.52,748.66,48.4,0,D
2024Q1,Coca-Cola,Carbonated Soft Drinks,Mass Retail,Gauteng,18,51.0,30.33,918.0,372.06,86.93,831.07,69.0,1,C
2024Q3,Coca-Cola,Carbonated Soft Drinks,On-Trade,Gauteng,29,47.1,28.45,1365.9,540.85,75.22,1290.68,75.1,0,B
2024Q2,Cappy,Juices & Nectars,On-Trade,Western Cape,16,77.62,45.04,1241.92,521.28,131.6,1110.32,76.3,0,A
2024Q3,Coca-Cola,Carbonated Soft Drinks,Petrol & Travel,KwaZulu-Natal,92,52.26,32.05,4807.92,1859.32,385.11,4422.81,77.1,0,B
2024Q2,Schweppes,Mixers,E-Commerce,Gauteng,53,59.71,28.89,3164.63,1633.46,312.25,2852.38,86.5,0,B
2024Q3,Bonaqua,Water,Mass Retail,Western Cape,93,39.62,24.2,3684.66,1434.06,215.03,3469.63,75.7,0,B
2024Q1,Powerplay,Energy Drinks,E-Commerce,Western Cape,55,120.46,58.14,6625.3,3427.6,648.69,5976.61,86.0,0,C
2024Q1,Coca-Cola,Carbonated Soft Drinks,On-Trade,Western Cape,24,58.26,36.07,1398.24,532.56,142.15,1256.09,75.7,0,C
2024Q2,Coca-Cola,Carbonated Soft Drinks,On-Trade,Gauteng,79,62.79,33.03,4960.41,2351.04,297.97,4662.44,72.2,0,B
2024Q4,Sprite,Carbonated Soft Drinks,Convenience,Gauteng,38,54.86,30.61,2084.68,921.5,171.19,1913.49,68.1,1,B
2024Q3,Bonaqua,Water,Convenience,Northern Cape,25,42.76,24.37,1069.0,459.75,94.71,974.29,76.0,0,A
2024Q3,Fanta,Carbonated Soft Drinks,Mass Retail,Gauteng,20,46.7,25.84,934.0,417.2,96.34,837.66,67.9,1,B
2024Q4,Bonaqua,Water,Mass Retail,Gauteng,40,38.3,20.65,1532.0,706.0,76.65,1455.35,80.7,1,B
2024Q4,Monster,Energy Drinks,Convenience,Gauteng,6,111.94,68.33,671.64,261.66,39.13,632.51,67.3,0,B
2024Q3,Bonaqua,Water,Convenience,Limpopo,79,35.96,18.86,2840.84,1350.9,138.79,2702.05,78.3,0,B
2024Q2,Powerade,Sports Drinks,Petrol & Travel,KwaZulu-Natal,183,63.08,35.66,11543.64,5017.86,845.08,10698.56,77.6,1,A
2024Q2,Sprite,Carbonated Soft Drinks,Petrol & Travel,Western Cape,15,46.2,27.76,693.0,276.6,47.03,645.97,78.7,1,C
2024Q1,Coca-Cola,Carbonated Soft Drinks,On-Trade,Limpopo,60,46.73,27.42,2803.8,1158.6,215.81,2587.99,62.8,0,C
2024Q3,Monster,Energy Drinks,On-Trade,Gauteng,46,105.04,60.57,4831.84,2045.62,460.09,4371.75,94.6,0,B
2024Q1,Fanta,Carbonated Soft Drinks,On-Trade,Western Cape,14,44.63,23.87,624.82,290.64,26.53,598.29,93.4,1,C
2024Q3,Schweppes,Mixers,Mass Retail,Gauteng,77,61.57,36.83,4740.89,1904.98,399.51,4341.38,83.4,0,A
2024Q3,Stoney,Carbonated Soft Drinks,Mass Retail,Northern Cape,17,65.58,39.77,1114.86,438.77,59.17,1055.69,61.7,0,C
2024Q3,Fanta,Carbonated Soft Drinks,Petrol & Travel,KwaZulu-Natal,59,53.29,27.15,3144.11,1542.26,162.04,2982.07,61.1,0,A
2024Q1,Stoney,Carbonated Soft Drinks,Mass Retail,Western Cape,4,65.88,37.74,263.52,112.56,19.55,243.97,95.2,1,D
2024Q3,Coca-Cola,Carbonated Soft Drinks,Convenience,KwaZulu-Natal,99,58.55,30.41,5796.45,2785.86,422.76,5373.69,64.4,1,C
2024Q1,Bonaqua,Water,Convenience,Gauteng,4,38.85,19.62,155.4,76.92,11.81,143.59,67.4,1,C
2024Q4,Coca-Cola,Carbonated Soft Drinks,Mass Retail,KwaZulu-Natal,44,48.32,27.97,2126.08,895.4,245.13,1880.95,49.6,1,B
2024Q4,Cappy,Juices & Nectars,Mass Retail,Western Cape,34,63.37,35.94,2154.58,932.62,155.74,1998.84,87.3,0,C
2024Q3,Fanta,Carbonated Soft Drinks,E-Commerce,Free State,30,49.39,23.84,1481.7,766.5,169.82,1311.88,61.1,0,B
2024Q2,Schweppes,Mixers,On-Trade,Gauteng,13,53.68,26.91,697.84,348.01,45.8,652.04,77.6,0,C
2024Q1,Coca-Cola,Carbonated Soft Drinks,Wholesale,KwaZulu-Natal,100,62.32,30.22,6232.0,3210.0,668.12,5563.88,47.4,0,C
2024Q2,Coca-Cola,Carbonated Soft Drinks,Mass Retail,Gauteng,12,52.64,28.6,631.68,288.48,75.55,556.13,61.2,1,A
2024Q3,Powerplay,Energy Drinks,Convenience,Western Cape,40,100.27,49.38,4010.8,2035.6,406.22,3604.58,93.7,0,C
2024Q4,Monster,Energy Drinks,Convenience,Western Cape,37,102.66,50.67,3798.42,1923.63,325.76,3472.66,88.2,0,B
2024Q2,Schweppes,Mixers,Convenience,Western Cape,40,58.81,30.51,2352.4,1132.0,212.68,2139.72,45.4,0,B
2024Q4,Coca-Cola,Carbonated Soft Drinks,Mass Retail,Western Cape,130,47.63,27.74,6191.9,2585.7,630.69,5561.21,84.0,0,B
2024Q4,Coca-Cola,Carbonated Soft Drinks,Convenience,Gauteng,49,59.89,33.76,2934.61,1280.37,117.58,2817.03,58.7,0,B
2024Q2,Coca-Cola,Carbonated Soft Drinks,E-Commerce,Western Cape,21,44.77,22.66,940.17,464.31,48.03,892.14,56.1,0,D
2024Q4,Stoney,Carbonated Soft Drinks,Convenience,Western Cape,27,62.41,32.78,1685.07,800.01,143.45,1541.62,63.9,0,D
2024Q3,Coca-Cola,Carbonated Soft Drinks,On-Trade,KwaZulu-Natal,28,42.18,23.4,1181.04,525.84,121.13,1059.91,74.9,1,D
2024Q4,Sprite,Carbonated Soft Drinks,Wholesale,Mpumalanga,43,60.79,33.6,2613.97,1169.17,107.12,2506.85,86.4,1,B
2024Q4,Cappy,Juices & Nectars,E-Commerce,KwaZulu-Natal,17,62.08,31.17,1055.36,525.47,82.83,972.53,60.0,0,B
2024Q3,Coca-Cola,Carbonated Soft Drinks,Mass Retail,Western Cape,119,60.04,30.68,7144.76,3493.84,519.39,6625.37,51.6,0,A
2024Q1,Sprite,Carbonated Soft Drinks,On-Trade,Gauteng,84,51.88,27.6,4357.92,2039.52,519.03,3838.89,54.1,1,B
2024Q1,Sprite,Carbonated Soft Drinks,On-Trade,Gauteng,51,55.87,31.88,2849.37,1223.49,133.52,2715.85,73.6,0,D
2024Q2,Coca-Cola,Carbonated Soft Drinks,Petrol & Travel,Western Cape,35,48.39,27.87,1693.65,718.2,162.95,1530.7,87.1,0,A
2024Q1,Coca-Cola,Carbonated Soft Drinks,E-Commerce,Free State,23,51.51,27.34,1184.73,555.91,111.04,1073.69,56.3,0,C
2024Q2,Coca-Cola,Carbonated Soft Drinks,Convenience,KwaZulu-Natal,137,52.29,27.66,7163.73,3374.31,715.74,6447.99,68.2,1,D
2024Q2,Coca-Cola,Carbonated Soft Drinks,Convenience,Eastern Cape,40,49.9,26.65,1996.0,930.0,225.59,1770.41,73.6,0,B
2024Q1,Schweppes,Mixers,Mass Retail,Western Cape,16,55.68,31.36,890.88,389.12,77.13,813.75,87.4,1,B
2024Q1,Fanta,Carbonated Soft Drinks,Mass Retail,KwaZulu-Natal,21,48.9,25.49,1026.9,491.61,76.25,950.65,96.1,0,D
2024Q3,Cappy,Juices & Nectars,Wholesale,Northern Cape,19,72.68,36.36,1380.92,690.08,83.6,1297.32,58.6,0,A
2024Q1,Coca-Cola,Carbonated Soft Drinks,Wholesale,KwaZulu-Natal,68,50.35,31.14,3423.8,1306.28,230.98,3192.82,82.4,0,C
2024Q3,Coca-Cola,Carbonated Soft Drinks,Mass Retail,Eastern Cape,55,48.64,25.71,2675.2,1261.15,185.57,2489.63,69.1,0,C
2024Q1,Fanta,Carbonated Soft Drinks,Convenience,Eastern Cape,20,49.52,28.54,990.4,419.6,99.86,890.54,90.3,0,D
2024Q3,Coca-Cola,Carbonated Soft Drinks,Mass Retail,Limpopo,38,53.28,32.56,2024.64,787.36,112.26,1912.38,71.5,0,A
2024Q4,Coca-Cola,Carbonated Soft Drinks,Convenience,KwaZulu-Natal,60,53.53,25.92,3211.8,1656.6,352.46,2859.34,82.0,1,B
2024Q2,Coca-Cola,Carbonated Soft Drinks,E-Commerce,Northern Cape,40,54.57,33.22,2182.8,854.0,165.22,2017.58,94.6,0,B
2024Q3,Coca-Cola,Carbonated Soft Drinks,Mass Retail,Gauteng,22,50.41,31.21,1109.02,422.4,73.98,1035.04,53.5,1,B
2024Q3,Coca-Cola,Carbonated Soft Drinks,On-Trade,Gauteng,53,50.64,28.09,2683.92,1195.15,243.15,2440.77,93.9,0,B
2024Q3,Cappy,Juices & Nectars,Wholesale,Gauteng,22,71.8,44.29,1579.6,605.22,73.14,1506.46,83.4,0,C
2024Q3,Coca-Cola,Carbonated Soft Drinks,Mass Retail,Limpopo,23,46.93,24.58,1079.39,514.05,51.34,1028.05,76.0,0,D
2024Q2,Stoney,Carbonated Soft Drinks,E-Commerce,KwaZulu-Natal,125,70.14,34.06,8767.5,4510.0,448.35,8319.15,72.2,0,B
2024Q3,Monster,Energy Drinks,On-Trade,Western Cape,25,118.47,65.87,2961.75,1315.0,249.43,2712.32,81.3,0,B
2024Q3,Coca-Cola,Carbonated Soft Drinks,Mass Retail,Gauteng,64,51.83,28.42,3317.12,1498.24,149.57,3167.55,57.1,0,A
2024Q3,Schweppes,Mixers,Convenience,KwaZulu-Natal,29,53.55,28.17,1552.95,736.02,163.4,1389.55,50.8,0,B
2024Q1,Sprite,Carbonated Soft Drinks,Convenience,KwaZulu-Natal,118,47.84,24.34,5645.12,2773.0,501.15,5143.97,80.7,1,C
2024Q1,Monster,Energy Drinks,Mass Retail,Eastern Cape,40,113.17,55.33,4526.8,2313.6,399.51,4127.29,76.5,1,B
2024Q2,Coca-Cola,Carbonated Soft Drinks,Convenience,Western Cape,38,51.75,28.86,1966.5,869.82,225.47,1741.03,80.8,1,B
2024Q2,Stoney,Carbonated Soft Drinks,Mass Retail,Eastern Cape,38,57.84,32.25,2197.92,972.42,110.27,2087.65,77.5,0,B
2024Q2,Schweppes,Mixers,Convenience,Gauteng,17,61.08,31.53,1038.36,502.35,121.93,916.43,92.0,0,B
2024Q3,Schweppes,Mixers,Mass Retail,Eastern Cape,24,58.96,29.93,1415.04,696.72,77.11,1337.93,49.6,0,C
2024Q4,Sprite,Carbonated Soft Drinks,Convenience,Western Cape,9,57.64,34.52,518.76,208.08,54.06,464.7,50.4,0,C
2024Q3,Fanta,Carbonated Soft Drinks,Mass Retail,Gauteng,71,54.02,31.4,3835.42,1606.02,205.41,3630.01,61.7,0,B
2024Q3,Schweppes,Mixers,On-Trade,KwaZulu-Natal,26,59.79,28.89,1554.54,803.4,169.1,1385.44,65.0,0,A
2024Q1,Cappy,Juices & Nectars,Convenience,KwaZulu-Natal,15,57.25,30.51,858.75,401.1,73.26,785.49,49.2,0,B
2024Q1,Sprite,Carbonated Soft Drinks,On-Trade,North West,43,58.97,30.13,2535.71,1240.12,111.47,2424.24,50.3,0,C
2024Q4,Coca-Cola,Carbonated Soft Drinks,On-Trade,Mpumalanga,39,52.03,28.15,2029.17,931.32,166.33,1862.84,81.8,1,B
2024Q3,Bonaqua,Water,Mass Retail,Limpopo,34,42.82,22.21,1455.88,700.74,167.15,1288.73,78.1,0,A
2024Q1,Fanta,Carbonated Soft Drinks,Convenience,Northern Cape,113,52.03,26.1,5879.39,2930.09,641.95,5237.44,95.9,0,A
2024Q2,Bonaqua,Water,On-Trade,Western Cape,64,41.74,22.23,2671.36,1248.64,319.03,2352.33,81.1,0,C
2024Q3,Schweppes,Mixers,Mass Retail,KwaZulu-Natal,40,66.58,33.0,2663.2,1343.2,276.09,2387.11,74.9,0,C
2024Q4,Sprite,Carbonated Soft Drinks,Mass Retail,North West,36,50.05,29.4,1801.8,743.4,214.53,1587.27,91.9,0,D
2024Q3,Coca-Cola,Carbonated Soft Drinks,Mass Retail,Gauteng,56,49.97,25.17,2798.32,1388.8,156.28,2642.04,50.8,0,B
2024Q3,Cappy,Juices & Nectars,Convenience,Gauteng,47,58.65,35.38,2756.55,1093.69,202.49,2554.06,74.0,1,C
2024Q2,Sprite,Carbonated Soft Drinks,Mass Retail,KwaZulu-Natal,19,53.58,28.79,1018.02,471.01,88.8,929.22,60.1,0,A
2024Q1,Coca-Cola,Carbonated Soft Drinks,Convenience,Western Cape,21,47.4,25.37,995.4,462.63,112.81,882.59,79.9,1,C
2024Q3,Schweppes,Mixers,On-Trade,North West,28,48.16,28.77,1348.48,542.92,87.9,1260.58,65.0,0,B
2024Q1,Fanta,Carbonated Soft Drinks,E-Commerce,Western Cape,23,47.14,23.48,1084.22,544.18,85.92,998.3,94.4,1,C
2024Q3,Sprite,Carbonated Soft Drinks,Mass Retail,Mpumalanga,24,55.16,32.43,1323.84,545.52,120.86,1202.98,82.1,0,B
2024Q2,Coca-Cola,Carbonated Soft Drinks,Mass Retail,Gauteng,28,55.47,30.62,1553.16,695.8,148.52,1404.64,72.6,1,C
2024Q1,Schweppes,Mixers,Petrol & Travel,Gauteng,20,56.08,30.31,1121.6,515.4,99.54,1022.06,51.3,0,B
2024Q4,Sprite,Carbonated Soft Drinks,Mass Retail,Free State,25,58.67,29.99,1466.75,717.0,163.46,1303.29,81.7,1,B
2024Q4,Coca-Cola,Carbonated Soft Drinks,On-Trade,Western Cape,129,48.27,27.05,6226.83,2737.38,557.2,5669.63,75.1,0,C
2024Q1,Cappy,Juices & Nectars,On-Trade,Northern Cape,84,61.46,38.03,5162.64,1968.12,367.56,4795.08,86.9,1,B
2024Q2,Stoney,Carbonated Soft Drinks,On-Trade,Northern Cape,41,58.95,28.51,2416.95,1248.04,138.72,2278.23,70.6,0,B
2024Q1,Coca-Cola,Carbonated Soft Drinks,On-Trade,Western Cape,12,54.08,26.49,648.96,331.08,45.13,603.83,72.8,0,B
2024Q1,Coca-Cola,Carbonated Soft Drinks,E-Commerce,Gauteng,77,61.19,31.48,4711.63,2287.67,476.65,4234.98,49.7,1,B
2024Q1,Schweppes,Mixers,Mass Retail,Free State,16,61.76,33.91,988.16,445.6,65.39,922.77,71.9,0,B
2024Q3,Coca-Cola,Carbonated Soft Drinks,Convenience,KwaZulu-Natal,65,53.19,30.28,3457.35,1489.15,294.8,3162.55,75.2,0,B
2024Q3,Sprite,Carbonated Soft Drinks,Convenience,KwaZulu-Natal,39,59.57,35.67,2323.23,932.1,94.86,2228.37,91.1,1,B
2024Q3,Coca-Cola,Carbonated Soft Drinks,Wholesale,Gauteng,20,58.76,33.81,1175.2,499.0,106.07,1069.13,53.7,0,B
2024Q4,Cappy,Juices & Nectars,On-Trade,Eastern Cape,47,57.78,33.7,2715.66,1131.76,126.28,2589.38,72.3,0,B
2024Q4,Schweppes,Mixers,Convenience,Gauteng,37,57.05,31.54,2110.85,943.87,115.26,1995.59,50.7,0,B
2024Q4,Coca-Cola,Carbonated Soft Drinks,Wholesale,Eastern Cape,12,50.02,24.22,600.24,309.6,51.22,549.02,76.7,1,A
2024Q2,Coca-Cola,Carbonated Soft Drinks,Mass Retail,Western Cape,50,52.53,32.41,2626.5,1006.0,291.75,2334.75,87.8,1,B
2024Q1,Coca-Cola,Carbonated Soft Drinks,Mass Retail,Free State,28,47.07,26.68,1317.96,570.92,142.41,1175.55,57.3,0,C
2024Q4,Schweppes,Mixers,Mass Retail,Gauteng,18,66.6,36.2,1198.8,547.2,69.54,1129.26,97.3,0,D
2024Q2,Coca-Cola,Carbonated Soft Drinks,Convenience,Gauteng,9,52.75,29.12,474.75,212.67,28.69,446.06,55.7,1,B
2024Q4,Monster,Energy Drinks,Wholesale,Gauteng,64,109.04,52.96,6978.56,3589.12,303.26,6675.3,92.0,1,B
2024Q1,Cappy,Juices & Nectars,Mass Retail,KwaZulu-Natal,48,69.57,36.71,3339.36,1577.28,312.04,3027.32,71.9,0,A
2024Q1,Cappy,Juices & Nectars,Petrol & Travel,KwaZulu-Natal,24,60.71,30.77,1457.04,718.56,140.18,1316.86,81.0,0,D
2024Q4,Schweppes,Mixers,Mass Retail,Western Cape,72,63.72,37.51,4587.84,1887.12,271.38,4316.46,67.7,1,C
2024Q2,Fanta,Carbonated Soft Drinks,Mass Retail,Free State,133,47.61,27.46,6332.13,2679.95,612.66,5719.47,61.4,0,D
2024Q2,Coca-Cola,Carbonated Soft Drinks,Wholesale,KwaZulu-Natal,50,51.37,27.13,2568.5,1212.0,226.65,2341.85,84.8,0,C
2024Q1,Sprite,Carbonated Soft Drinks,On-Trade,Gauteng,6,51.45,27.79,308.7,141.96,20.34,288.36,79.7,0,A
2024Q1,Fanta,Carbonated Soft Drinks,E-Commerce,Western Cape,37,45.88,27.79,1697.56,669.33,81.5,1616.06,71.2,0,A
2024Q2,Coca-Cola,Carbonated Soft Drinks,Mass Retail,Gauteng,34,55.94,27.05,1901.96,982.26,92.15,1809.81,76.1,1,A
2024Q4,Schweppes,Mixers,Mass Retail,Limpopo,46,54.84,32.09,2522.64,1046.5,270.99,2251.65,50.6,1,A
2024Q2,Coca-Cola,Carbonated Soft Drinks,Convenience,KwaZulu-Natal,50,55.3,32.78,2765.0,1126.0,329.53,2435.47,90.8,0,C
2024Q3,Cappy,Juices & Nectars,Wholesale,Western Cape,56,57.29,32.62,3208.24,1381.52,214.39,2993.85,85.9,1,B
2024Q3,Coca-Cola,Carbonated Soft Drinks,On-Trade,Western Cape,82,52.0,25.59,4264.0,2165.62,347.17,3916.83,53.4,0,C
2024Q3,Coca-Cola,Carbonated Soft Drinks,On-Trade,Gauteng,44,54.46,27.55,2396.24,1184.04,153.84,2242.4,71.3,0,D
2024Q3,Coca-Cola,Carbonated Soft Drinks,Mass Retail,Eastern Cape,19,54.96,27.37,1044.24,524.21,82.09,962.15,53.4,0,A
2024Q1,Sprite,Carbonated Soft Drinks,Convenience,Western Cape,116,57.56,28.14,6676.96,3412.72,782.38,5894.58,45.0,0,C
2024Q1,Coca-Cola,Carbonated Soft Drinks,Mass Retail,Free State,26,52.48,25.8,1364.48,693.68,62.95,1301.53,75.8,0,C
2024Q3,Coca-Cola,Carbonated Soft Drinks,E-Commerce,Eastern Cape,180,56.75,29.99,10215.0,4816.8,423.92,9791.08,46.1,0,C
2024Q1,Fanta,Carbonated Soft Drinks,Wholesale,Limpopo,48,46.29,28.37,2221.92,860.16,153.28,2068.64,83.9,0,B
2024Q3,Schweppes,Mixers,Mass Retail,North West,15,54.41,32.37,816.15,330.6,49.45,766.7,60.0,0,C
2024Q1,Coca-Cola,Carbonated Soft Drinks,Mass Retail,Gauteng,17,44.53,27.55,757.01,288.66,52.65,704.36,64.4,0,C
2024Q4,Coca-Cola,Carbonated Soft Drinks,Convenience,KwaZulu-Natal,14,48.88,26.36,684.32,315.28,65.73,618.59,47.3,0,A
2024Q3,Coca-Cola,Carbonated Soft Drinks,Convenience,Eastern Cape,12,48.93,27.97,587.16,251.52,37.11,550.05,77.2,0,B
2024Q4,Sprite,Carbonated Soft Drinks,E-Commerce,Gauteng,18,51.57,25.99,928.26,460.44,41.34,886.92,77.8,0,C
2024Q4,Sprite,Carbonated Soft Drinks,Mass Retail,KwaZulu-Natal,45,50.44,31.15,2269.8,868.05,104.3,2165.5,71.0,0,B
2024Q4,Cappy,Juices & Nectars,Convenience,Western Cape,23,72.97,36.5,1678.31,838.81,133.35,1544.96,48.8,0,C
2024Q4,Coca-Cola,Carbonated Soft Drinks,Convenience,North West,2,48.35,24.54,96.7,47.62,6.66,90.04,54.6,0,A
2024Q1,Coca-Cola,Carbonated Soft Drinks,Convenience,Western Cape,48,46.89,24.34,2250.72,1082.4,208.32,2042.4,73.6,0,C
2024Q1,Coca-Cola,Carbonated Soft Drinks,Convenience,KwaZulu-Natal,16,59.33,35.3,949.28,384.48,93.38,855.9,73.7,0,A
2024Q3,Cappy,Juices & Nectars,Mass Retail,Free State,36,73.71,36.09,2653.56,1354.32,226.29,2427.27,63.8,0,C
2024Q1,Coca-Cola,Carbonated Soft Drinks,Convenience,Gauteng,95,57.6,33.08,5472.0,2329.4,516.24,4955.76,50.8,1,B
2024Q1,Coca-Cola,Carbonated Soft Drinks,Wholesale,Eastern Cape,12,59.3,34.8,711.6,294.0,35.57,676.03,55.2,0,B
2024Q4,Bonaqua,Water,E-Commerce,KwaZulu-Natal,8,40.41,21.71,323.28,149.6,13.84,309.44,47.0,1,B
2024Q1,Coca-Cola,Carbonated Soft Drinks,Mass Retail,Free State,77,52.96,27.35,4077.92,1971.97,174.19,3903.73,82.6,0,C
2024Q1,Fanta,Carbonated Soft Drinks,On-Trade,Gauteng,25,46.03,23.12,1150.75,572.75,55.82,1094.93,79.4,0,C
2024Q2,Sprite,Carbonated Soft Drinks,On-Trade,Gauteng,68,54.7,27.83,3719.6,1827.16,183.87,3535.73,82.2,0,B
2024Q1,Sprite,Carbonated Soft Drinks,Mass Retail,Gauteng,82,50.0,26.33,4100.0,1940.94,351.8,3748.2,60.9,0,D
2024Q4,Bonaqua,Water,Mass Retail,Gauteng,44,34.15,16.5,1502.6,776.6,155.28,1347.32,77.9,1,C
2024Q1,Cappy,Juices & Nectars,Mass Retail,Gauteng,18,62.37,34.97,1122.66,493.2,94.15,1028.51,59.5,0,A
2024Q1,Coca-Cola,Carbonated Soft Drinks,On-Trade,Mpumalanga,135,45.52,25.59,6145.2,2690.55,255.41,5889.79,56.2,1,B
2024Q1,Fanta,Carbonated Soft Drinks,Convenience,Gauteng,154,53.7,26.98,8269.8,4114.88,551.11,7718.69,62.5,0,A
2024Q3,Monster,Energy Drinks,On-Trade,Gauteng,39,98.96,58.35,3859.44,1583.79,410.51,3448.93,80.3,0,B
2024Q1,Cappy,Juices & Nectars,E-Commerce,Gauteng,51,70.82,40.98,3611.82,1521.84,163.93,3447.89,47.3,0,A
2024Q1,Sprite,Carbonated Soft Drinks,Mass Retail,Free State,37,60.94,31.85,2254.78,1076.33,212.44,2042.34,82.7,0,B
2024Q3,Coca-Cola,Carbonated Soft Drinks,Mass Retail,KwaZulu-Natal,29,54.14,26.29,1570.06,807.65,176.91,1393.15,53.5,0,A
2024Q1,Powerplay,Energy Drinks,E-Commerce,Gauteng,24,114.98,68.56,2759.52,1114.08,183.69,2575.83,87.1,1,A
2024Q3,Fanta,Carbonated Soft Drinks,Mass Retail,KwaZulu-Natal,94,54.62,29.98,5134.28,2316.16,487.59,4646.69,93.9,0,B
2024Q1,Schweppes,Mixers,On-Trade,KwaZulu-Natal,31,59.82,33.14,1854.42,827.08,113.3,1741.12,97.2,1,D
2024Q1,Coca-Cola,Carbonated Soft Drinks,E-Commerce,KwaZulu-Natal,11,48.02,25.65,528.22,246.07,59.91,468.31,64.5,0,B
2024Q2,Sprite,Carbonated Soft Drinks,Wholesale,KwaZulu-Natal,80,54.31,30.04,4344.8,1941.6,282.01,4062.79,68.8,0,A
2024Q3,Sprite,Carbonated Soft Drinks,Convenience,Gauteng,16,50.91,25.77,814.56,402.24,54.48,760.08,78.1,0,A
2024Q3,Coca-Cola,Carbonated Soft Drinks,Wholesale,Western Cape,19,42.74,21.5,812.06,403.56,57.96,754.1,83.5,1,A
2024Q3,Sprite,Carbonated Soft Drinks,Convenience,Gauteng,23,50.26,29.89,1155.98,468.51,103.91,1052.07,95.8,0,A
2024Q4,Sprite,Carbonated Soft Drinks,On-Trade,Gauteng,50,44.5,24.57,2225.0,996.5,112.87,2112.13,51.6,1,C
2024Q1,Sprite,Carbonated Soft Drinks,Convenience,KwaZulu-Natal,27,53.92,26.56,1455.84,738.72,160.43,1295.41,95.8,1,A
2024Q4,Coca-Cola,Carbonated Soft Drinks,Mass Retail,North West,15,46.17,25.41,692.55,311.4,65.51,627.04,71.7,0,C
2024Q4,Schweppes,Mixers,Mass Retail,Gauteng,34,57.05,30.06,1939.7,917.66,136.17,1803.53,82.6,0,C
2024Q4,Coca-Cola,Carbonated Soft Drinks,Mass Retail,Gauteng,70,55.08,32.23,3855.6,1599.5,253.23,3602.37,85.1,0,C
2024Q4,Stoney,Carbonated Soft Drinks,Convenience,Mpumalanga,200,69.42,40.71,13884.0,5742.0,1462.85,12421.15,62.9,0,C
2024Q1,Coca-Cola,Carbonated Soft Drinks,Wholesale,Gauteng,20,54.83,31.82,1096.6,460.2,60.23,1036.37,49.9,0,B
2024Q3,Coca-Cola,Carbonated Soft Drinks,Convenience,Gauteng,33,57.45,34.5,1895.85,757.35,203.76,1692.09,91.4,0,C
2024Q1,Powerade,Sports Drinks,On-Trade,Gauteng,25,69.32,36.22,1733.0,827.5,102.94,1630.06,84.3,1,B
2024Q3,Powerade,Sports Drinks,Convenience,Limpopo,37,66.7,38.61,2467.9,1039.33,271.54,2196.36,52.4,0,A
2024Q3,Coca-Cola,Carbonated Soft Drinks,On-Trade,Free State,17,45.92,22.63,780.64,395.93,66.6,714.04,65.3,1,C
2024Q1,Stoney,Carbonated Soft Drinks,Mass Retail,Western Cape,76,64.1,38.26,4871.6,1963.84,384.09,4487.51,96.3,0,A
2024Q4,Coca-Cola,Carbonated Soft Drinks,Petrol & Travel,KwaZulu-Natal,6,59.84,28.75,359.04,186.54,34.78,324.26,74.9,0,B
2024Q4,Sprite,Carbonated Soft Drinks,Mass Retail,Eastern Cape,16,53.43,31.61,854.88,349.12,87.96,766.92,56.2,0,B
2024Q2,Coca-Cola,Carbonated Soft Drinks,On-Trade,Western Cape,15,52.84,29.08,792.6,356.4,90.75,701.85,71.8,0,B
2024Q1,Fanta,Carbonated Soft Drinks,Mass Retail,Western Cape,33,52.73,27.8,1740.09,822.69,159.62,1580.47,93.6,1,C
2024Q4,Fanta,Carbonated Soft Drinks,On-Trade,Gauteng,13,48.79,26.81,634.27,285.74,52.79,581.48,95.0,0,B
2024Q4,Sprite,Carbonated Soft Drinks,Convenience,Free State,72,56.12,29.46,4040.64,1919.52,379.55,3661.09,85.1,0,C
2024Q4,Stoney,Carbonated Soft Drinks,Mass Retail,Limpopo,33,53.64,28.43,1770.12,831.93,108.54,1661.58,96.6,0,A
2024Q4,Fanta,Carbonated Soft Drinks,Wholesale,Eastern Cape,25,51.59,31.55,1289.75,501.0,133.56,1156.19,87.9,0,A
2024Q4,Cappy,Juices & Nectars,Convenience,Western Cape,255,64.76,38.25,16513.8,6760.05,1782.24,14731.56,49.1,0,B
2024Q4,Sprite,Carbonated Soft Drinks,Mass Retail,KwaZulu-Natal,37,58.26,29.49,2155.62,1064.49,227.36,1928.26,74.1,0,A
2024Q4,Coca-Cola,Carbonated Soft Drinks,Convenience,Gauteng,24,62.19,38.09,1492.56,578.4,95.12,1397.44,55.9,0,A
2024Q2,Cappy,Juices & Nectars,Mass Retail,Western Cape,47,62.34,32.54,2929.98,1400.6,250.3,2679.68,77.7,0,D
2024Q2,Coca-Cola,Carbonated Soft Drinks,On-Trade,Western Cape,12,43.87,24.93,526.44,227.28,38.21,488.23,50.1,0,C
2024Q2,Coca-Cola,Carbonated Soft Drinks,Convenience,Mpumalanga,7,48.04,26.06,336.28,153.86,19.28,317.0,50.3,1,B
2024Q2,Coca-Cola,Carbonated Soft Drinks,Mass Retail,North West,23,50.02,26.95,1150.46,530.61,103.44,1047.02,78.3,1,A
2024Q3,Coca-Cola,Carbonated Soft Drinks,On-Trade,Mpumalanga,30,53.43,30.62,1602.9,684.3,85.66,1517.24,88.3,1,B
2024Q1,Coca-Cola,Carbonated Soft Drinks,Convenience,KwaZulu-Natal,30,43.49,24.5,1304.7,569.7,110.6,1194.1,50.4,0,C
2024Q3,Bonaqua,Water,Convenience,Northern Cape,110,46.5,23.05,5115.0,2579.5,286.55,4828.45,58.4,0,C
2024Q2,Schweppes,Mixers,Mass Retail,KwaZulu-Natal,26,65.2,32.45,1695.2,851.5,127.39,1567.81,53.6,0,A
2024Q2,Sprite,Carbonated Soft Drinks,Wholesale,Western Cape,31,49.75,28.71,1542.25,652.24,89.85,1452.4,49.0,0,B
2024Q1,Coca-Cola,Carbonated Soft Drinks,Convenience,Gauteng,36,49.5,28.98,1782.0,738.72,118.23,1663.77,70.9,0,A
2024Q3,Sprite,Carbonated Soft Drinks,Wholesale,Gauteng,37,55.33,27.77,2047.21,1019.72,198.0,1849.21,79.6,0,B
2024Q1,Sprite,Carbonated Soft Drinks,Wholesale,Gauteng,26,53.21,26.53,1383.46,693.68,158.61,1224.85,67.6,0,D
2024Q1,Schweppes,Mixers,E-Commerce,Western Cape,18,55.57,28.98,1000.26,478.62,87.8,912.46,89.8,0,B
2024Q1,Sprite,Carbonated Soft Drinks,Petrol & Travel,Mpumalanga,28,56.58,32.65,1584.24,670.04,156.61,1427.63,59.5,1,B
2024Q2,Powerade,Sports Drinks,Convenience,Northern Cape,23,66.72,40.44,1534.56,604.44,178.44,1356.12,84.0,0,B
2024Q4,Cappy,Juices & Nectars,Convenience,Limpopo,30,66.57,39.43,1997.1,814.2,169.22,1827.88,81.1,0,B
2024Q2,Schweppes,Mixers,Convenience,Western Cape,13,56.08,33.16,729.04,297.96,55.63,673.41,88.8,0,A
2024Q2,Stoney,Carbonated Soft Drinks,Petrol & Travel,Gauteng,20,57.32,33.48,1146.4,476.8,98.58,1047.82,66.4,0,C
2024Q3,Bonaqua,Water,Mass Retail,Mpumalanga,9,41.35,22.04,372.15,173.79,23.59,348.56,65.6,0,B
2024Q2,Bonaqua,Water,Wholesale,North West,24,36.63,19.56,879.12,409.68,55.28,823.84,97.9,1,B
2024Q4,Sprite,Carbonated Soft Drinks,Convenience,Western Cape,14,57.45,34.33,804.3,323.68,91.0,713.3,66.3,0,A
2024Q3,Cappy,Juices & Nectars,Mass Retail,Free State,20,64.64,33.89,1292.8,615.0,87.05,1205.75,66.1,0,B
2024Q4,Cappy,Juices & Nectars,Mass Retail,Free State,122,63.17,32.49,7706.74,3742.96,319.72,7387.02,71.0,0,D
2024Q1,Fanta,Carbonated Soft Drinks,Mass Retail,Gauteng,9,50.28,30.31,452.52,179.73,24.37,428.15,46.1,0,A
2024Q4,Cappy,Juices & Nectars,Convenience,Western Cape,10,66.46,37.93,664.6,285.3,57.58,607.02,59.1,1,A
2024Q4,Coca-Cola,Carbonated Soft Drinks,On-Trade,Gauteng,49,58.24,34.82,2853.76,1147.58,173.46,2680.3,79.6,1,B
2024Q2,Stoney,Carbonated Soft Drinks,Mass Retail,Gauteng,71,53.5,31.86,3798.5,1536.44,249.46,3549.04,87.3,0,C
2024Q4,Schweppes,Mixers,Mass Retail,Eastern Cape,65,55.77,30.75,3625.05,1626.3,333.0,3292.05,71.3,0,B
2024Q4,Sprite,Carbonated Soft Drinks,Mass Retail,Western Cape,22,58.89,28.57,1295.58,667.04,143.01,1152.57,88.7,0,B
2024Q3,Schweppes,Mixers,On-Trade,Gauteng,51,52.75,25.9,2690.25,1369.35,198.81,2491.44,49.6,0,B
2024Q1,Coca-Cola,Carbonated Soft Drinks,Convenience,KwaZulu-Natal,35,50.89,29.22,1781.15,758.45,140.66,1640.49,54.3,1,C
2024Q4,Sprite,Carbonated Soft Drinks,Convenience,KwaZulu-Natal,24,46.8,26.67,1123.2,483.12,45.04,1078.16,82.7,0,B
2024Q4,Coca-Cola,Carbonated Soft Drinks,Mass Retail,Limpopo,6,49.11,29.36,294.66,118.5,30.28,264.38,97.1,0,A
2024Q2,Fanta,Carbonated Soft Drinks,E-Commerce,Gauteng,15,40.44,21.91,606.6,277.95,54.6,552.0,54.0,0,A
2024Q2,Fanta,Carbonated Soft Drinks,Convenience,North West,67,50.5,24.26,3383.5,1758.08,305.87,3077.63,66.9,0,D
2024Q1,Stoney,Carbonated Soft Drinks,Mass Retail,Western Cape,17,63.22,32.16,1074.74,528.02,103.43,971.31,72.6,1,B
2024Q2,Cappy,Juices & Nectars,Wholesale,Western Cape,3,60.72,35.02,182.16,77.1,7.33,174.83,76.1,0,A
2024Q3,Sprite,Carbonated Soft Drinks,Mass Retail,Eastern Cape,48,56.73,30.73,2723.04,1248.0,183.54,2539.5,50.4,0,B
2024Q3,Coca-Cola,Carbonated Soft Drinks,On-Trade,Gauteng,25,57.43,29.65,1435.75,694.5,70.99,1364.76,90.1,0,A
2024Q4,Coca-Cola,Carbonated Soft Drinks,Convenience,KwaZulu-Natal,59,46.12,23.81,2721.08,1316.29,157.85,2563.23,46.1,0,C
2024Q2,Coca-Cola,Carbonated Soft Drinks,Mass Retail,Gauteng,25,49.26,28.26,1231.5,525.0,69.22,1162.28,92.0,0,A
2024Q3,Monster,Energy Drinks,Mass Retail,Eastern Cape,13,105.22,54.24,1367.86,662.74,62.83,1305.03,60.6,0,A
2024Q1,Coca-Cola,Carbonated Soft Drinks,Mass Retail,KwaZulu-Natal,60,53.58,26.5,3214.8,1624.8,245.77,2969.03,57.2,0,C
2024Q3,Fanta,Carbonated Soft Drinks,Wholesale,Eastern Cape,32,49.83,24.12,1594.56,822.72,68.91,1525.65,49.2,1,B
2024Q3,Fanta,Carbonated Soft Drinks,Mass Retail,Western Cape,17,43.57,23.38,740.69,343.23,75.34,665.35,52.5,1,D
2024Q4,Cappy,Juices & Nectars,Mass Retail,Free State,79,77.2,38.72,6098.8,3039.92,659.78,5439.02,62.4,0,A
2024Q4,Fanta,Carbonated Soft Drinks,Petrol & Travel,Mpumalanga,8,46.86,26.15,374.88,165.68,26.65,348.23,58.8,0,B
2024Q3,Bonaqua,Water,Mass Retail,Limpopo,80,36.93,19.52,2954.4,1392.8,221.04,2733.36,57.5,0,D
2024Q4,Coca-Cola,Carbonated Soft Drinks,E-Commerce,Free State,33,56.2,30.86,1854.6,836.22,194.72,1659.88,52.3,0,A
2024Q2,Coca-Cola,Carbonated Soft Drinks,On-Trade,Western Cape,127,51.33,24.85,6518.91,3362.96,569.87,5949.04,74.5,0,C
2024Q4,Coca-Cola,Carbonated Soft Drinks,On-Trade,North West,60,53.5,32.33,3210.0,1270.2,233.22,2976.78,52.3,0,C
2024Q4,Coca-Cola,Carbonated Soft Drinks,Wholesale,Western Cape,15,52.64,25.47,789.6,407.55,74.52,715.08,81.1,0,B
2024Q3,Powerplay,Energy Drinks,Mass Retail,Gauteng,7,108.69,63.4,760.83,317.03,84.87,675.96,81.5,0,A
2024Q4,Powerplay,Energy Drinks,Wholesale,KwaZulu-Natal,15,99.66,59.89,1494.9,596.55,133.33,1361.57,57.4,0,B
2024Q4,Coca-Cola,Carbonated Soft Drinks,Petrol & Travel,Western Cape,14,54.9,31.39,768.6,329.14,33.34,735.26,61.1,0,A
2024Q2,Powerplay,Energy Drinks,E-Commerce,Limpopo,23,103.93,62.68,2390.39,948.75,224.57,2165.82,71.4,1,C
2024Q1,Monster,Energy Drinks,On-Trade,Free State,66,94.64,47.49,6246.24,3111.9,490.58,5755.66,66.7,0,C
2024Q3,Coca-Cola,Carbonated Soft Drinks,Wholesale,KwaZulu-Natal,100,50.54,28.9,5054.0,2164.0,249.43,4804.57,60.7,0,A
2024Q1,Sprite,Carbonated Soft Drinks,Wholesale,North West,110,63.38,38.62,6971.8,2723.6,719.51,6252.29,90.4,0,C
2024Q3,Fanta,Carbonated Soft Drinks,Mass Retail,Gauteng,20,54.32,27.71,1086.4,532.2,93.15,993.25,81.5,0,B
2024Q4,Sprite,Carbonated Soft Drinks,Mass Retail,Limpopo,10,65.47,39.15,654.7,263.2,27.46,627.24,51.8,0,B
2024Q3,Cappy,Juices & Nectars,On-Trade,Gauteng,20,75.31,45.52,1506.2,595.8,102.6,1403.6,78.6,0,B
2024Q2,Coca-Cola,Carbonated Soft Drinks,Mass Retail,Western Cape,20,48.45,29.47,969.0,379.6,52.98,916.02,54.2,0,A
2024Q1,Cappy,Juices & Nectars,On-Trade,Gauteng,40,62.47,32.96,2498.8,1180.4,260.73,2238.07,76.3,0,D
2024Q1,Schweppes,Mixers,Mass Retail,Gauteng,38,57.47,33.14,2183.86,924.54,216.6,1967.26,46.7,1,C
2024Q1,Coca-Cola,Carbonated Soft Drinks,Mass Retail,Gauteng,18,50.15,26.38,902.7,427.86,62.84,839.86,84.7,0,B
2024Q1,Bonaqua,Water,Mass Retail,KwaZulu-Natal,60,44.53,26.15,2671.8,1102.8,264.72,2407.08,70.2,0,C
2024Q2,Schweppes,Mixers,Convenience,Gauteng,71,51.98,31.93,3690.58,1423.55,319.18,3371.4,93.4,1,A
2024Q4,Coca-Cola,Carbonated Soft Drinks,Convenience,Eastern Cape,47,53.56,30.44,2517.32,1086.64,288.8,2228.52,76.3,1,C
2024Q3,Coca-Cola,Carbonated Soft Drinks,On-Trade,KwaZulu-Natal,41,45.99,27.91,1885.59,741.28,86.34,1799.25,77.0,0,B
2024Q4,Stoney,Carbonated Soft Drinks,Wholesale,Western Cape,10,55.76,28.31,557.6,274.5,31.17,526.43,51.9,0,C
2024Q1,Coca-Cola,Carbonated Soft Drinks,Convenience,Limpopo,81,56.38,31.26,4566.78,2034.72,530.81,4035.97,91.7,0,C
2024Q3,Coca-Cola,Carbonated Soft Drinks,E-Commerce,Gauteng,70,50.87,29.85,3560.9,1471.4,239.28,3321.62,50.6,0,B
2024Q2,Cappy,Juices & Nectars,Convenience,Gauteng,23,62.92,34.61,1447.16,651.13,136.6,1310.56,94.1,0,A
2024Q1,Fanta,Carbonated Soft Drinks,On-Trade,KwaZulu-Natal,12,54.43,31.36,653.16,276.84,49.0,604.16,90.4,0,B
2024Q3,Monster,Energy Drinks,Convenience,Limpopo,4,100.69,59.77,402.76,163.68,46.84,355.92,62.3,0,B
2024Q3,Sprite,Carbonated Soft Drinks,Convenience,Free State,53,56.76,31.17,3008.28,1356.27,146.54,2861.74,64.5,0,B
2024Q2,Schweppes,Mixers,Mass Retail,Mpumalanga,11,55.8,27.07,613.8,316.03,58.31,555.49,97.6,0,B
2024Q1,Coca-Cola,Carbonated Soft Drinks,On-Trade,KwaZulu-Natal,67,54.01,27.86,3618.67,1752.05,324.94,3293.73,48.2,0,C
2024Q2,Sprite,Carbonated Soft Drinks,Convenience,Limpopo,106,56.14,34.37,5950.84,2307.62,340.87,5609.97,87.0,1,B
2024Q1,Coca-Cola,Carbonated Soft Drinks,Mass Retail,KwaZulu-Natal,51,48.6,24.52,2478.6,1228.08,130.48,2348.12,74.4,0,B
2024Q2,Monster,Energy Drinks,E-Commerce,KwaZulu-Natal,59,106.75,63.31,6298.25,2562.96,543.72,5754.53,79.3,1,C
2024Q2,Stoney,Carbonated Soft Drinks,Mass Retail,Western Cape,11,56.01,28.06,616.11,307.45,43.85,572.26,63.8,0,B
2024Q1,Coca-Cola,Carbonated Soft Drinks,E-Commerce,Free State,62,52.8,26.42,3273.6,1635.56,146.59,3127.01,73.3,1,C
2024Q3,Coca-Cola,Carbonated Soft Drinks,Wholesale,Gauteng,33,58.21,31.92,1920.93,867.57,132.54,1788.39,64.9,0,A
2024Q2,Powerplay,Energy Drinks,On-Trade,Gauteng,12,108.62,63.98,1303.44,535.68,80.76,1222.68,50.2,1,B
2024Q4,Coca-Cola,Carbonated Soft Drinks,Mass Retail,Gauteng,25,51.61,25.8,1290.25,645.25,85.04,1205.21,61.5,0,D
2024Q4,Coca-Cola,Carbonated Soft Drinks,On-Trade,Western Cape,24,53.81,26.76,1291.44,649.2,117.18,1174.26,87.6,0,A
2024Q1,Coca-Cola,Carbonated Soft Drinks,Mass Retail,Western Cape,60,54.26,26.52,3255.6,1664.4,307.49,2948.11,60.3,1,B
2024Q1,Coca-Cola,Carbonated Soft Drinks,E-Commerce,Western Cape,12,51.86,30.24,622.32,259.44,61.8,560.52,89.6,0,B
2024Q4,Coca-Cola,Carbonated Soft Drinks,Wholesale,Western Cape,152,50.71,27.05,7707.92,3596.32,638.86,7069.06,72.8,1,A
2024Q1,Fanta,Carbonated Soft Drinks,Petrol & Travel,KwaZulu-Natal,14,58.21,34.52,814.94,331.66,77.62,737.32,50.9,0,B
2024Q3,Coca-Cola,Carbonated Soft Drinks,On-Trade,KwaZulu-Natal,21,53.08,31.37,1114.68,455.91,64.38,1050.3,71.7,0,D
2024Q2,Sprite,Carbonated Soft Drinks,Mass Retail,KwaZulu-Natal,7,62.97,30.29,440.79,228.76,22.34,418.45,75.7,0,B
2024Q1,Sprite,Carbonated Soft Drinks,Mass Retail,Western Cape,55,54.44,28.67,2994.2,1417.35,248.43,2745.77,75.1,0,D
2024Q2,Cappy,Juices & Nectars,Mass Retail,Gauteng,6,65.32,39.66,391.92,153.96,29.81,362.11,73.0,0,C
2024Q3,Cappy,Juices & Nectars,Wholesale,Mpumalanga,183,67.77,39.85,12401.91,5109.36,1363.32,11038.59,65.8,0,C
2024Q3,Coca-Cola,Carbonated Soft Drinks,On-Trade,KwaZulu-Natal,63,46.9,23.19,2954.7,1493.73,122.92,2831.78,50.1,0,D
2024Q1,Powerade,Sports Drinks,On-Trade,Limpopo,35,65.72,34.46,2300.2,1094.1,227.51,2072.69,47.4,1,B
2024Q1,Fanta,Carbonated Soft Drinks,E-Commerce,Western Cape,8,44.61,22.23,356.88,179.04,42.66,314.22,60.1,0,C
2024Q2,Sprite,Carbonated Soft Drinks,E-Commerce,Gauteng,45,54.06,28.88,2432.7,1133.1,272.64,2160.06,63.1,1,D
2024Q1,Sprite,Carbonated Soft Drinks,Mass Retail,Eastern Cape,302,63.78,31.68,19261.56,9694.2,1132.52,18129.04,86.5,1,C
2024Q3,Coca-Cola,Carbonated Soft Drinks,Wholesale,KwaZulu-Natal,405,47.53,27.4,19249.65,8152.65,827.67,18421.98,76.0,1,C
2024Q1,Stoney,Carbonated Soft Drinks,Mass Retail,Gauteng,33,51.36,31.21,1694.88,664.95,84.96,1609.92,54.0,0,B
2024Q1,Bonaqua,Water,Mass Retail,Gauteng,104,35.68,22.11,3710.72,1411.28,441.39,3269.33,63.7,0,B
2024Q4,Fanta,Carbonated Soft Drinks,Convenience,Free State,5,46.68,24.33,233.4,111.75,27.9,205.5,83.9,0,B
2024Q2,Sprite,Carbonated Soft Drinks,Mass Retail,Gauteng,32,61.09,36.79,1954.88,777.6,119.85,1835.03,56.9,1,C
2024Q1,Sprite,Carbonated Soft Drinks,Wholesale,Western Cape,7,56.86,28.46,398.02,198.8,47.59,350.43,92.7,0,A
2024Q1,Coca-Cola,Carbonated Soft Drinks,Mass Retail,Eastern Cape,39,60.46,36.49,2357.94,934.83,201.42,2156.52,51.7,0,C
2024Q1,Cappy,Juices & Nectars,On-Trade,Western Cape,58,66.38,37.99,3850.04,1646.62,423.59,3426.45,85.2,0,B
2024Q4,Coca-Cola,Carbonated Soft Drinks,Mass Retail,Northern Cape,16,54.63,29.34,874.08,404.64,91.33,782.75,77.4,0,C
2024Q4,Sprite,Carbonated Soft Drinks,Mass Retail,Western Cape,65,51.66,26.26,3357.9,1651.0,280.8,3077.1,68.0,0,D
2024Q3,Sprite,Carbonated Soft Drinks,Convenience,Western Cape,24,51.24,29.38,1229.76,524.64,104.14,1125.62,74.1,0,D
2024Q1,Bonaqua,Water,Mass Retail,Western Cape,10,36.18,20.18,361.8,160.0,17.24,344.56,61.1,1,C
2024Q2,Sprite,Carbonated Soft Drinks,Petrol & Travel,Eastern Cape,54,49.88,26.63,2693.52,1255.5,144.62,2548.9,92.0,0,B
2024Q2,Coca-Cola,Carbonated Soft Drinks,Mass Retail,Western Cape,25,56.23,27.44,1405.75,719.75,68.23,1337.52,59.6,1,C
2024Q1,Coca-Cola,Carbonated Soft Drinks,Mass Retail,KwaZulu-Natal,52,55.36,31.13,2878.72,1259.96,292.46,2586.26,95.2,0,C
2024Q2,Bonaqua,Water,Mass Retail,Gauteng,26,39.5,22.19,1027.0,450.06,68.48,958.52,93.2,0,B
2024Q2,Sprite,Carbonated Soft Drinks,Mass Retail,Western Cape,3,55.16,31.93,165.48,69.69,11.68,153.8,96.8,0,C
2024Q1,Stoney,Carbonated Soft Drinks,Mass Retail,Western Cape,54,60.78,37.64,3282.12,1249.56,183.23,3098.89,88.0,1,C
2024Q3,Fanta,Carbonated Soft Drinks,Petrol & Travel,Western Cape,15,49.65,28.17,744.75,322.2,57.7,687.05,78.3,0,A
2024Q2,Coca-Cola,Carbonated Soft Drinks,Petrol & Travel,KwaZulu-Natal,10,55.62,33.21,556.2,224.1,46.8,509.4,71.0,0,B
2024Q1,Powerplay,Energy Drinks,Mass Retail,Western Cape,39,92.8,53.41,3619.2,1536.21,181.03,3438.17,63.8,0,D
2024Q3,Sprite,Carbonated Soft Drinks,Convenience,Western Cape,32,48.28,27.44,1544.96,666.88,144.75,1400.21,83.6,0,A
2024Q1,Fanta,Carbonated Soft Drinks,E-Commerce,Mpumalanga,114,46.82,27.27,5337.48,2228.7,341.72,4995.76,96.3,0,B
2024Q3,Sprite,Carbonated Soft Drinks,Mass Retail,KwaZulu-Natal,73,50.08,29.07,3655.84,1533.73,272.43,3383.41,90.8,0,C
2024Q1,Coca-Cola,Carbonated Soft Drinks,Mass Retail,Mpumalanga,13,54.76,29.41,711.88,329.55,53.19,658.69,83.9,0,B
2024Q2,Bonaqua,Water,On-Trade,Gauteng,27,38.62,21.1,1042.74,473.04,103.17,939.57,84.4,0,A
2024Q3,Coca-Cola,Carbonated Soft Drinks,Mass Retail,Free State,24,49.3,25.42,1183.2,573.12,121.26,1061.94,54.5,0,B
2024Q4,Cappy,Juices & Nectars,Mass Retail,Eastern Cape,38,67.22,41.67,2554.36,970.9,296.9,2257.46,83.1,0,B
2024Q4,Coca-Cola,Carbonated Soft Drinks,On-Trade,Gauteng,51,53.66,32.91,2736.66,1058.25,207.05,2529.61,67.1,0,C
2024Q4,Sprite,Carbonated Soft Drinks,On-Trade,Gauteng,83,58.36,35.13,4843.88,1928.09,370.54,4473.34,64.3,0,A
2024Q1,Coca-Cola,Carbonated Soft Drinks,Convenience,Gauteng,18,49.09,28.48,883.62,370.98,48.04,835.58,66.2,0,A
2024Q3,Schweppes,Mixers,Mass Retail,Western Cape,41,51.81,27.58,2124.21,993.43,163.52,1960.69,55.4,0,B
2024Q1,Coca-Cola,Carbonated Soft Drinks,Mass Retail,Western Cape,13,46.63,24.03,606.19,293.8,45.31,560.88,69.6,0,B
2024Q2,Cappy,Juices & Nectars,Mass Retail,KwaZulu-Natal,23,67.43,38.15,1550.89,673.44,73.16,1477.73,82.6,0,B
2024Q4,Fanta,Carbonated Soft Drinks,On-Trade,Gauteng,13,40.63,22.86,528.19,231.01,29.46,498.73,94.1,0,A
2024Q3,Sprite,Carbonated Soft Drinks,Convenience,Gauteng,49,52.55,26.84,2574.95,1259.79,132.56,2442.39,74.8,0,A
2024Q1,Coca-Cola,Carbonated Soft Drinks,On-Trade,Gauteng,150,55.52,27.55,8328.0,4195.5,650.26,7677.74,63.9,0,B
2024Q2,Coca-Cola,Carbonated Soft Drinks,On-Trade,KwaZulu-Natal,30,51.15,31.3,1534.5,595.5,182.11,1352.39,88.7,1,D
2024Q4,Sprite,Carbonated Soft Drinks,Petrol & Travel,Gauteng,6,60.95,36.14,365.7,148.86,16.24,349.46,55.4,0,D
2024Q3,Fanta,Carbonated Soft Drinks,On-Trade,Gauteng,48,46.62,27.73,2237.76,906.72,215.63,2022.13,68.3,0,B
2024Q2,Sprite,Carbonated Soft Drinks,Convenience,Western Cape,23,52.6,28.85,1209.8,546.25,54.33,1155.47,50.1,0,B
2024Q3,Fanta,Carbonated Soft Drinks,E-Commerce,Gauteng,13,49.61,25.05,644.93,319.28,45.28,599.65,56.1,1,A
2024Q2,Cappy,Juices & Nectars,On-Trade,Gauteng,64,76.34,39.76,4885.76,2341.12,499.89,4385.87,86.1,0,A
2024Q1,Coca-Cola,Carbonated Soft Drinks,Mass Retail,North West,12,55.28,31.26,663.36,288.24,48.03,615.33,78.7,0,B
2024Q1,Cappy,Juices & Nectars,Convenience,Free State,131,66.29,37.51,8683.99,3770.18,402.9,8281.09,48.5,0,A
2024Q1,Coca-Cola,Carbonated Soft Drinks,Convenience,KwaZulu-Natal,8,49.88,28.49,399.04,171.12,22.19,376.85,82.3,0,C
2024Q1,Coca-Cola,Carbonated Soft Drinks,Convenience,KwaZulu-Natal,43,48.47,29.79,2084.21,803.24,115.52,1968.69,93.2,0,B
2024Q1,Sprite,Carbonated Soft Drinks,Convenience,KwaZulu-Natal,20,55.9,32.69,1118.0,464.2,87.5,1030.5,83.2,0,C
2024Q3,Coca-Cola,Carbonated Soft Drinks,Mass Retail,Western Cape,8,52.74,26.36,421.92,211.04,22.29,399.63,90.9,1,C
2024Q4,Sprite,Carbonated Soft Drinks,On-Trade,KwaZulu-Natal,9,50.55,30.39,454.95,181.44,35.58,419.37,97.8,0,C
2024Q3,Sprite,Carbonated Soft Drinks,Mass Retail,Western Cape,20,53.6,29.21,1072.0,487.8,104.48,967.52,54.0,1,C
2024Q3,Cappy,Juices & Nectars,Wholesale,Gauteng,11,69.92,38.25,769.12,348.37,33.91,735.21,81.1,0,A
2024Q2,Coca-Cola,Carbonated Soft Drinks,E-Commerce,Gauteng,11,55.62,28.87,611.82,294.25,63.7,548.12,83.1,0,B
2024Q2,Fanta,Carbonated Soft Drinks,Convenience,Eastern Cape,17,51.01,30.6,867.17,346.97,88.1,779.07,76.3,0,C
2024Q2,Coca-Cola,Carbonated Soft Drinks,Mass Retail,Western Cape,49,48.23,29.65,2363.27,910.42,153.14,2210.13,45.8,0,D
2024Q1,Monster,Energy Drinks,Wholesale,Mpumalanga,37,106.9,56.96,3955.3,1847.78,222.55,3732.75,92.6,0,C
2024Q1,Sprite,Carbonated Soft Drinks,Convenience,KwaZulu-Natal,12,51.22,29.86,614.64,256.32,65.72,548.92,82.9,0,D
2024Q4,Cappy,Juices & Nectars,On-Trade,Gauteng,50,64.64,37.81,3232.0,1341.5,263.03,2968.97,72.1,0,A
2024Q1,Coca-Cola,Carbonated Soft Drinks,Mass Retail,North West,50,55.04,33.02,2752.0,1101.0,221.76,2530.24,78.1,0,C
2024Q2,Fanta,Carbonated Soft Drinks,E-Commerce,Free State,25,43.96,24.92,1099.0,476.0,124.42,974.58,45.8,1,C
2024Q2,Monster,Energy Drinks,Convenience,KwaZulu-Natal,18,101.09,52.51,1819.62,874.44,158.69,1660.93,91.9,0,C
2024Q2,Stoney,Carbonated Soft Drinks,Convenience,KwaZulu-Natal,51,57.8,32.86,2947.8,1271.94,169.55,2778.25,64.2,0,B
2024Q1,Bonaqua,Water,Mass Retail,Gauteng,49,45.5,22.76,2229.5,1114.26,232.45,1997.05,61.3,0,A
2024Q1,Coca-Cola,Carbonated Soft Drinks,Mass Retail,North West,11,55.4,28.24,609.4,298.76,30.76,578.64,57.8,1,B
2024Q2,Bonaqua,Water,Mass Retail,Gauteng,101,45.76,25.72,4621.76,2024.04,422.2,4199.56,88.2,0,A
2024Q1,Schweppes,Mixers,Convenience,KwaZulu-Natal,48,50.77,24.93,2436.96,1240.32,120.9,2316.06,79.7,0,B
2024Q3,Sprite,Carbonated Soft Drinks,Convenience,Western Cape,23,62.08,30.91,1427.84,716.91,156.73,1271.11,49.4,1,C
2024Q3,Cappy,Juices & Nectars,Wholesale,Western Cape,34,52.53,30.87,1786.02,736.44,162.37,1623.65,89.6,0,C
2024Q2,Fanta,Carbonated Soft Drinks,Convenience,Gauteng,8,44.5,27.15,356.0,138.8,33.73,322.27,77.9,0,A
2024Q3,Cappy,Juices & Nectars,Convenience,Mpumalanga,12,68.0,35.68,816.0,387.84,69.06,746.94,46.0,0,B
2024Q4,Coca-Cola,Carbonated Soft Drinks,E-Commerce,Western Cape,19,54.1,26.46,1027.9,525.16,109.86,918.04,77.7,1,B
2024Q2,Cappy,Juices & Nectars,Convenience,Gauteng,51,72.66,38.28,3705.66,1753.38,259.75,3445.91,53.3,0,A
2024Q4,Powerade,Sports Drinks,Convenience,Gauteng,337,69.9,42.2,23556.3,9334.9,972.08,22584.22,48.5,1,A
2024Q2,Bonaqua,Water,Mass Retail,Gauteng,34,39.83,22.65,1354.22,584.12,77.01,1277.21,52.9,1,B
2024Q4,Powerade,Sports Drinks,On-Trade,Gauteng,35,68.62,38.56,2401.7,1052.1,158.03,2243.67,68.0,1,D
2024Q2,Coca-Cola,Carbonated Soft Drinks,E-Commerce,Gauteng,92,59.43,32.72,5467.56,2457.32,331.3,5136.26,57.0,0,B
2024Q1,Cappy,Juices & Nectars,Convenience,North West,62,67.48,41.03,4183.76,1639.9,170.97,4012.79,50.7,0,B
2024Q1,Bonaqua,Water,Convenience,Gauteng,46,43.1,21.9,1982.6,975.2,90.82,1891.78,47.5,0,A
2024Q3,Powerade,Sports Drinks,On-Trade,KwaZulu-Natal,23,68.62,41.65,1578.26,620.31,129.03,1449.23,92.9,0,B
2024Q4,Coca-Cola,Carbonated Soft Drinks,Mass Retail,Western Cape,22,46.95,23.42,1032.9,517.66,105.35,927.55,71.7,0,D
2024Q4,Coca-Cola,Carbonated Soft Drinks,Mass Retail,Gauteng,55,47.8,29.56,2629.0,1003.2,245.1,2383.9,48.6,0,B
2024Q3,Coca-Cola,Carbonated Soft Drinks,On-Trade,Eastern Cape,12,48.44,28.6,581.28,238.08,40.63,540.65,83.8,1,B
2024Q2,Fanta,Carbonated Soft Drinks,Convenience,Mpumalanga,20,44.95,25.4,899.0,391.0,106.87,792.13,63.8,1,B
2024Q4,Coca-Cola,Carbonated Soft Drinks,Petrol & Travel,Mpumalanga,72,54.81,27.26,3946.32,1983.6,200.47,3745.85,50.9,0,C
2024Q2,Coca-Cola,Carbonated Soft Drinks,Mass Retail,Western Cape,52,47.1,26.01,2449.2,1096.68,204.63,2244.57,55.4,0,C
2024Q2,Coca-Cola,Carbonated Soft Drinks,Wholesale,KwaZulu-Natal,70,49.94,25.77,3495.8,1691.9,271.82,3223.98,46.0,1,C
2024Q1,Bonaqua,Water,Convenience,Gauteng,12,41.81,24.13,501.72,212.16,51.59,450.13,90.1,1,B
2024Q1,Fanta,Carbonated Soft Drinks,E-Commerce,Free State,55,49.79,29.28,2738.45,1128.05,135.16,2603.29,71.6,0,B
2024Q3,Coca-Cola,Carbonated Soft Drinks,Wholesale,Gauteng,87,51.13,28.09,4448.31,2004.48,215.94,4232.37,52.8,1,A
2024Q4,Powerade,Sports Drinks,Convenience,Free State,36,66.98,38.25,2411.28,1034.28,238.98,2172.3,77.9,0,B
2024Q3,Coca-Cola,Carbonated Soft Drinks,Mass Retail,KwaZulu-Natal,3,60.97,37.77,182.91,69.6,12.93,169.98,90.3,0,C
2024Q3,Cappy,Juices & Nectars,Petrol & Travel,Mpumalanga,26,65.85,40.6,1712.1,656.5,126.82,1585.28,45.1,0,D
2024Q1,Coca-Cola,Carbonated Soft Drinks,Petrol & Travel,Western Cape,94,54.38,33.28,5111.72,1983.4,578.72,4533.0,94.8,1,C
2024Q1,Stoney,Carbonated Soft Drinks,Convenience,Mpumalanga,15,63.2,32.0,948.0,468.0,98.62,849.38,67.1,0,B
2024Q4,Stoney,Carbonated Soft Drinks,On-Trade,Gauteng,27,58.47,31.97,1578.69,715.5,113.11,1465.58,70.8,0,D
2024Q4,Coca-Cola,Carbonated Soft Drinks,Convenience,Gauteng,11,56.04,28.26,616.44,305.58,45.37,571.07,68.9,0,B
2024Q3,Sprite,Carbonated Soft Drinks,Mass Retail,Western Cape,66,51.96,25.66,3429.36,1735.8,290.93,3138.43,78.0,1,C
2024Q2,Stoney,Carbonated Soft Drinks,Mass Retail,Western Cape,45,65.13,37.15,2930.85,1259.1,233.94,2696.91,93.2,0,D
2024Q3,Coca-Cola,Carbonated Soft Drinks,E-Commerce,KwaZulu-Natal,11,49.47,24.24,544.17,277.53,28.97,515.2,97.6,0,C
2024Q2,Sprite,Carbonated Soft Drinks,Mass Retail,KwaZulu-Natal,50,55.0,27.1,2750.0,1395.0,240.68,2509.32,93.7,0,C
2024Q1,Schweppes,Mixers,Convenience,Western Cape,36,57.88,33.07,2083.68,893.16,120.09,1963.59,83.7,0,B
2024Q2,Coca-Cola,Carbonated Soft Drinks,Wholesale,Gauteng,8,52.79,29.58,422.32,185.68,40.23,382.09,56.0,0,C
2024Q4,Powerplay,Energy Drinks,Convenience,KwaZulu-Natal,136,120.42,62.96,16377.12,7814.56,858.51,15518.61,78.0,0,D
2024Q1,Sprite,Carbonated Soft Drinks,Convenience,KwaZulu-Natal,12,50.92,26.92,611.04,288.0,48.39,562.65,96.7,0,B
2024Q1,Coca-Cola,Carbonated Soft Drinks,Mass Retail,KwaZulu-Natal,33,56.96,31.54,1879.68,838.86,105.91,1773.77,83.2,0,C
2024Q2,Coca-Cola,Carbonated Soft Drinks,Mass Retail,Gauteng,20,58.34,28.89,1166.8,589.0,62.83,1103.97,88.0,1,D
2024Q2,Sprite,Carbonated Soft Drinks,Mass Retail,Gauteng,40,54.76,31.33,2190.4,937.2,107.65,2082.75,52.6,1,C
2024Q3,Fanta,Carbonated Soft Drinks,On-Trade,Gauteng,107,52.24,27.08,5589.68,2692.12,612.92,4976.76,50.8,1,C
2024Q2,Schweppes,Mixers,Mass Retail,Western Cape,43,60.28,29.55,2592.04,1321.39,203.98,2388.06,72.5,0,B
2024Q1,Coca-Cola,Carbonated Soft Drinks,On-Trade,Western Cape,10,43.14,21.39,431.4,217.5,39.32,392.08,56.2,1,C
2024Q2,Powerade,Sports Drinks,Convenience,Eastern Cape,46,63.24,37.63,2909.04,1178.06,131.27,2777.77,50.6,1,B
2024Q3,Coca-Cola,Carbonated Soft Drinks,E-Commerce,KwaZulu-Natal,36,50.45,28.37,1816.2,794.88,168.95,1647.25,71.8,0,A
2024Q1,Bonaqua,Water,Convenience,Gauteng,63,40.69,22.3,2563.47,1158.57,264.69,2298.78,66.6,0,C
2024Q1,Cappy,Juices & Nectars,E-Commerce,Gauteng,125,69.42,40.61,8677.5,3601.25,757.71,7919.79,68.7,1,A
2024Q4,Coca-Cola,Carbonated Soft Drinks,Mass Retail,Gauteng,27,55.11,32.62,1487.97,607.23,63.29,1424.68,57.3,0,A
2024Q1,Coca-Cola,Carbonated Soft Drinks,Mass Retail,Eastern Cape,12,56.81,27.6,681.72,350.52,36.75,644.97,58.7,1,A
2024Q2,Coca-Cola,Carbonated Soft Drinks,Mass Retail,Gauteng,55,49.11,26.41,2701.05,1248.5,195.59,2505.46,96.2,0,C
2024Q4,Coca-Cola,Carbonated Soft Drinks,Wholesale,KwaZulu-Natal,28,53.81,28.85,1506.68,698.88,108.03,1398.65,73.9,0,C
2024Q4,Schweppes,Mixers,E-Commerce,KwaZulu-Natal,61,54.31,29.84,3312.91,1492.67,134.38,3178.53,76.3,0,B
2024Q3,Coca-Cola,Carbonated Soft Drinks,Wholesale,Gauteng,50,51.32,29.3,2566.0,1101.0,285.39,2280.61,86.6,1,C
2024Q4,Fanta,Carbonated Soft Drinks,Convenience,Limpopo,34,47.07,23.45,1600.38,803.08,123.04,1477.34,95.6,0,D
2024Q3,Coca-Cola,Carbonated Soft Drinks,Petrol & Travel,Limpopo,4,51.06,29.01,204.24,88.2,11.34,192.9,58.8,0,D
2024Q1,Stoney,Carbonated Soft Drinks,Mass Retail,Gauteng,51,62.48,36.73,3186.48,1313.25,244.58,2941.9,83.6,0,C
2024Q4,Fanta,Carbonated Soft Drinks,Mass Retail,Gauteng,27,46.67,23.44,1260.09,627.21,89.8,1170.29,60.8,0,A
2024Q3,Coca-Cola,Carbonated Soft Drinks,On-Trade,Western Cape,100,48.13,26.55,4813.0,2158.0,546.56,4266.44,49.8,0,A
2024Q2,Sprite,Carbonated Soft Drinks,On-Trade,KwaZulu-Natal,43,55.97,29.78,2406.71,1126.17,155.08,2251.63,54.1,1,C
2024Q4,Coca-Cola,Carbonated Soft Drinks,Convenience,Eastern Cape,90,52.05,27.06,4684.5,2249.1,246.5,4438.0,59.4,1,B
2024Q1,Sprite,Carbonated Soft Drinks,Mass Retail,Mpumalanga,14,51.76,31.41,724.64,284.9,29.09,695.55,76.8,0,B
2024Q2,Sprite,Carbonated Soft Drinks,Mass Retail,Free State,29,55.38,28.28,1606.02,785.9,182.76,1423.26,45.9,0,A
2024Q2,Fanta,Carbonated Soft Drinks,Mass Retail,KwaZulu-Natal,50,51.82,28.34,2591.0,1174.0,151.83,2439.17,76.8,1,C
2024Q2,Powerade,Sports Drinks,Mass Retail,Mpumalanga,61,64.13,32.17,3911.93,1949.56,158.21,3753.72,62.8,0,C
2024Q1,Schweppes,Mixers,Convenience,Western Cape,72,60.59,34.71,4362.48,1863.36,393.15,3969.33,80.3,1,A
2024Q3,Powerplay,Energy Drinks,Mass Retail,KwaZulu-Natal,108,95.5,46.72,10314.0,5268.24,656.24,9657.76,66.5,0,C
2024Q4,Coca-Cola,Carbonated Soft Drinks,Mass Retail,Gauteng,141,51.55,28.16,7268.55,3297.99,816.48,6452.07,65.2,0,C
2024Q2,Coca-Cola,Carbonated Soft Drinks,On-Trade,Gauteng,24,55.55,28.63,1333.2,646.08,111.3,1221.9,49.2,0,C
2024Q4,Cappy,Juices & Nectars,Convenience,KwaZulu-Natal,16,58.73,34.7,939.68,384.48,87.35,852.33,68.6,0,B
2024Q2,Monster,Energy Drinks,Wholesale,Gauteng,61,118.54,59.97,7230.94,3572.77,463.31,6767.63,63.5,1,A
2024Q1,Sprite,Carbonated Soft Drinks,Mass Retail,KwaZulu-Natal,38,61.39,32.4,2332.82,1101.62,206.85,2125.97,84.2,0,B
2024Q3,Fanta,Carbonated Soft Drinks,Mass Retail,Western Cape,18,49.82,28.08,896.76,391.32,61.44,835.32,68.0,0,B
2024Q4,Schweppes,Mixers,On-Trade,Eastern Cape,76,66.15,35.66,5027.4,2317.24,207.92,4819.48,77.9,0,C
2024Q1,Coca-Cola,Carbonated Soft Drinks,Convenience,Western Cape,24,50.0,27.77,1200.0,533.52,70.64,1129.36,46.8,0,A
2024Q3,Sprite,Carbonated Soft Drinks,Mass Retail,Gauteng,14,51.38,31.52,719.32,278.04,42.49,676.83,51.9,1,D
2024Q2,Bonaqua,Water,Convenience,Gauteng,54,43.24,21.54,2334.96,1171.8,134.45,2200.51,84.6,1,C
2024Q2,Bonaqua,Water,Convenience,Gauteng,33,41.58,21.08,1372.14,676.5,149.16,1222.98,61.9,0,A
2024Q2,Fanta,Carbonated Soft Drinks,Mass Retail,Eastern Cape,81,47.14,23.77,3818.34,1892.97,269.36,3548.98,46.6,0,B
2024Q4,Coca-Cola,Carbonated Soft Drinks,On-Trade,KwaZulu-Natal,12,48.82,27.4,585.84,257.04,56.47,529.37,88.1,0,B
2024Q2,Coca-Cola,Carbonated Soft Drinks,Convenience,Mpumalanga,29,57.66,28.49,1672.14,845.93,180.1,1492.04,74.0,0,B
2024Q3,Sprite,Carbonated Soft Drinks,Convenience,KwaZulu-Natal,35,58.47,28.11,2046.45,1062.6,224.39,1822.06,60.1,0,A
2024Q4,Bonaqua,Water,E-Commerce,Gauteng,19,37.31,21.5,708.89,300.39,52.72,656.17,78.2,0,B
2024Q4,Coca-Cola,Carbonated Soft Drinks,Mass Retail,KwaZulu-Natal,63,44.15,26.0,2781.45,1143.45,270.38,2511.07,73.6,0,D
2024Q2,Sprite,Carbonated Soft Drinks,Mass Retail,Western Cape,10,46.64,24.67,466.4,219.7,44.74,421.66,51.6,0,D
2024Q1,Sprite,Carbonated Soft Drinks,On-Trade,Limpopo,18,59.75,29.04,1075.5,552.78,104.22,971.28,83.9,0,A
2024Q2,Sprite,Carbonated Soft Drinks,On-Trade,Eastern Cape,25,54.57,33.19,1364.25,534.5,82.8,1281.45,83.2,1,A
2024Q4,Coca-Cola,Carbonated Soft Drinks,Mass Retail,Gauteng,22,53.49,30.88,1176.78,497.42,97.19,1079.59,95.6,1,D
2024Q2,Coca-Cola,Carbonated Soft Drinks,Wholesale,KwaZulu-Natal,24,51.26,30.91,1230.24,488.4,107.66,1122.58,73.4,1,B
2024Q2,Powerade,Sports Drinks,On-Trade,Western Cape,4,65.96,34.58,263.84,125.52,26.85,236.99,48.2,0,D
2024Q4,Monster,Energy Drinks,Mass Retail,Gauteng,16,119.77,67.56,1916.32,835.36,98.33,1817.99,51.2,0,C
2024Q4,Fanta,Carbonated Soft Drinks,Mass Retail,Gauteng,37,46.3,23.64,1713.1,838.42,152.37,1560.73,56.4,1,A
2024Q3,Sprite,Carbonated Soft Drinks,Convenience,Mpumalanga,80,55.99,32.25,4479.2,1899.2,472.55,4006.65,59.1,0,A
2024Q4,Coca-Cola,Carbonated Soft Drinks,Mass Retail,Gauteng,74,50.54,27.59,3739.96,1698.3,229.74,3510.22,58.8,0,C
2024Q1,Fanta,Carbonated Soft Drinks,Mass Retail,Western Cape,16,45.12,23.13,721.92,351.84,29.05,692.87,81.7,0,B
2024Q2,Stoney,Carbonated Soft Drinks,Convenience,KwaZulu-Natal,28,62.2,37.81,1741.6,682.92,84.59,1657.01,84.4,0,B
2024Q3,Coca-Cola,Carbonated Soft Drinks,Mass Retail,Eastern Cape,19,51.11,28.86,971.09,422.75,40.9,930.19,71.6,0,B
2024Q3,Coca-Cola,Carbonated Soft Drinks,On-Trade,Gauteng,16,47.22,24.92,755.52,356.8,74.44,681.08,94.4,0,C
2024Q3,Coca-Cola,Carbonated Soft Drinks,Mass Retail,Gauteng,56,49.19,27.96,2754.64,1188.88,159.63,2595.01,84.3,1,C
2024Q1,Coca-Cola,Carbonated Soft Drinks,Wholesale,Gauteng,49,54.3,33.46,2660.7,1021.16,138.42,2522.28,93.1,0,A
2024Q2,Sprite,Carbonated Soft Drinks,Petrol & Travel,Gauteng,15,44.5,25.27,667.5,288.45,79.82,587.68,76.8,0,B
2024Q2,Coca-Cola,Carbonated Soft Drinks,On-Trade,Gauteng,20,45.9,25.27,918.0,412.6,60.43,857.57,96.8,0,C
2024Q2,Stoney,Carbonated Soft Drinks,Wholesale,KwaZulu-Natal,123,59.0,32.18,7257.0,3298.86,300.28,6956.72,73.8,0,D
2024Q4,Coca-Cola,Carbonated Soft Drinks,Mass Retail,Gauteng,15,52.14,26.11,782.1,390.45,69.48,712.62,57.3,0,C
2024Q1,Coca-Cola,Carbonated Soft Drinks,Petrol & Travel,Gauteng,9,52.34,28.74,471.06,212.4,18.88,452.18,90.7,1,C
2024Q4,Stoney,Carbonated Soft Drinks,Mass Retail,Western Cape,17,56.68,32.17,963.56,416.67,101.96,861.6,64.2,0,B
2024Q1,Monster,Energy Drinks,Convenience,KwaZulu-Natal,15,112.53,57.2,1687.95,829.95,99.21,1588.74,68.5,1,A
2024Q3,Monster,Energy Drinks,Mass Retail,Gauteng,62,111.13,53.72,6890.06,3559.42,623.4,6266.66,89.3,0,A
2024Q4,Coca-Cola,Carbonated Soft Drinks,Mass Retail,Western Cape,59,60.53,31.0,3571.27,1742.27,380.45,3190.82,84.0,1,A
2024Q3,Stoney,Carbonated Soft Drinks,Mass Retail,Eastern Cape,17,63.53,36.5,1080.01,459.51,53.44,1026.57,81.7,1,B
2024Q4,Coca-Cola,Carbonated Soft Drinks,On-Trade,Gauteng,12,53.16,30.92,637.92,266.88,28.62,609.3,53.8,1,B
2024Q1,Fanta,Carbonated Soft Drinks,Convenience,KwaZulu-Natal,37,46.03,28.4,1703.11,652.31,158.15,1544.96,64.8,1,B
2024Q1,Coca-Cola,Carbonated Soft Drinks,Mass Retail,Gauteng,24,47.84,27.74,1148.16,482.4,48.85,1099.31,90.2,0,C
2024Q4,Bonaqua,Water,Convenience,KwaZulu-Natal,69,39.31,19.9,2712.39,1339.29,205.39,2507.0,47.3,1,A
2024Q2,Stoney,Carbonated Soft Drinks,Mass Retail,Western Cape,173,71.25,41.67,12326.25,5117.34,829.97,11496.28,85.4,0,C
2024Q2,Sprite,Carbonated Soft Drinks,On-Trade,KwaZulu-Natal,43,55.81,30.47,2399.83,1089.62,176.32,2223.51,93.0,0,C
2024Q2,Powerade,Sports Drinks,Wholesale,Western Cape,33,68.5,36.18,2260.5,1066.56,133.89,2126.61,46.8,0,D
2024Q3,Schweppes,Mixers,On-Trade,Gauteng,51,50.99,31.02,2600.49,1018.47,301.7,2298.79,45.2,0,C
2024Q4,Bonaqua,Water,Wholesale,Gauteng,36,44.39,26.33,1598.04,650.16,173.01,1425.03,68.5,0,A
2024Q3,Coca-Cola,Carbonated Soft Drinks,Wholesale,Gauteng,171,49.53,26.32,8469.63,3968.91,863.89,7605.74,92.9,0,A
2024Q2,Coca-Cola,Carbonated Soft Drinks,Mass Retail,Western Cape,35,53.61,32.32,1876.35,745.15,90.65,1785.7,58.3,0,C
2024Q4,Coca-Cola,Carbonated Soft Drinks,On-Trade,Free State,16,49.81,29.96,796.96,317.6,58.57,738.39,96.0,0,B
2024Q2,Fanta,Carbonated Soft Drinks,Convenience,Western Cape,37,45.58,28.22,1686.46,642.32,143.71,1542.75,45.1,0,A
2024Q2,Sprite,Carbonated Soft Drinks,Convenience,Gauteng,60,50.64,27.96,3038.4,1360.8,200.64,2837.76,60.0,0,A
2024Q1,Bonaqua,Water,Convenience,Mpumalanga,33,43.23,22.31,1426.59,690.36,68.74,1357.85,53.3,0,C
2024Q1,Fanta,Carbonated Soft Drinks,Mass Retail,KwaZulu-Natal,29,49.79,27.07,1443.91,658.88,143.95,1299.96,92.3,0,C
2024Q2,Monster,Energy Drinks,Mass Retail,Mpumalanga,16,123.37,67.79,1973.92,889.28,194.17,1779.75,83.6,0,B
2024Q3,Powerplay,Energy Drinks,Convenience,KwaZulu-Natal,62,109.18,62.07,6769.16,2920.82,618.74,6150.42,86.6,1,C
2024Q3,Sprite,Carbonated Soft Drinks,Wholesale,Gauteng,52,55.5,29.45,2886.0,1354.6,183.53,2702.47,76.9,1,B
2024Q1,Sprite,Carbonated Soft Drinks,Convenience,KwaZulu-Natal,12,56.22,31.55,674.64,296.04,59.5,615.14,67.2,0,A
2024Q2,Coca-Cola,Carbonated Soft Drinks,Convenience,KwaZulu-Natal,17,47.16,25.93,801.72,360.91,47.95,753.77,86.5,0,A
2024Q2,Coca-Cola,Carbonated Soft Drinks,Mass Retail,Western Cape,22,50.89,24.43,1119.58,582.12,98.23,1021.35,56.2,1,B
2024Q1,Coca-Cola,Carbonated Soft Drinks,E-Commerce,KwaZulu-Natal,44,51.57,29.73,2269.08,960.96,246.47,2022.61,52.7,1,D
2024Q3,Coca-Cola,Carbonated Soft Drinks,On-Trade,Mpumalanga,24,44.3,23.71,1063.2,494.16,104.66,958.54,61.4,0,D
2024Q1,Fanta,Carbonated Soft Drinks,Wholesale,Gauteng,32,50.45,28.11,1614.4,714.88,129.48,1484.92,87.6,1,C
2024Q2,Schweppes,Mixers,Petrol & Travel,Gauteng,50,54.22,29.18,2711.0,1252.0,306.61,2404.39,79.1,0,A
2024Q1,Stoney,Carbonated Soft Drinks,On-Trade,Western Cape,37,58.32,33.59,2157.84,915.01,196.81,1961.03,59.2,0,D
2024Q1,Coca-Cola,Carbonated Soft Drinks,Convenience,KwaZulu-Natal,16,50.14,31.0,802.24,306.24,79.98,722.26,67.0,0,A
2024Q2,Fanta,Carbonated Soft Drinks,On-Trade,Western Cape,15,52.21,31.76,783.15,306.75,83.98,699.17,61.2,0,A
2024Q1,Powerade,Sports Drinks,Convenience,Western Cape,34,64.32,39.3,2186.88,850.68,237.12,1949.76,63.9,1,C
2024Q4,Cappy,Juices & Nectars,E-Commerce,KwaZulu-Natal,35,58.97,33.23,2063.95,900.9,87.98,1975.97,66.9,0,B
2024Q3,Monster,Energy Drinks,On-Trade,Western Cape,12,109.27,67.06,1311.24,506.52,80.38,1230.86,87.3,1,C
2024Q2,Bonaqua,Water,Wholesale,Limpopo,25,31.63,17.4,790.75,355.75,64.3,726.45,56.9,0,A
2024Q3,Schweppes,Mixers,E-Commerce,Limpopo,10,56.92,35.2,569.2,217.2,62.18,507.02,92.0,0,C
2024Q4,Coca-Cola,Carbonated Soft Drinks,Convenience,KwaZulu-Natal,40,47.09,28.02,1883.6,762.8,81.18,1802.42,71.3,0,B
2024Q2,Coca-Cola,Carbonated Soft Drinks,E-Commerce,Gauteng,21,46.77,28.89,982.17,375.48,96.11,886.06,60.9,0,D
2024Q1,Sprite,Carbonated Soft Drinks,On-Trade,Gauteng,54,49.12,29.74,2652.48,1046.52,224.27,2428.21,83.9,0,B
2024Q3,Sprite,Carbonated Soft Drinks,Convenience,Gauteng,153,56.42,33.5,8632.26,3506.76,800.69,7831.57,96.8,0,C
2024Q3,Coca-Cola,Carbonated Soft Drinks,On-Trade,KwaZulu-Natal,51,53.84,27.96,2745.84,1319.88,204.74,2541.1,74.9,0,C
2024Q4,Coca-Cola,Carbonated Soft Drinks,Mass Retail,North West,42,51.0,24.9,2142.0,1096.2,124.58,2017.42,63.6,0,B
2024Q4,Powerplay,Energy Drinks,Mass Retail,Western Cape,52,109.14,55.87,5675.28,2770.04,622.97,5052.31,60.0,1,B
2024Q4,Bonaqua,Water,Mass Retail,Gauteng,17,40.38,21.55,686.46,320.11,46.99,639.47,53.5,0,C
2024Q3,Powerade,Sports Drinks,Mass Retail,Western Cape,38,67.18,40.71,2552.84,1005.86,141.9,2410.94,71.8,0,A
2024Q3,Fanta,Carbonated Soft Drinks,Wholesale,Gauteng,24,50.45,27.62,1210.8,547.92,134.14,1076.66,82.8,0,D
2024Q4,Schweppes,Mixers,Wholesale,Eastern Cape,26,57.85,35.61,1504.1,578.24,170.63,1333.47,51.7,1,C
2024Q3,Stoney,Carbonated Soft Drinks,On-Trade,Western Cape,119,60.82,32.45,7237.58,3376.03,368.47,6869.11,72.1,0,B
2024Q4,Cappy,Juices & Nectars,Wholesale,Western Cape,94,59.68,36.05,5609.92,2221.22,475.09,5134.83,81.4,0,C
2024Q3,Cappy,Juices & Nectars,Mass Retail,Western Cape,7,69.56,37.07,486.92,227.43,31.77,455.15,93.6,0,D
2024Q2,Coca-Cola,Carbonated Soft Drinks,Mass Retail,Gauteng,63,52.68,31.82,3318.84,1314.18,379.06,2939.78,56.8,0,A
2024Q4,Sprite,Carbonated Soft Drinks,On-Trade,Free State,107,58.42,30.2,6250.94,3019.54,597.49,5653.45,66.7,0,B
2024Q2,Sprite,Carbonated Soft Drinks,Wholesale,KwaZulu-Natal,20,58.14,29.4,1162.8,574.8,113.28,1049.52,74.2,0,B
2024Q2,Coca-Cola,Carbonated Soft Drinks,On-Trade,Western Cape,53,53.81,27.63,2851.93,1387.54,240.83,2611.1,88.9,0,B
2024Q3,Coca-Cola,Carbonated Soft Drinks,Mass Retail,KwaZulu-Natal,20,50.74,26.01,1014.8,494.6,117.35,897.45,69.5,0,B
2024Q3,Coca-Cola,Carbonated Soft Drinks,Mass Retail,KwaZulu-Natal,69,59.23,33.2,4086.87,1796.07,199.54,3887.33,63.7,0,A
2024Q2,Fanta,Carbonated Soft Drinks,On-Trade,Gauteng,56,49.91,26.26,2794.96,1324.4,258.97,2535.99,76.2,1,A
2024Q4,Cappy,Juices & Nectars,Petrol & Travel,Mpumalanga,35,66.56,33.67,2329.6,1151.15,222.71,2106.89,96.1,1,B
2024Q3,Coca-Cola,Carbonated Soft Drinks,Mass Retail,KwaZulu-Natal,11,49.94,25.52,549.34,268.62,27.2,522.14,79.4,0,C
2024Q1,Coca-Cola,Carbonated Soft Drinks,Convenience,Gauteng,50,52.95,26.5,2647.5,1322.5,173.64,2473.86,63.3,1,A
2024Q1,Bonaqua,Water,Mass Retail,Western Cape,31,36.66,21.88,1136.46,458.18,132.24,1004.22,51.9,0,B
2024Q2,Cappy,Juices & Nectars,Mass Retail,Gauteng,24,73.07,36.2,1753.68,884.88,209.04,1544.64,79.7,0,C
2024Q1,Coca-Cola,Carbonated Soft Drinks,Mass Retail,Western Cape,4,50.43,25.95,201.72,97.92,23.94,177.78,58.4,1,D
2024Q3,Coca-Cola,Carbonated Soft Drinks,Mass Retail,Gauteng,5,53.02,27.39,265.1,128.15,24.06,241.04,64.3,0,A
2024Q3,Sprite,Carbonated Soft Drinks,Mass Retail,North West,34,53.86,26.77,1831.24,921.06,104.57,1726.67,83.0,0,B
2024Q2,Cappy,Juices & Nectars,E-Commerce,Gauteng,41,60.52,30.87,2481.32,1215.65,153.04,2328.28,77.9,0,A
2024Q2,Fanta,Carbonated Soft Drinks,Wholesale,KwaZulu-Natal,29,56.88,30.92,1649.52,752.84,169.92,1479.6,55.2,1,B
2024Q3,Cappy,Juices & Nectars,E-Commerce,Free State,15,76.13,44.11,1141.95,480.3,69.12,1072.83,62.2,0,A
2024Q2,Cappy,Juices & Nectars,Mass Retail,Gauteng,140,58.52,28.96,8192.8,4138.4,444.92,7747.88,46.9,0,D
2024Q1,Fanta,Carbonated Soft Drinks,Mass Retail,KwaZulu-Natal,71,51.46,28.98,3653.66,1596.08,253.93,3399.73,54.2,0,B
2024Q2,Coca-Cola,Carbonated Soft Drinks,Convenience,KwaZulu-Natal,25,46.61,27.76,1165.25,471.25,58.66,1106.59,51.8,1,C
2024Q3,Bonaqua,Water,Convenience,Western Cape,9,41.48,22.83,373.32,167.85,23.95,349.37,71.8,1,B
2024Q3,Coca-Cola,Carbonated Soft Drinks,Petrol & Travel,Gauteng,32,53.7,31.37,1718.4,714.56,165.04,1553.36,71.0,1,B
2024Q3,Fanta,Carbonated Soft Drinks,Convenience,Western Cape,165,50.52,27.5,8335.8,3798.3,388.06,7947.74,46.0,0,D
2024Q2,Coca-Cola,Carbonated Soft Drinks,On-Trade,Western Cape,24,47.13,27.32,1131.12,475.44,119.03,1012.09,70.3,1,B
2024Q1,Fanta,Carbonated Soft Drinks,Mass Retail,Free State,21,43.63,23.17,916.23,429.66,62.21,854.02,52.0,0,A
2024Q4,Coca-Cola,Carbonated Soft Drinks,E-Commerce,Gauteng,31,50.12,30.94,1553.72,594.58,144.15,1409.57,63.8,1,C
2024Q4,Powerade,Sports Drinks,E-Commerce,North West,60,69.35,33.53,4161.0,2149.2,407.84,3753.16,97.9,0,C
2024Q2,Fanta,Carbonated Soft Drinks,Mass Retail,KwaZulu-Natal,73,49.13,27.39,3586.49,1587.02,358.49,3228.0,76.2,1,A
2024Q4,Sprite,Carbonated Soft Drinks,Wholesale,KwaZulu-Natal,12,54.01,32.4,648.12,259.32,64.81,583.31,75.4,0,A
2024Q4,Cappy,Juices & Nectars,Mass Retail,KwaZulu-Natal,28,57.88,32.98,1620.64,697.2,166.24,1454.4,49.3,0,A
2024Q2,Stoney,Carbonated Soft Drinks,Petrol & Travel,KwaZulu-Natal,45,67.39,34.37,3032.55,1485.9,252.11,2780.44,71.6,0,A
2024Q1,Coca-Cola,Carbonated Soft Drinks,E-Commerce,Gauteng,15,51.61,26.09,774.15,382.8,36.99,737.16,57.9,1,B
2024Q4,Fanta,Carbonated Soft Drinks,Wholesale,Mpumalanga,17,47.34,27.6,804.78,335.58,84.89,719.89,62.3,0,A
2024Q2,Coca-Cola,Carbonated Soft Drinks,On-Trade,KwaZulu-Natal,44,56.4,29.39,2481.6,1188.44,240.94,2240.66,63.3,0,B
2024Q2,Schweppes,Mixers,E-Commerce,Eastern Cape,28,59.57,33.1,1667.96,741.16,128.1,1539.86,86.5,1,B
2024Q1,Sprite,Carbonated Soft Drinks,On-Trade,Gauteng,95,58.24,31.8,5532.8,2511.8,267.92,5264.88,58.0,0,C
2024Q4,Coca-Cola,Carbonated Soft Drinks,Convenience,Gauteng,28,55.81,31.17,1562.68,689.92,91.06,1471.62,66.8,0,A
2024Q2,Coca-Cola,Carbonated Soft Drinks,On-Trade,Limpopo,22,54.16,30.38,1191.52,523.16,53.99,1137.53,58.1,1,C
2024Q1,Sprite,Carbonated Soft Drinks,Mass Retail,Western Cape,90,50.27,27.64,4524.3,2036.7,518.63,4005.67,56.3,0,B
2024Q4,Schweppes,Mixers,Mass Retail,Eastern Cape,13,53.95,33.4,701.35,267.15,49.78,651.57,94.8,0,C
2024Q2,Powerplay,Energy Drinks,Wholesale,Gauteng,26,106.44,63.84,2767.44,1107.6,117.8,2649.64,96.1,0,A
2024Q1,Stoney,Carbonated Soft Drinks,Convenience,KwaZulu-Natal,55,53.04,26.45,2917.2,1462.45,133.53,2783.67,88.9,0,D
2024Q1,Powerade,Sports Drinks,Mass Retail,Northern Cape,11,67.83,33.14,746.13,381.59,51.8,694.33,71.8,0,D
2024Q3,Coca-Cola,Carbonated Soft Drinks,On-Trade,Western Cape,110,52.05,25.83,5725.5,2884.2,258.32,5467.18,53.4,0,A
2024Q4,Powerplay,Energy Drinks,Convenience,Gauteng,21,112.02,54.26,2352.42,1212.96,223.06,2129.36,90.3,0,C
2024Q3,Cappy,Juices & Nectars,On-Trade,Limpopo,44,59.71,34.99,2627.24,1087.68,158.86,2468.38,73.0,0,B
2024Q3,Stoney,Carbonated Soft Drinks,Mass Retail,Free State,30,63.72,31.81,1911.6,957.3,187.78,1723.82,58.6,1,A
2024Q3,Sprite,Carbonated Soft Drinks,Convenience,Western Cape,52,45.17,22.3,2348.84,1189.24,201.39,2147.45,45.8,0,B
2024Q1,Fanta,Carbonated Soft Drinks,Convenience,Gauteng,38,51.42,28.04,1953.96,888.44,118.0,1835.96,84.4,0,C
2024Q4,Stoney,Carbonated Soft Drinks,Mass Retail,Gauteng,30,53.84,28.22,1615.2,768.6,110.7,1504.5,66.5,0,B
2024Q4,Monster,Energy Drinks,Petrol & Travel,Gauteng,31,95.97,58.85,2975.07,1150.72,232.31,2742.76,90.8,1,D
2024Q1,Coca-Cola,Carbonated Soft Drinks,Mass Retail,Western Cape,7,49.79,26.92,348.53,160.09,20.93,327.6,96.2,0,C
2024Q4,Coca-Cola,Carbonated Soft Drinks,E-Commerce,Gauteng,16,53.61,31.92,857.76,347.04,71.54,786.22,96.9,0,C
2024Q1,Coca-Cola,Carbonated Soft Drinks,On-Trade,Western Cape,21,47.43,27.66,996.03,415.17,92.36,903.67,86.3,1,B
2024Q4,Coca-Cola,Carbonated Soft Drinks,Mass Retail,Western Cape,58,52.57,26.03,3049.06,1539.32,144.97,2904.09,83.0,0,A
2024Q1,Sprite,Carbonated Soft Drinks,On-Trade,KwaZulu-Natal,52,64.34,39.77,3345.68,1277.64,371.79,2973.89,80.9,1,C
2024Q4,Coca-Cola,Carbonated Soft Drinks,E-Commerce,KwaZulu-Natal,51,50.6,28.43,2580.6,1130.67,266.17,2314.43,68.8,1,B
2024Q1,Sprite,Carbonated Soft Drinks,Wholesale,Free State,15,53.29,31.41,799.35,328.2,76.77,722.58,49.7,0,A
2024Q2,Fanta,Carbonated Soft Drinks,Mass Retail,Gauteng,44,52.94,29.2,2329.36,1044.56,151.29,2178.07,92.0,0,C
2024Q2,Powerade,Sports Drinks,Mass Retail,KwaZulu-Natal,45,70.04,41.62,3151.8,1278.9,375.64,2776.16,84.7,1,D
2024Q1,Schweppes,Mixers,Mass Retail,Free State,22,57.35,31.32,1261.7,572.66,141.19,1120.51,84.7,0,A
2024Q3,Fanta,Carbonated Soft Drinks,Petrol & Travel,KwaZulu-Natal,38,43.9,23.03,1668.2,793.06,132.63,1535.57,74.5,1,B
2024Q4,Fanta,Carbonated Soft Drinks,Mass Retail,KwaZulu-Natal,61,46.04,27.08,2808.44,1156.56,240.28,2568.16,59.4,0,A
2024Q1,Fanta,Carbonated Soft Drinks,On-Trade,Western Cape,41,45.27,23.2,1856.07,904.87,212.99,1643.08,85.0,1,B
2024Q1,Coca-Cola,Carbonated Soft Drinks,Convenience,Gauteng,148,47.86,24.9,7083.28,3398.08,364.29,6718.99,80.8,0,B
2024Q3,Coca-Cola,Carbonated Soft Drinks,Mass Retail,Gauteng,21,50.41,28.29,1058.61,464.52,103.79,954.82,60.0,0,C
2024Q3,Fanta,Carbonated Soft Drinks,Convenience,Gauteng,21,45.88,26.81,963.48,400.47,89.42,874.06,59.3,1,B
2024Q1,Schweppes,Mixers,Mass Retail,Gauteng,25,50.24,29.67,1256.0,514.25,75.11,1180.89,73.8,1,D
2024Q1,Fanta,Carbonated Soft Drinks,Mass Retail,KwaZulu-Natal,11,49.47,25.21,544.17,266.86,37.74,506.43,85.4,0,C
2024Q2,Fanta,Carbonated Soft Drinks,E-Commerce,Gauteng,15,49.18,25.54,737.7,354.6,59.33,678.37,91.1,0,A
2024Q4,Coca-Cola,Carbonated Soft Drinks,Mass Retail,Gauteng,10,57.38,33.11,573.8,242.7,38.39,535.41,78.2,1,A
2024Q2,Cappy,Juices & Nectars,On-Trade,KwaZulu-Natal,25,65.95,35.54,1648.75,760.25,147.49,1501.26,86.8,0,A
2024Q4,Coca-Cola,Carbonated Soft Drinks,On-Trade,KwaZulu-Natal,484,47.54,28.17,23009.36,9375.08,1410.67,21598.69,48.7,0,B
2024Q4,Schweppes,Mixers,On-Trade,Gauteng,71,56.12,27.19,3984.52,2054.03,259.54,3724.98,83.5,1,C
2024Q2,Schweppes,Mixers,Wholesale,Western Cape,44,55.9,31.65,2459.6,1067.0,292.99,2166.61,52.1,0,C
2024Q4,Sprite,Carbonated Soft Drinks,On-Trade,Eastern Cape,59,53.77,27.73,3172.43,1536.36,216.6,2955.83,52.6,0,C
2024Q4,Coca-Cola,Carbonated Soft Drinks,E-Commerce,Western Cape,6,47.01,23.73,282.06,139.68,14.3,267.76,92.5,1,C
2024Q2,Schweppes,Mixers,E-Commerce,Gauteng,27,55.58,34.09,1500.66,580.23,70.28,1430.38,88.2,0,A
2024Q2,Coca-Cola,Carbonated Soft Drinks,Mass Retail,Western Cape,10,48.38,27.81,483.8,205.7,46.55,437.25,86.3,0,B
2024Q3,Coca-Cola,Carbonated Soft Drinks,E-Commerce,KwaZulu-Natal,68,47.36,23.63,3220.48,1613.64,260.4,2960.08,77.5,1,A
2024Q2,Powerplay,Energy Drinks,Mass Retail,Western Cape,70,106.79,59.21,7475.3,3330.6,746.63,6728.67,54.2,1,C
2024Q4,Cappy,Juices & Nectars,E-Commerce,Western Cape,17,61.05,33.99,1037.85,460.02,114.68,923.17,67.6,0,B
2024Q1,Coca-Cola,Carbonated Soft Drinks,On-Trade,Western Cape,40,49.89,27.34,1995.6,902.0,110.63,1884.97,76.4,0,C
2024Q4,Coca-Cola,Carbonated Soft Drinks,Convenience,Gauteng,40,49.07,28.82,1962.8,810.0,123.51,1839.29,81.4,1,B
2024Q4,Schweppes,Mixers,E-Commerce,Western Cape,41,58.18,31.53,2385.38,1092.65,142.1,2243.28,66.2,1,B
2024Q1,Coca-Cola,Carbonated Soft Drinks,Mass Retail,KwaZulu-Natal,68,57.15,28.02,3886.2,1980.84,360.66,3525.54,94.3,1,A
2024Q3,Cappy,Juices & Nectars,Mass Retail,Western Cape,117,63.74,36.55,7457.58,3181.23,433.44,7024.14,53.6,0,C
2024Q1,Schweppes,Mixers,Convenience,Gauteng,35,59.37,36.22,2077.95,810.25,197.89,1880.06,93.2,1,B
2024Q3,Fanta,Carbonated Soft Drinks,Convenience,Gauteng,22,52.15,25.23,1147.3,592.24,93.4,1053.9,61.9,1,C
2024Q1,Coca-Cola,Carbonated Soft Drinks,Petrol & Travel,Eastern Cape,10,49.37,24.97,493.7,244.0,40.1,453.6,77.1,0,A
2024Q3,Coca-Cola,Carbonated Soft Drinks,On-Trade,Gauteng,13,50.43,27.33,655.59,300.3,30.69,624.9,90.8,1,C
2024Q4,Monster,Energy Drinks,Petrol & Travel,Gauteng,17,108.97,64.13,1852.49,762.28,120.45,1732.04,51.0,0,C
2024Q2,Schweppes,Mixers,On-Trade,Eastern Cape,64,52.94,25.64,3388.16,1747.2,171.27,3216.89,71.5,1,C
2024Q1,Coca-Cola,Carbonated Soft Drinks,Convenience,KwaZulu-Natal,152,44.42,27.02,6751.84,2644.8,751.82,6000.02,78.8,1,B
2024Q2,Coca-Cola,Carbonated Soft Drinks,E-Commerce,Western Cape,19,54.57,33.57,1036.83,399.0,41.96,994.87,75.2,1,C
2024Q1,Stoney,Carbonated Soft Drinks,Wholesale,Gauteng,133,53.96,31.11,7176.68,3039.05,738.09,6438.59,76.4,1,C
2024Q3,Coca-Cola,Carbonated Soft Drinks,Wholesale,Gauteng,35,52.4,26.33,1834.0,912.45,194.63,1639.37,96.6,0,B
2024Q3,Bonaqua,Water,On-Trade,Gauteng,60,35.45,18.72,2127.0,1003.8,200.1,1926.9,73.9,0,C
2024Q4,Coca-Cola,Carbonated Soft Drinks,E-Commerce,Free State,11,54.22,31.53,596.42,249.59,38.21,558.21,59.4,0,D
2024Q1,Fanta,Carbonated Soft Drinks,Mass Retail,KwaZulu-Natal,112,50.77,26.2,5686.24,2751.84,567.09,5119.15,75.1,0,C
2024Q3,Cappy,Juices & Nectars,Convenience,KwaZulu-Natal,32,69.49,39.75,2223.68,951.68,91.68,2132.0,61.0,0,B
2024Q4,Sprite,Carbonated Soft Drinks,Mass Retail,KwaZulu-Natal,39,62.43,37.83,2434.77,959.4,192.1,2242.67,75.0,0,D
2024Q4,Sprite,Carbonated Soft Drinks,Convenience,Gauteng,9,59.84,31.95,538.56,251.01,63.18,475.38,50.9,1,D
2024Q4,Powerplay,Energy Drinks,Mass Retail,Western Cape,30,106.28,56.94,3188.4,1480.2,151.64,3036.76,74.1,0,A
2024Q2,Coca-Cola,Carbonated Soft Drinks,Mass Retail,Gauteng,16,53.14,26.17,850.24,431.52,86.9,763.34,79.5,1,B
2024Q4,Powerplay,Energy Drinks,Convenience,Limpopo,65,101.23,56.61,6579.95,2900.3,571.14,6008.81,56.1,0,B
2024Q4,Fanta,Carbonated Soft Drinks,On-Trade,Western Cape,45,51.17,29.84,2302.65,959.85,198.28,2104.37,80.7,0,D
2024Q4,Coca-Cola,Carbonated Soft Drinks,Mass Retail,Western Cape,45,50.81,28.18,2286.45,1018.35,200.17,2086.28,97.5,0,C
2024Q2,Bonaqua,Water,Mass Retail,Gauteng,23,40.66,21.77,935.18,434.47,107.53,827.65,60.3,0,C
2024Q1,Fanta,Carbonated Soft Drinks,On-Trade,Gauteng,36,46.77,25.82,1683.72,754.2,101.74,1581.98,95.3,0,C
2024Q3,Bonaqua,Water,Convenience,KwaZulu-Natal,20,36.06,20.95,721.2,302.2,46.02,675.18,91.6,1,C
2024Q4,Coca-Cola,Carbonated Soft Drinks,On-Trade,Gauteng,19,50.18,24.82,953.42,481.84,61.04,892.38,98.0,1,C
2024Q3,Fanta,Carbonated Soft Drinks,Mass Retail,Gauteng,19,46.56,26.38,884.64,383.42,88.13,796.51,84.9,1,C
2024Q2,Fanta,Carbonated Soft Drinks,E-Commerce,Western Cape,89,55.85,30.86,4970.65,2224.11,349.62,4621.03,87.3,0,B
2024Q1,Cappy,Juices & Nectars,Mass Retail,Gauteng,18,61.22,33.15,1101.96,505.26,62.95,1039.01,77.2,0,D
2024Q2,Sprite,Carbonated Soft Drinks,E-Commerce,Gauteng,12,64.91,38.4,778.92,318.12,77.77,701.15,64.5,0,C
2024Q4,Coca-Cola,Carbonated Soft Drinks,Wholesale,North West,15,55.45,29.46,831.75,389.85,40.31,791.44,97.3,1,A
2024Q3,Sprite,Carbonated Soft Drinks,On-Trade,Western Cape,31,49.71,29.88,1541.01,614.73,105.51,1435.5,85.7,0,D
2024Q4,Coca-Cola,Carbonated Soft Drinks,Mass Retail,KwaZulu-Natal,74,53.71,25.89,3974.54,2058.68,454.42,3520.12,88.9,0,B
2024Q4,Coca-Cola,Carbonated Soft Drinks,Mass Retail,Gauteng,43,53.08,26.99,2282.44,1121.87,149.59,2132.85,61.7,1,D
2024Q4,Coca-Cola,Carbonated Soft Drinks,Wholesale,KwaZulu-Natal,19,53.74,26.19,1021.06,523.45,104.18,916.88,92.9,0,A
2024Q4,Sprite,Carbonated Soft Drinks,On-Trade,Gauteng,43,60.67,36.66,2608.81,1032.43,208.02,2400.79,97.4,1,C
2024Q1,Sprite,Carbonated Soft Drinks,Mass Retail,Gauteng,50,60.37,33.89,3018.5,1324.0,296.01,2722.49,89.5,0,A
2024Q2,Coca-Cola,Carbonated Soft Drinks,Convenience,Gauteng,22,49.93,24.08,1098.46,568.7,55.52,1042.94,59.0,0,B
2024Q4,Sprite,Carbonated Soft Drinks,E-Commerce,Gauteng,120,54.7,29.98,6564.0,2966.4,554.32,6009.68,50.9,0,B
2024Q3,Coca-Cola,Carbonated Soft Drinks,Wholesale,Western Cape,17,56.45,29.69,959.65,454.92,55.25,904.4,88.1,0,B
2024Q3,Sprite,Carbonated Soft Drinks,Convenience,Western Cape,10,57.95,29.21,579.5,287.4,25.51,553.99,47.4,1,A
2024Q2,Bonaqua,Water,Mass Retail,Limpopo,36,37.42,19.84,1347.12,632.88,101.84,1245.28,76.5,0,B
2024Q4,Coca-Cola,Carbonated Soft Drinks,Mass Retail,KwaZulu-Natal,11,55.35,32.84,608.85,247.61,69.05,539.8,61.7,1,B
2024Q3,Coca-Cola,Carbonated Soft Drinks,Wholesale,Free State,20,55.83,33.95,1116.6,437.6,64.03,1052.57,90.6,1,B
2024Q2,Bonaqua,Water,On-Trade,Eastern Cape,22,39.22,23.53,862.84,345.18,42.65,820.19,50.2,0,B
2024Q3,Powerplay,Energy Drinks,Petrol & Travel,Free State,101,116.27,70.15,11743.27,4658.12,977.9,10765.37,65.9,0,B
2024Q2,Coca-Cola,Carbonated Soft Drinks,Mass Retail,Gauteng,48,55.08,33.42,2643.84,1039.68,309.65,2334.19,60.9,0,C
2024Q4,Coca-Cola,Carbonated Soft Drinks,On-Trade,KwaZulu-Natal,14,53.76,26.21,752.64,385.7,82.35,670.29,73.4,0,A
2024Q2,Cappy,Juices & Nectars,Wholesale,Gauteng,116,68.68,34.37,7966.88,3979.96,710.04,7256.84,69.9,0,D
2024Q4,Coca-Cola,Carbonated Soft Drinks,Convenience,Western Cape,57,52.15,27.61,2972.55,1398.78,348.83,2623.72,91.4,0,D
2024Q4,Coca-Cola,Carbonated Soft Drinks,Convenience,Limpopo,12,45.81,26.94,549.72,226.44,47.52,502.2,66.3,0,B
2024Q3,Coca-Cola,Carbonated Soft Drinks,Wholesale,KwaZulu-Natal,23,45.87,27.18,1055.01,429.87,71.83,983.18,45.9,0,A
2024Q1,Coca-Cola,Carbonated Soft Drinks,Convenience,Western Cape,51,48.71,26.8,2484.21,1117.41,251.43,2232.78,90.8,1,C
2024Q4,Coca-Cola,Carbonated Soft Drinks,Convenience,Mpumalanga,70,58.66,35.23,4106.2,1640.1,305.54,3800.66,47.7,0,B
2024Q1,Monster,Energy Drinks,Convenience,Gauteng,17,101.38,59.53,1723.46,711.45,113.51,1609.95,57.7,0,B
2024Q3,Schweppes,Mixers,Mass Retail,Gauteng,8,52.24,27.61,417.92,197.04,20.35,397.57,64.1,0,C
2024Q3,Cappy,Juices & Nectars,Petrol & Travel,KwaZulu-Natal,127,57.87,29.1,7349.49,3653.79,334.97,7014.52,91.6,0,B
2024Q2,Coca-Cola,Carbonated Soft Drinks,Convenience,Gauteng,65,50.63,29.32,3290.95,1385.15,330.74,2960.21,81.1,1,C
2024Q1,Monster,Energy Drinks,Convenience,KwaZulu-Natal,58,105.71,56.8,6131.18,2836.78,580.63,5550.55,53.8,0,A
2024Q4,Coca-Cola,Carbonated Soft Drinks,Mass Retail,Western Cape,35,47.58,24.46,1665.3,809.2,126.89,1538.41,80.4,0,A
2024Q2,Bonaqua,Water,E-Commerce,Gauteng,79,39.27,21.67,3102.33,1390.4,338.08,2764.25,80.1,0,A
2024Q1,Coca-Cola,Carbonated Soft Drinks,Wholesale,Western Cape,22,57.13,28.76,1256.86,624.14,128.66,1128.2,97.5,1,B
2024Q2,Coca-Cola,Carbonated Soft Drinks,Mass Retail,Eastern Cape,11,47.72,27.2,524.92,225.72,45.92,479.0,93.7,0,B
2024Q2,Coca-Cola,Carbonated Soft Drinks,Wholesale,Western Cape,61,52.33,29.46,3192.13,1395.07,344.67,2847.46,89.6,0,D
2024Q1,Cappy,Juices & Nectars,Wholesale,Northern Cape,36,63.12,34.44,2272.32,1032.48,180.07,2092.25,69.4,0,B
2024Q1,Coca-Cola,Carbonated Soft Drinks,Convenience,KwaZulu-Natal,24,43.9,22.31,1053.6,518.16,63.36,990.24,80.0,1,B
2024Q4,Fanta,Carbonated Soft Drinks,On-Trade,Limpopo,36,44.59,21.68,1605.24,824.76,80.51,1524.73,90.8,0,C
2024Q3,Sprite,Carbonated Soft Drinks,Convenience,Free State,11,49.61,30.32,545.71,212.19,22.96,522.75,75.8,0,B
2024Q3,Coca-Cola,Carbonated Soft Drinks,Petrol & Travel,Gauteng,16,43.8,25.14,700.8,298.56,82.26,618.54,92.2,0,C
2024Q2,Sprite,Carbonated Soft Drinks,E-Commerce,Gauteng,47,50.42,30.45,2369.74,938.59,214.75,2154.99,80.2,1,B
2024Q3,Coca-Cola,Carbonated Soft Drinks,On-Trade,Gauteng,21,60.33,34.46,1266.93,543.27,83.74,1183.19,75.8,0,B
2024Q4,Sprite,Carbonated Soft Drinks,On-Trade,Gauteng,13,56.21,30.1,730.73,339.43,51.11,679.62,84.0,0,C
2024Q3,Coca-Cola,Carbonated Soft Drinks,On-Trade,North West,40,55.11,28.88,2204.4,1049.2,226.3,1978.1,71.3,1,D
2024Q3,Sprite,Carbonated Soft Drinks,Mass Retail,Western Cape,20,57.09,28.83,1141.8,565.2,114.98,1026.82,85.8,0,A
2024Q2,Coca-Cola,Carbonated Soft Drinks,Wholesale,Gauteng,59,50.33,29.25,2969.47,1243.72,316.89,2652.58,82.6,0,B
2024Q4,Coca-Cola,Carbonated Soft Drinks,Mass Retail,Eastern Cape,43,49.5,28.54,2128.5,901.28,138.35,1990.15,84.0,0,A
2024Q3,Cappy,Juices & Nectars,Mass Retail,Gauteng,6,71.73,35.6,430.38,216.78,24.68,405.7,85.7,1,B
2024Q1,Schweppes,Mixers,Mass Retail,Limpopo,54,52.1,31.77,2813.4,1097.82,247.51,2565.89,87.3,0,A
2024Q2,Schweppes,Mixers,Wholesale,Western Cape,38,62.42,33.14,2371.96,1112.64,186.43,2185.53,89.6,0,A
2024Q4,Coca-Cola,Carbonated Soft Drinks,E-Commerce,Western Cape,42,56.63,30.96,2378.46,1078.14,154.38,2224.08,45.2,0,A
2024Q4,Schweppes,Mixers,Convenience,Gauteng,15,51.8,30.98,777.0,312.3,34.33,742.67,94.2,1,A
2024Q3,Coca-Cola,Carbonated Soft Drinks,Convenience,KwaZulu-Natal,31,54.94,27.16,1703.14,861.18,159.98,1543.16,92.5,0,B
2024Q4,Bonaqua,Water,On-Trade,Gauteng,57,38.6,20.12,2200.2,1053.36,163.05,2037.15,59.9,0,B
2024Q1,Coca-Cola,Carbonated Soft Drinks,On-Trade,Northern Cape,173,48.46,27.58,8383.58,3612.24,726.88,7656.7,60.5,0,C
2024Q4,Coca-Cola,Carbonated Soft Drinks,On-Trade,KwaZulu-Natal,11,49.92,27.84,549.12,242.88,54.86,494.26,45.6,1,A
2024Q3,Stoney,Carbonated Soft Drinks,Mass Retail,Gauteng,33,65.93,35.42,2175.69,1006.83,249.06,1926.63,49.7,0,C
2024Q2,Bonaqua,Water,Mass Retail,Gauteng,21,39.72,20.25,834.12,408.87,75.27,758.85,46.5,0,B
2024Q3,Bonaqua,Water,On-Trade,Gauteng,16,39.15,21.34,626.4,284.96,44.75,581.65,96.5,0,A
2024Q2,Bonaqua,Water,Wholesale,Mpumalanga,13,39.48,23.98,513.24,201.5,53.11,460.13,72.1,0,C
2024Q1,Coca-Cola,Carbonated Soft Drinks,On-Trade,Gauteng,68,51.53,26.07,3504.04,1731.28,366.32,3137.72,46.0,0,B
2024Q3,Stoney,Carbonated Soft Drinks,Mass Retail,Free State,9,59.67,28.67,537.03,279.0,45.52,491.51,58.0,0,B
2024Q2,Stoney,Carbonated Soft Drinks,Mass Retail,Gauteng,22,58.48,32.21,1286.56,577.94,109.56,1177.0,69.0,0,A
2024Q3,Cappy,Juices & Nectars,Mass Retail,KwaZulu-Natal,59,80.15,39.96,4728.85,2371.21,263.71,4465.14,52.5,0,B
2024Q3,Coca-Cola,Carbonated Soft Drinks,E-Commerce,KwaZulu-Natal,4,56.34,33.34,225.36,92.0,14.89,210.47,75.1,1,D
2024Q2,Coca-Cola,Carbonated Soft Drinks,On-Trade,KwaZulu-Natal,65,56.48,33.45,3671.2,1496.95,406.62,3264.58,85.2,0,A
2024Q3,Bonaqua,Water,E-Commerce,Eastern Cape,11,36.28,22.21,399.08,154.77,45.16,353.92,74.1,0,C
2024Q2,Coca-Cola,Carbonated Soft Drinks,E-Commerce,Gauteng,24,55.44,27.8,1330.56,663.36,121.29,1209.27,47.3,0,D
2024Q1,Sprite,Carbonated Soft Drinks,Mass Retail,Free State,20,59.42,36.27,1188.4,463.0,138.41,1049.99,88.2,0,B
2024Q1,Coca-Cola,Carbonated Soft Drinks,E-Commerce,Gauteng,246,56.67,33.84,13940.82,5616.18,1107.24,12833.58,66.6,0,B
2024Q3,Monster,Energy Drinks,Mass Retail,Western Cape,88,117.98,67.67,10382.24,4427.28,1034.67,9347.57,80.8,0,B
2024Q4,Coca-Cola,Carbonated Soft Drinks,Mass Retail,Mpumalanga,43,50.22,24.32,2159.46,1113.7,257.84,1901.62,88.9,0,B
2024Q2,Coca-Cola,Carbonated Soft Drinks,Mass Retail,Mpumalanga,35,53.66,26.18,1878.1,961.8,159.17,1718.93,59.7,0,D
2024Q1,Coca-Cola,Carbonated Soft Drinks,Convenience,Gauteng,111,51.09,28.12,5670.99,2549.67,442.19,5228.8,61.0,0,D
2024Q2,Cappy,Juices & Nectars,Mass Retail,Gauteng,17,62.17,36.43,1056.89,437.58,71.24,985.65,47.7,0,B
2024Q2,Fanta,Carbonated Soft Drinks,Convenience,Gauteng,81,52.03,31.98,4214.43,1624.05,420.17,3794.26,67.7,0,B
2024Q4,Stoney,Carbonated Soft Drinks,Convenience,Gauteng,42,55.21,30.44,2318.82,1040.34,218.47,2100.35,57.6,0,B
2024Q2,Sprite,Carbonated Soft Drinks,Mass Retail,Gauteng,69,52.5,26.46,3622.5,1796.76,321.24,3301.26,47.7,0,A
2024Q1,Coca-Cola,Carbonated Soft Drinks,Mass Retail,Gauteng,25,48.71,25.72,1217.75,574.75,129.22,1088.53,57.0,1,C
2024Q1,Stoney,Carbonated Soft Drinks,Convenience,Northern Cape,120,63.91,33.31,7669.2,3672.0,676.62,6992.58,86.1,0,A
2024Q1,Fanta,Carbonated Soft Drinks,Mass Retail,Gauteng,12,50.38,24.35,604.56,312.36,71.65,532.91,60.9,1,B
2024Q4,Schweppes,Mixers,On-Trade,KwaZulu-Natal,127,60.64,35.13,7701.28,3239.77,778.34,6922.94,48.6,0,B
2024Q1,Sprite,Carbonated Soft Drinks,Mass Retail,Free State,24,54.52,29.32,1308.48,604.8,116.84,1191.64,54.5,0,C
2024Q2,Monster,Energy Drinks,Mass Retail,Gauteng,77,127.62,76.78,9826.74,3914.68,1015.09,8811.65,96.2,0,A
2024Q2,Sprite,Carbonated Soft Drinks,On-Trade,Free State,61,57.26,34.22,3492.86,1405.44,340.55,3152.31,71.5,1,A
2024Q4,Bonaqua,Water,Mass Retail,Western Cape,42,41.73,24.93,1752.66,705.6,89.85,1662.81,61.7,0,B
2024Q1,Powerade,Sports Drinks,Petrol & Travel,KwaZulu-Natal,72,61.31,30.1,4414.32,2247.12,321.21,4093.11,70.8,0,D
2024Q1,Coca-Cola,Carbonated Soft Drinks,Wholesale,Gauteng,25,55.14,30.54,1378.5,615.0,126.54,1251.96,62.4,0,B
2024Q1,Powerplay,Energy Drinks,E-Commerce,Western Cape,24,114.51,63.11,2748.24,1233.6,160.68,2587.56,72.3,0,B
2024Q2,Monster,Energy Drinks,Mass Retail,Eastern Cape,36,111.32,53.83,4007.52,2069.64,426.88,3580.64,87.0,1,A
2024Q3,Powerplay,Energy Drinks,Mass Retail,North West,61,105.59,58.35,6440.99,2881.64,464.41,5976.58,93.0,1,B
2024Q4,Sprite,Carbonated Soft Drinks,Petrol & Travel,Gauteng,182,53.7,30.35,9773.4,4249.7,597.57,9175.83,74.9,0,C
2024Q3,Coca-Cola,Carbonated Soft Drinks,E-Commerce,Western Cape,131,55.33,28.54,7248.23,3509.49,772.86,6475.37,68.8,0,C
2024Q2,Coca-Cola,Carbonated Soft Drinks,On-Trade,KwaZulu-Natal,31,50.97,25.75,1580.07,781.82,133.43,1446.64,57.9,0,A
2024Q4,Cappy,Juices & Nectars,E-Commerce,Gauteng,27,68.63,34.49,1853.01,921.78,203.88,1649.13,64.1,0,A
2024Q1,Coca-Cola,Carbonated Soft Drinks,Convenience,KwaZulu-Natal,24,46.07,23.61,1105.68,539.04,103.13,1002.55,71.4,0,A
2024Q1,Powerade,Sports Drinks,On-Trade,Northern Cape,34,56.74,29.3,1929.16,932.96,221.39,1707.77,72.7,1,B
2024Q1,Powerplay,Energy Drinks,E-Commerce,Northern Cape,24,106.59,51.58,2558.16,1320.24,209.96,2348.2,62.9,0,D
2024Q2,Cappy,Juices & Nectars,On-Trade,Western Cape,48,64.03,33.57,3073.44,1462.08,177.9,2895.54,96.4,0,A
2024Q3,Sprite,Carbonated Soft Drinks,Convenience,Gauteng,105,59.6,36.88,6258.0,2385.6,547.3,5710.7,50.4,1,B
2024Q2,Fanta,Carbonated Soft Drinks,E-Commerce,Western Cape,87,55.18,32.27,4800.66,1993.17,233.8,4566.86,95.1,0,C
2024Q4,Coca-Cola,Carbonated Soft Drinks,E-Commerce,Gauteng,26,52.41,32.21,1362.66,525.2,115.84,1246.82,74.9,0,A
2024Q1,Sprite,Carbonated Soft Drinks,E-Commerce,Gauteng,36,56.37,27.21,2029.32,1049.76,120.11,1909.21,66.9,0,C
2024Q1,Fanta,Carbonated Soft Drinks,Wholesale,Gauteng,15,52.74,31.49,791.1,318.75,85.17,705.93,78.7,0,B
2024Q1,Coca-Cola,Carbonated Soft Drinks,Mass Retail,Gauteng,21,54.64,32.34,1147.44,468.3,133.4,1014.04,52.3,0,C
2024Q3,Sprite,Carbonated Soft Drinks,Wholesale,Eastern Cape,33,53.39,31.41,1761.87,725.34,181.89,1579.98,83.9,0,B
2024Q2,Stoney,Carbonated Soft Drinks,On-Trade,KwaZulu-Natal,95,64.44,35.39,6121.8,2759.75,536.61,5585.19,89.9,0,A
2024Q4,Coca-Cola,Carbonated Soft Drinks,E-Commerce,Free State,27,52.07,30.0,1405.89,595.89,78.21,1327.68,70.5,1,A
2024Q2,Fanta,Carbonated Soft Drinks,Wholesale,Mpumalanga,32,48.3,26.06,1545.6,711.68,114.39,1431.21,56.1,0,C
2024Q3,Fanta,Carbonated Soft Drinks,Mass Retail,Gauteng,18,52.2,28.51,939.6,426.42,111.91,827.69,79.1,1,D
2024Q4,Coca-Cola,Carbonated Soft Drinks,On-Trade,Gauteng,7,42.05,24.91,294.35,119.98,33.35,261.0,49.4,0,C
2024Q2,Bonaqua,Water,Wholesale,Western Cape,74,40.9,22.07,3026.6,1393.42,296.06,2730.54,60.2,0,C
2024Q2,Coca-Cola,Carbonated Soft Drinks,Convenience,KwaZulu-Natal,100,51.17,26.39,5117.0,2478.0,488.61,4628.39,66.5,1,B
2024Q2,Sprite,Carbonated Soft Drinks,Convenience,KwaZulu-Natal,90,45.64,22.88,4107.6,2048.4,224.74,3882.86,69.6,0,A
2024Q2,Coca-Cola,Carbonated Soft Drinks,Mass Retail,Gauteng,9,42.32,21.14,380.88,190.62,20.76,360.12,90.0,1,B
2024Q3,Sprite,Carbonated Soft Drinks,Convenience,Western Cape,16,63.3,38.96,1012.8,389.44,45.87,966.93,89.0,0,B
2024Q4,Cappy,Juices & Nectars,Wholesale,Gauteng,8,62.4,33.12,499.2,234.24,56.58,442.62,64.1,0,A
2024Q1,Cappy,Juices & Nectars,Mass Retail,Western Cape,59,70.34,34.59,4150.06,2109.25,399.76,3750.3,70.6,1,B
2024Q4,Coca-Cola,Carbonated Soft Drinks,Mass Retail,Western Cape,11,48.89,26.08,537.79,250.91,46.48,491.31,83.8,0,A
2024Q1,Coca-Cola,Carbonated Soft Drinks,Convenience,Gauteng,63,53.68,32.33,3381.84,1345.05,368.14,3013.7,53.1,1,A
2024Q4,Cappy,Juices & Nectars,Mass Retail,Gauteng,5,67.06,33.42,335.3,168.2,21.13,314.17,96.7,0,A
2024Q4,Coca-Cola,Carbonated Soft Drinks,Mass Retail,Gauteng,19,58.74,29.04,1116.06,564.3,131.12,984.94,86.2,0,C
2024Q3,Coca-Cola,Carbonated Soft Drinks,Convenience,Gauteng,30,54.15,31.44,1624.5,681.3,91.78,1532.72,81.9,1,B
2024Q1,Coca-Cola,Carbonated Soft Drinks,Mass Retail,Western Cape,28,47.77,23.01,1337.56,693.28,102.93,1234.63,72.7,0,B
2024Q3,Coca-Cola,Carbonated Soft Drinks,E-Commerce,Gauteng,117,56.73,27.44,6637.41,3426.93,552.43,6084.98,86.6,1,B
2024Q3,Stoney,Carbonated Soft Drinks,Mass Retail,Northern Cape,8,55.51,33.75,444.08,174.08,24.36,419.72,61.9,0,A
2024Q3,Sprite,Carbonated Soft Drinks,Petrol & Travel,Western Cape,44,46.38,22.48,2040.72,1051.6,242.42,1798.3,88.7,0,D
2024Q4,Bonaqua,Water,Petrol & Travel,Northern Cape,7,41.59,23.59,291.13,126.0,25.58,265.55,89.4,0,B
2024Q3,Powerade,Sports Drinks,E-Commerce,Gauteng,103,69.59,38.18,7167.77,3235.23,763.02,6404.75,52.0,0,B
2024Q3,Coca-Cola,Carbonated Soft Drinks,Petrol & Travel,Free State,29,53.83,28.6,1561.07,731.67,72.88,1488.19,79.0,0,C
2024Q1,Cappy,Juices & Nectars,Mass Retail,Gauteng,6,77.43,46.66,464.58,184.62,33.4,431.18,79.7,0,C
2024Q2,Coca-Cola,Carbonated Soft Drinks,Petrol & Travel,KwaZulu-Natal,18,51.09,24.68,919.62,475.38,68.29,851.33,70.5,0,A
2024Q4,Cappy,Juices & Nectars,Petrol & Travel,North West,9,63.47,34.57,571.23,260.1,33.72,537.51,49.8,1,C
2024Q1,Sprite,Carbonated Soft Drinks,Mass Retail,Gauteng,56,52.47,26.91,2938.32,1431.36,143.56,2794.76,95.3,0,C
2024Q2,Stoney,Carbonated Soft Drinks,E-Commerce,Eastern Cape,63,70.43,34.48,4437.09,2264.85,257.11,4179.98,94.2,0,B
2024Q1,Fanta,Carbonated Soft Drinks,Convenience,KwaZulu-Natal,9,48.53,24.2,436.77,218.97,31.54,405.23,93.9,1,D
2024Q2,Coca-Cola,Carbonated Soft Drinks,On-Trade,Western Cape,21,51.58,28.98,1083.18,474.6,85.23,997.95,80.3,0,B
2024Q3,Cappy,Juices & Nectars,On-Trade,Gauteng,109,63.44,30.67,6914.96,3571.93,575.89,6339.07,51.0,0,A
2024Q3,Coca-Cola,Carbonated Soft Drinks,Mass Retail,Free State,23,53.52,32.7,1230.96,478.86,136.74,1094.22,67.0,1,C
2024Q3,Cappy,Juices & Nectars,Wholesale,Gauteng,43,68.21,34.41,2933.03,1453.4,332.3,2600.73,93.4,0,B
2024Q4,Coca-Cola,Carbonated Soft Drinks,E-Commerce,Western Cape,26,57.81,32.31,1503.06,663.0,98.58,1404.48,53.5,0,A
2024Q3,Stoney,Carbonated Soft Drinks,Mass Retail,Western Cape,24,61.88,32.59,1485.12,702.96,129.2,1355.92,58.1,0,C
2024Q2,Fanta,Carbonated Soft Drinks,Wholesale,Gauteng,81,42.68,21.84,3457.08,1688.04,149.73,3307.35,54.2,1,B
2024Q4,Sprite,Carbonated Soft Drinks,Mass Retail,Eastern Cape,234,51.44,25.01,12036.96,6184.62,568.61,11468.35,70.7,0,B
2024Q4,Coca-Cola,Carbonated Soft Drinks,E-Commerce,Northern Cape,17,53.13,32.1,903.21,357.51,102.42,800.79,62.2,0,C
2024Q4,Stoney,Carbonated Soft Drinks,Convenience,Western Cape,58,59.6,32.85,3456.8,1551.5,403.74,3053.06,55.6,0,B
2024Q1,Fanta,Carbonated Soft Drinks,Petrol & Travel,Gauteng,56,52.72,30.71,2952.32,1232.56,321.12,2631.2,82.2,0,B
2024Q3,Sprite,Carbonated Soft Drinks,Mass Retail,Western Cape,7,45.0,24.16,315.0,145.88,28.23,286.77,66.6,1,C
2024Q1,Coca-Cola,Carbonated Soft Drinks,Mass Retail,Gauteng,8,50.43,27.07,403.44,186.88,19.93,383.51,51.9,0,C
2024Q4,Stoney,Carbonated Soft Drinks,On-Trade,Free State,24,60.89,34.92,1461.36,623.28,129.69,1331.67,82.8,0,B
2024Q1,Cappy,Juices & Nectars,On-Trade,KwaZulu-Natal,66,60.27,32.06,3977.82,1861.86,228.79,3749.03,66.7,0,A
2024Q1,Sprite,Carbonated Soft Drinks,Convenience,North West,7,54.36,32.42,380.52,153.58,42.06,338.46,68.0,0,A
2024Q4,Stoney,Carbonated Soft Drinks,Mass Retail,KwaZulu-Natal,20,60.38,34.83,1207.6,511.0,123.88,1083.72,66.1,1,B
2024Q3,Coca-Cola,Carbonated Soft Drinks,E-Commerce,Gauteng,35,50.93,26.36,1782.55,859.95,137.45,1645.1,65.5,1,C
2024Q3,Cappy,Juices & Nectars,Wholesale,Gauteng,2,70.29,39.88,140.58,60.82,8.46,132.12,56.4,0,A
2024Q2,Bonaqua,Water,Mass Retail,KwaZulu-Natal,73,42.79,21.28,3123.67,1570.23,180.93,2942.74,75.5,0,B
2024Q2,Sprite,Carbonated Soft Drinks,Mass Retail,Northern Cape,76,44.79,22.96,3404.04,1659.08,276.87,3127.17,92.0,0,B
2024Q3,Sprite,Carbonated Soft Drinks,On-Trade,Free State,32,58.53,31.46,1872.96,866.24,174.68,1698.28,67.1,1,C
2024Q2,Schweppes,Mixers,On-Trade,KwaZulu-Natal,15,61.83,30.1,927.45,475.95,38.63,888.82,94.4,1,A
2024Q4,Coca-Cola,Carbonated Soft Drinks,Wholesale,Western Cape,54,51.72,28.21,2792.88,1269.54,129.28,2663.6,74.3,1,D
2024Q2,Sprite,Carbonated Soft Drinks,E-Commerce,Western Cape,73,50.17,27.66,3662.41,1643.23,211.64,3450.77,72.4,1,C
2024Q4,Stoney,Carbonated Soft Drinks,Mass Retail,Western Cape,42,49.43,25.31,2076.06,1013.04,192.69,1883.37,47.7,0,D
2024Q1,Schweppes,Mixers,Convenience,KwaZulu-Natal,21,65.11,39.23,1367.31,543.48,123.84,1243.47,95.8,0,D
2024Q1,Bonaqua,Water,Convenience,KwaZulu-Natal,37,42.39,24.77,1568.43,651.94,175.94,1392.49,74.2,0,D
2024Q3,Coca-Cola,Carbonated Soft Drinks,Mass Retail,Western Cape,206,56.02,30.38,11540.12,5281.84,596.06,10944.06,74.3,0,B
2024Q2,Schweppes,Mixers,Petrol & Travel,Northern Cape,57,60.99,34.77,3476.43,1494.54,235.82,3240.61,54.0,1,A
2024Q3,Fanta,Carbonated Soft Drinks,Convenience,Gauteng,20,53.28,26.26,1065.6,540.4,71.24,994.36,60.5,0,C
2024Q3,Sprite,Carbonated Soft Drinks,Petrol & Travel,Free State,16,49.88,30.28,798.08,313.6,53.3,744.78,86.6,0,D
2024Q4,Coca-Cola,Carbonated Soft Drinks,Convenience,Eastern Cape,75,49.82,28.06,3736.5,1632.0,152.04,3584.46,48.6,0,D
2024Q4,Fanta,Carbonated Soft Drinks,E-Commerce,Eastern Cape,5,45.17,22.6,225.85,112.85,11.88,213.97,87.3,0,A
2024Q2,Sprite,Carbonated Soft Drinks,On-Trade,Gauteng,8,57.67,35.21,461.36,179.68,41.48,419.88,87.2,1,B
2024Q1,Coca-Cola,Carbonated Soft Drinks,Wholesale,Gauteng,77,51.43,27.12,3960.11,1871.87,388.58,3571.53,79.9,1,B
2024Q1,Coca-Cola,Carbonated Soft Drinks,Mass Retail,Western Cape,24,53.11,30.91,1274.64,532.8,152.04,1122.6,95.8,0,B
2024Q4,Schweppes,Mixers,Convenience,Gauteng,163,59.14,34.42,9639.82,4029.36,392.07,9247.75,50.4,0,B
2024Q3,Stoney,Carbonated Soft Drinks,Mass Retail,Northern Cape,8,59.32,31.74,474.56,220.64,51.28,423.28,94.1,1,B
2024Q2,Sprite,Carbonated Soft Drinks,Convenience,Free State,45,61.69,34.67,2776.05,1215.9,284.15,2491.9,56.8,0,D
2024Q4,Cappy,Juices & Nectars,Mass Retail,Gauteng,20,65.36,32.33,1307.2,660.6,66.56,1240.64,77.6,1,A
2024Q4,Cappy,Juices & Nectars,On-Trade,Northern Cape,152,74.98,45.48,11396.96,4484.0,1026.98,10369.98,97.2,1,A
2024Q4,Coca-Cola,Carbonated Soft Drinks,Convenience,Gauteng,18,58.12,32.87,1046.16,454.5,67.75,978.41,53.4,0,D
2024Q2,Stoney,Carbonated Soft Drinks,Convenience,Free State,28,54.25,28.6,1519.0,718.2,107.97,1411.03,84.9,0,A
2024Q1,Fanta,Carbonated Soft Drinks,E-Commerce,Eastern Cape,5,57.4,34.94,287.0,112.3,11.72,275.28,97.4,0,B
2024Q3,Powerplay,Energy Drinks,Convenience,Gauteng,10,119.93,71.88,1199.3,480.5,101.89,1097.41,80.1,0,B
2024Q3,Schweppes,Mixers,On-Trade,Western Cape,19,56.38,33.44,1071.22,435.86,67.68,1003.54,90.0,0,B
2024Q4,Monster,Energy Drinks,Wholesale,Gauteng,80,95.78,54.63,7662.4,3292.0,739.69,6922.71,88.6,1,B
2024Q3,Monster,Energy Drinks,E-Commerce,KwaZulu-Natal,29,116.61,70.02,3381.69,1351.11,194.92,3186.77,46.5,0,C
2024Q4,Sprite,Carbonated Soft Drinks,Convenience,Western Cape,38,67.36,35.63,2559.68,1205.74,120.57,2439.11,57.4,1,B
2024Q1,Coca-Cola,Carbonated Soft Drinks,E-Commerce,Western Cape,63,55.0,32.38,3465.0,1425.06,407.22,3057.78,91.9,0,B
2024Q1,Fanta,Carbonated Soft Drinks,Convenience,KwaZulu-Natal,62,49.39,27.93,3062.18,1330.52,194.61,2867.57,74.9,0,C
2024Q2,Cappy,Juices & Nectars,Mass Retail,Western Cape,22,70.84,43.45,1558.48,602.58,184.71,1373.77,57.3,0,C
2024Q2,Coca-Cola,Carbonated Soft Drinks,Convenience,Gauteng,12,56.47,32.44,677.64,288.36,76.63,601.01,71.4,0,A
2024Q3,Coca-Cola,Carbonated Soft Drinks,E-Commerce,KwaZulu-Natal,27,49.45,29.02,1335.15,551.61,136.4,1198.75,83.5,1,B
2024Q2,Bonaqua,Water,Convenience,Western Cape,46,43.74,23.15,2012.04,947.14,107.15,1904.89,91.9,0,A
2024Q4,Bonaqua,Water,E-Commerce,Northern Cape,35,38.38,19.83,1343.3,649.25,143.18,1200.12,63.3,0,C
2024Q4,Cappy,Juices & Nectars,E-Commerce,Gauteng,182,77.71,46.64,14143.22,5654.74,1097.97,13045.25,89.8,0,A
2024Q2,Coca-Cola,Carbonated Soft Drinks,Convenience,Gauteng,28,46.67,25.66,1306.76,588.28,102.28,1204.48,87.8,0,B
2024Q3,Sprite,Carbonated Soft Drinks,Convenience,Gauteng,34,59.81,30.59,2033.54,993.48,102.41,1931.13,91.0,1,C
2024Q1,Coca-Cola,Carbonated Soft Drinks,E-Commerce,KwaZulu-Natal,76,41.77,20.17,3174.52,1641.6,257.92,2916.6,65.9,0,A
2024Q4,Cappy,Juices & Nectars,E-Commerce,Limpopo,50,71.79,39.22,3589.5,1628.5,205.65,3383.85,89.9,0,C
2024Q2,Cappy,Juices & Nectars,On-Trade,Gauteng,56,65.61,40.45,3674.16,1408.96,410.96,3263.2,97.9,0,B
2024Q3,Coca-Cola,Carbonated Soft Drinks,Petrol & Travel,Gauteng,14,56.34,34.56,788.76,304.92,86.87,701.89,57.8,0,C
2024Q4,Coca-Cola,Carbonated Soft Drinks,Wholesale,Western Cape,9,53.84,28.05,484.56,232.11,57.4,427.16,77.6,0,A
2024Q2,Cappy,Juices & Nectars,Wholesale,Gauteng,15,66.86,32.8,1002.9,510.9,87.67,915.23,72.1,0,A
2024Q2,Cappy,Juices & Nectars,Mass Retail,Gauteng,18,67.48,41.31,1214.64,471.06,77.13,1137.51,48.8,1,C
2024Q1,Cappy,Juices & Nectars,E-Commerce,KwaZulu-Natal,115,63.94,33.13,7353.1,3543.15,550.56,6802.54,94.2,0,A
2024Q3,Stoney,Carbonated Soft Drinks,Mass Retail,KwaZulu-Natal,22,61.65,31.13,1356.3,671.44,103.75,1252.55,57.4,0,D
2024Q2,Coca-Cola,Carbonated Soft Drinks,E-Commerce,Gauteng,36,49.66,28.04,1787.76,778.32,80.95,1706.81,83.8,0,A
2024Q2,Powerplay,Energy Drinks,Mass Retail,Gauteng,62,113.2,59.45,7018.4,3332.5,552.76,6465.64,58.8,1,B
2024Q2,Sprite,Carbonated Soft Drinks,On-Trade,North West,26,55.22,26.57,1435.72,744.9,90.55,1345.17,45.7,0,B
2024Q3,Sprite,Carbonated Soft Drinks,Convenience,Mpumalanga,55,56.58,30.4,3111.9,1439.9,332.79,2779.11,46.6,0,B
2024Q3,Sprite,Carbonated Soft Drinks,On-Trade,Free State,40,56.89,33.84,2275.6,922.0,193.24,2082.36,59.0,0,C
2024Q4,Stoney,Carbonated Soft Drinks,Mass Retail,North West,30,59.6,32.59,1788.0,810.3,164.67,1623.33,45.7,0,B
2024Q3,Powerplay,Energy Drinks,On-Trade,Western Cape,15,112.27,60.67,1684.05,774.0,197.28,1486.77,91.9,0,C
2024Q2,Sprite,Carbonated Soft Drinks,Mass Retail,Free State,16,53.86,26.12,861.76,443.84,54.98,806.78,94.8,0,A
2024Q4,Sprite,Carbonated Soft Drinks,On-Trade,Eastern Cape,21,60.22,30.12,1264.62,632.1,110.83,1153.79,79.3,0,B
2024Q2,Coca-Cola,Carbonated Soft Drinks,Mass Retail,Western Cape,78,55.53,32.74,4331.34,1777.62,347.3,3984.04,87.0,1,B
2024Q4,Sprite,Carbonated Soft Drinks,On-Trade,Northern Cape,13,58.71,30.4,763.23,368.03,36.1,727.13,55.2,0,B
2024Q2,Sprite,Carbonated Soft Drinks,Mass Retail,Eastern Cape,59,54.73,27.52,3229.07,1605.39,181.88,3047.19,74.6,0,B
2024Q2,Fanta,Carbonated Soft Drinks,On-Trade,KwaZulu-Natal,14,57.48,34.12,804.72,327.04,59.97,744.75,75.3,0,B
2024Q2,Schweppes,Mixers,On-Trade,Mpumalanga,73,63.32,33.91,4622.36,2146.93,286.97,4335.39,77.5,0,C
2024Q1,Coca-Cola,Carbonated Soft Drinks,Convenience,Gauteng,41,50.52,28.09,2071.32,919.63,169.94,1901.38,96.0,0,B
2024Q3,Sprite,Carbonated Soft Drinks,On-Trade,KwaZulu-Natal,34,61.06,31.44,2076.04,1007.08,198.38,1877.66,93.9,0,C
2024Q2,Cappy,Juices & Nectars,On-Trade,Eastern Cape,20,61.46,33.95,1229.2,550.2,105.38,1123.82,55.3,1,B
2024Q4,Sprite,Carbonated Soft Drinks,Convenience,Mpumalanga,63,59.38,35.48,3740.94,1505.7,428.84,3312.1,61.3,0,B
2024Q3,Cappy,Juices & Nectars,Convenience,Western Cape,42,67.45,34.95,2832.9,1365.0,174.43,2658.47,82.3,0,B
2024Q4,Sprite,Carbonated Soft Drinks,Wholesale,Free State,51,58.87,31.45,3002.37,1398.42,292.5,2709.87,87.5,0,A
2024Q1,Fanta,Carbonated Soft Drinks,Convenience,KwaZulu-Natal,25,50.53,28.92,1263.25,540.25,98.87,1164.38,96.0,0,A
2024Q4,Coca-Cola,Carbonated Soft Drinks,Mass Retail,Limpopo,26,50.03,28.61,1300.78,556.92,84.84,1215.94,63.3,0,A
2024Q2,Coca-Cola,Carbonated Soft Drinks,Convenience,Eastern Cape,16,52.77,27.63,844.32,402.24,38.91,805.41,74.5,1,D
2024Q4,Sprite,Carbonated Soft Drinks,Mass Retail,KwaZulu-Natal,40,60.22,29.41,2408.8,1232.4,154.33,2254.47,77.7,0,A
2024Q3,Fanta,Carbonated Soft Drinks,On-Trade,Mpumalanga,67,50.16,26.53,3360.72,1583.21,224.73,3135.99,88.4,0,A
2024Q3,Fanta,Carbonated Soft Drinks,Mass Retail,Eastern Cape,41,44.07,22.0,1806.87,904.87,169.8,1637.07,54.8,1,B
2024Q1,Sprite,Carbonated Soft Drinks,On-Trade,Western Cape,21,59.67,29.55,1253.07,632.52,133.72,1119.35,85.4,0,B
2024Q1,Fanta,Carbonated Soft Drinks,Mass Retail,Gauteng,32,53.58,26.68,1714.56,860.8,77.0,1637.56,61.9,1,A
2024Q2,Coca-Cola,Carbonated Soft Drinks,E-Commerce,Western Cape,25,52.12,28.26,1303.0,596.5,70.72,1232.28,64.5,0,B
2024Q3,Sprite,Carbonated Soft Drinks,On-Trade,Northern Cape,11,49.84,30.84,548.24,209.0,53.46,494.78,72.2,0,C
2024Q2,Schweppes,Mixers,Convenience,KwaZulu-Natal,26,57.65,28.32,1498.9,762.58,137.8,1361.1,64.3,1,A
2024Q3,Stoney,Carbonated Soft Drinks,Mass Retail,Western Cape,18,57.77,35.14,1039.86,407.34,58.48,981.38,52.6,0,B
2024Q1,Fanta,Carbonated Soft Drinks,Mass Retail,KwaZulu-Natal,267,53.06,28.71,14167.02,6501.45,1096.15,13070.87,86.3,1,C
2024Q4,Fanta,Carbonated Soft Drinks,Mass Retail,Gauteng,49,49.6,25.13,2430.4,1199.03,154.33,2276.07,55.2,1,B
2024Q2,Powerade,Sports Drinks,Mass Retail,Western Cape,23,61.97,29.93,1425.31,736.92,142.87,1282.44,87.2,0,B
2024Q2,Coca-Cola,Carbonated Soft Drinks,E-Commerce,Eastern Cape,17,54.57,32.59,927.69,373.66,107.24,820.45,57.5,0,C
2024Q3,Fanta,Carbonated Soft Drinks,On-Trade,KwaZulu-Natal,16,54.32,29.69,869.12,394.08,41.55,827.57,54.2,1,A
2024Q1,Powerade,Sports Drinks,E-Commerce,Eastern Cape,169,72.71,44.23,12287.99,4813.12,1024.51,11263.48,58.8,1,B
2024Q3,Fanta,Carbonated Soft Drinks,Wholesale,Gauteng,31,54.12,31.56,1677.72,699.36,69.08,1608.64,70.9,0,B
2024Q4,Fanta,Carbonated Soft Drinks,Mass Retail,Western Cape,6,50.69,30.05,304.14,123.84,23.04,281.1,45.2,0,C
2024Q3,Stoney,Carbonated Soft Drinks,Convenience,North West,58,57.15,33.96,3314.7,1345.02,175.65,3139.05,70.1,1,B
2024Q2,Sprite,Carbonated Soft Drinks,Mass Retail,North West,94,51.7,26.53,4859.8,2365.98,239.93,4619.87,71.9,0,B
2024Q3,Cappy,Juices & Nectars,Wholesale,Eastern Cape,81,70.97,40.98,5748.57,2429.19,618.74,5129.83,56.8,0,A
2024Q4,Bonaqua,Water,Mass Retail,Western Cape,44,40.04,21.69,1761.76,807.4,205.73,1556.03,85.8,0,B
2024Q3,Powerade,Sports Drinks,On-Trade,Western Cape,3,65.09,36.04,195.27,87.15,12.4,182.87,92.9,0,C
2024Q2,Sprite,Carbonated Soft Drinks,On-Trade,Mpumalanga,26,61.38,30.07,1595.88,814.06,151.04,1444.84,64.8,0,D
2024Q4,Coca-Cola,Carbonated Soft Drinks,E-Commerce,Western Cape,22,53.66,30.28,1180.52,514.36,112.59,1067.93,75.1,0,B
2024Q3,Schweppes,Mixers,Convenience,Western Cape,18,53.88,31.66,969.84,399.96,40.24,929.6,86.3,0,A
2024Q4,Coca-Cola,Carbonated Soft Drinks,Convenience,KwaZulu-Natal,15,59.32,32.42,889.8,403.5,50.13,839.67,50.3,0,B
2024Q2,Cappy,Juices & Nectars,Petrol & Travel,Gauteng,20,71.12,38.32,1422.4,656.0,120.02,1302.38,93.1,1,B
2024Q3,Powerplay,Energy Drinks,Convenience,Western Cape,38,107.49,52.19,4084.62,2101.4,377.78,3706.84,78.9,0,A
2024Q4,Coca-Cola,Carbonated Soft Drinks,E-Commerce,KwaZulu-Natal,83,51.59,25.95,4281.97,2128.12,250.6,4031.37,72.2,0,A
2024Q1,Coca-Cola,Carbonated Soft Drinks,Convenience,Gauteng,61,52.6,32.0,3208.6,1256.6,187.39,3021.21,61.0,1,A
2024Q4,Monster,Energy Drinks,Convenience,Gauteng,28,117.33,63.71,3285.24,1501.36,342.36,2942.88,72.2,1,A
2024Q4,Coca-Cola,Carbonated Soft Drinks,E-Commerce,Gauteng,165,48.04,27.9,7926.6,3323.1,726.3,7200.3,51.3,0,B
2024Q1,Coca-Cola,Carbonated Soft Drinks,Convenience,Mpumalanga,52,53.49,26.03,2781.48,1427.92,120.66,2660.82,79.1,0,C
2024Q1,Powerplay,Energy Drinks,Convenience,Gauteng,37,98.12,60.48,3630.44,1392.68,328.45,3301.99,68.8,0,C
2024Q4,Coca-Cola,Carbonated Soft Drinks,E-Commerce,Eastern Cape,23,46.32,25.66,1065.36,475.18,85.62,979.74,93.8,0,C
2024Q1,Powerade,Sports Drinks,On-Trade,Western Cape,21,60.52,33.55,1270.92,566.37,150.06,1120.86,73.4,0,B
2024Q3,Powerplay,Energy Drinks,Mass Retail,Eastern Cape,46,109.11,64.87,5019.06,2035.04,268.61,4750.45,87.6,0,A
2024Q2,Fanta,Carbonated Soft Drinks,Mass Retail,Gauteng,77,55.23,29.92,4252.71,1948.87,388.42,3864.29,84.1,1,C
2024Q1,Sprite,Carbonated Soft Drinks,On-Trade,Western Cape,17,52.63,31.46,894.71,359.89,84.46,810.25,68.9,0,C
2024Q1,Fanta,Carbonated Soft Drinks,Mass Retail,Gauteng,47,51.02,25.04,2397.94,1221.06,193.59,2204.35,82.5,1,A
2024Q1,Coca-Cola,Carbonated Soft Drinks,Wholesale,Gauteng,17,44.63,26.39,758.71,310.08,60.31,698.4,71.1,0,A
2024Q3,Powerplay,Energy Drinks,Mass Retail,Gauteng,56,92.65,46.4,5188.4,2590.0,387.78,4800.62,92.9,0,C
2024Q3,Monster,Energy Drinks,Mass Retail,KwaZulu-Natal,14,107.56,56.36,1505.84,716.8,99.66,1406.18,79.2,0,B
2024Q3,Sprite,Carbonated Soft Drinks,Wholesale,Free State,60,59.85,30.83,3591.0,1741.2,368.94,3222.06,89.9,0,B
2024Q3,Cappy,Juices & Nectars,Mass Retail,Mpumalanga,64,67.9,38.3,4345.6,1894.4,355.02,3990.58,63.9,0,A
2024Q2,Sprite,Carbonated Soft Drinks,Mass Retail,Gauteng,31,50.7,28.15,1571.7,699.05,132.62,1439.08,79.6,0,C
2024Q4,Fanta,Carbonated Soft Drinks,Convenience,Gauteng,54,48.32,27.64,2609.28,1116.72,283.51,2325.77,59.6,0,C
2024Q3,Sprite,Carbonated Soft Drinks,Convenience,Western Cape,17,61.96,36.79,1053.32,427.89,42.34,1010.98,76.5,0,B
2024Q3,Coca-Cola,Carbonated Soft Drinks,Wholesale,KwaZulu-Natal,195,54.43,27.4,10613.85,5270.85,1006.01,9607.84,62.8,0,A
2024Q1,Bonaqua,Water,On-Trade,KwaZulu-Natal,25,33.74,19.13,843.5,365.25,90.31,753.19,70.6,0,A
2024Q2,Fanta,Carbonated Soft Drinks,Mass Retail,Gauteng,159,49.54,26.18,7876.86,3714.24,576.13,7300.73,74.8,0,B
2024Q3,Sprite,Carbonated Soft Drinks,Petrol & Travel,Gauteng,23,53.81,28.49,1237.63,582.36,54.29,1183.34,75.9,1,A
2024Q1,Coca-Cola,Carbonated Soft Drinks,Petrol & Travel,Gauteng,10,48.88,27.78,488.8,211.0,52.8,436.0,78.6,0,D
2024Q4,Sprite,Carbonated Soft Drinks,Convenience,KwaZulu-Natal,31,55.46,27.57,1719.26,864.59,81.83,1637.43,50.2,1,A
2024Q1,Sprite,Carbonated Soft Drinks,Convenience,Western Cape,14,55.74,34.05,780.36,303.66,84.54,695.82,96.5,1,A
2024Q4,Bonaqua,Water,Wholesale,Gauteng,43,41.72,25.29,1793.96,706.49,147.53,1646.43,86.8,1,C
2024Q1,Cappy,Juices & Nectars,On-Trade,KwaZulu-Natal,33,64.67,40.07,2134.11,811.8,235.41,1898.7,61.4,0,D
2024Q4,Fanta,Carbonated Soft Drinks,E-Commerce,North West,106,47.25,24.94,5008.5,2364.86,259.56,4748.94,84.6,0,B
2024Q4,Schweppes,Mixers,Mass Retail,Gauteng,25,69.42,39.87,1735.5,738.75,139.59,1595.91,79.4,0,A
2024Q2,Schweppes,Mixers,Convenience,Mpumalanga,117,62.49,35.37,7311.33,3173.04,603.14,6708.19,54.1,0,C
2024Q2,Stoney,Carbonated Soft Drinks,E-Commerce,Limpopo,19,68.03,36.52,1292.57,598.69,130.22,1162.35,45.3,0,A
2024Q4,Coca-Cola,Carbonated Soft Drinks,Convenience,Limpopo,5,51.17,27.0,255.85,120.85,13.77,242.08,62.7,0,B
2024Q2,Bonaqua,Water,Mass Retail,Eastern Cape,149,38.18,20.75,5688.82,2597.07,589.95,5098.87,78.9,1,A
2024Q1,Coca-Cola,Carbonated Soft Drinks,On-Trade,KwaZulu-Natal,24,51.16,31.33,1227.84,475.92,136.2,1091.64,49.5,0,C
2024Q4,Powerplay,Energy Drinks,On-Trade,KwaZulu-Natal,9,108.02,56.07,972.18,467.55,96.15,876.03,86.4,0,C
2024Q2,Coca-Cola,Carbonated Soft Drinks,Mass Retail,Gauteng,30,52.38,25.56,1571.4,804.6,130.22,1441.18,60.1,0,A
2024Q4,Coca-Cola,Carbonated Soft Drinks,Mass Retail,Gauteng,44,55.18,29.0,2427.92,1151.92,266.34,2161.58,76.7,0,A
2024Q1,Coca-Cola,Carbonated Soft Drinks,E-Commerce,Eastern Cape,35,38.12,19.85,1334.2,639.45,94.75,1239.45,75.1,0,B
2024Q1,Cappy,Juices & Nectars,E-Commerce,Free State,14,68.49,32.94,958.86,497.7,103.63,855.23,64.3,0,C
2024Q2,Fanta,Carbonated Soft Drinks,Mass Retail,Gauteng,18,52.21,27.92,939.78,437.22,94.68,845.1,93.1,0,B
2024Q3,Fanta,Carbonated Soft Drinks,Mass Retail,KwaZulu-Natal,95,50.23,24.44,4771.85,2450.05,299.99,4471.86,64.7,0,A
2024Q3,Sprite,Carbonated Soft Drinks,On-Trade,Free State,28,57.32,29.32,1604.96,784.0,157.94,1447.02,84.5,0,C
2024Q4,Bonaqua,Water,Mass Retail,Free State,38,41.32,21.96,1570.16,735.68,164.16,1406.0,52.1,1,B
2024Q3,Sprite,Carbonated Soft Drinks,On-Trade,Gauteng,32,58.99,31.83,1887.68,869.12,156.91,1730.77,57.0,0,B
2024Q3,Coca-Cola,Carbonated Soft Drinks,Mass Retail,KwaZulu-Natal,29,48.18,27.25,1397.22,606.97,159.87,1237.35,84.2,0,A
2024Q3,Coca-Cola,Carbonated Soft Drinks,On-Trade,Gauteng,57,50.63,31.01,2885.91,1118.34,330.67,2555.24,47.1,0,B
2024Q2,Monster,Energy Drinks,On-Trade,Mpumalanga,11,119.61,74.03,1315.71,501.38,83.28,1232.43,56.5,0,B
2024Q4,Coca-Cola,Carbonated Soft Drinks,E-Commerce,Western Cape,50,51.09,27.67,2554.5,1171.0,186.0,2368.5,78.2,1,B
2024Q3,Sprite,Carbonated Soft Drinks,Mass Retail,KwaZulu-Natal,62,58.71,32.08,3640.02,1651.06,423.9,3216.12,75.7,0,A
2024Q4,Coca-Cola,Carbonated Soft Drinks,Wholesale,North West,39,54.38,29.39,2120.82,974.61,89.04,2031.78,83.6,0,A
2024Q3,Powerade,Sports Drinks,Convenience,Western Cape,6,65.34,36.11,392.04,175.38,38.53,353.51,45.0,0,C
2024Q1,Sprite,Carbonated Soft Drinks,Convenience,KwaZulu-Natal,36,59.79,29.72,2152.44,1082.52,201.78,1950.66,52.3,0,A
2024Q4,Cappy,Juices & Nectars,On-Trade,Gauteng,38,62.38,32.72,2370.44,1127.08,252.4,2118.04,87.4,0,D
2024Q4,Coca-Cola,Carbonated Soft Drinks,E-Commerce,Western Cape,17,51.55,26.03,876.35,433.84,76.93,799.42,76.4,1,B
2024Q3,Cappy,Juices & Nectars,Mass Retail,Western Cape,96,53.33,27.6,5119.68,2470.08,561.95,4557.73,53.5,1,C
2024Q4,Sprite,Carbonated Soft Drinks,Convenience,Mpumalanga,24,58.12,33.78,1394.88,584.16,103.55,1291.33,78.7,0,B
2024Q4,Coca-Cola,Carbonated Soft Drinks,Convenience,Western Cape,28,56.97,30.14,1595.16,751.24,149.61,1445.55,95.4,1,C
2024Q3,Cappy,Juices & Nectars,Mass Retail,Gauteng,18,70.25,37.46,1264.5,590.22,138.98,1125.52,73.9,1,C
2024Q2,Fanta,Carbonated Soft Drinks,Mass Retail,Gauteng,107,50.21,27.82,5372.47,2395.73,286.63,5085.84,68.6,0,B
2024Q3,Coca-Cola,Carbonated Soft Drinks,Petrol & Travel,Western Cape,90,55.63,32.82,5006.7,2052.9,236.59,4770.11,75.8,0,C
2024Q3,Sprite,Carbonated Soft Drinks,Mass Retail,Western Cape,25,53.6,31.59,1340.0,550.25,70.91,1269.09,61.6,0,B
2024Q1,Powerplay,Energy Drinks,Convenience,Gauteng,31,103.03,60.5,3193.93,1318.43,133.42,3060.51,51.0,0,B
2024Q2,Coca-Cola,Carbonated Soft Drinks,On-Trade,Mpumalanga,118,54.91,28.13,6479.38,3160.04,675.81,5803.57,70.4,0,B
2024Q3,Cappy,Juices & Nectars,Mass Retail,Gauteng,18,70.64,34.82,1271.52,644.76,111.61,1159.91,74.0,0,B
2024Q2,Sprite,Carbonated Soft Drinks,Mass Retail,North West,33,66.01,36.25,2178.33,982.08,248.18,1930.15,73.3,0,B
2024Q1,Coca-Cola,Carbonated Soft Drinks,Mass Retail,Eastern Cape,54,50.41,24.37,2722.14,1406.16,230.23,2491.91,65.3,0,A
2024Q3,Coca-Cola,Carbonated Soft Drinks,Mass Retail,Limpopo,98,48.37,23.36,4740.26,2450.98,343.53,4396.73,89.1,1,D
2024Q3,Powerplay,Energy Drinks,Mass Retail,Gauteng,32,102.68,63.32,3285.76,1259.52,148.3,3137.46,48.7,0,D
2024Q4,Schweppes,Mixers,Mass Retail,Limpopo,21,50.47,30.09,1059.87,427.98,59.26,1000.61,83.1,0,B
2024Q4,Coca-Cola,Carbonated Soft Drinks,Wholesale,Limpopo,267,50.09,29.27,13374.03,5558.94,875.92,12498.11,57.0,0,C
2024Q3,Sprite,Carbonated Soft Drinks,E-Commerce,Gauteng,43,60.4,30.42,2597.2,1289.14,110.15,2487.05,60.4,0,A
2024Q2,Coca-Cola,Carbonated Soft Drinks,Wholesale,Western Cape,28,53.82,32.13,1506.96,607.32,113.55,1393.41,79.7,0,A
2024Q1,Coca-Cola,Carbonated Soft Drinks,On-Trade,KwaZulu-Natal,7,52.63,25.71,368.41,188.44,18.84,349.57,60.4,0,B
2024Q4,Schweppes,Mixers,Petrol & Travel,Free State,25,50.38,27.28,1259.5,577.5,89.37,1170.13,47.4,0,A
2024Q4,Coca-Cola,Carbonated Soft Drinks,Petrol & Travel,Western Cape,14,57.65,32.9,807.1,346.5,47.33,759.77,59.1,0,B
2024Q3,Schweppes,Mixers,E-Commerce,Free State,20,60.18,33.63,1203.6,531.0,67.45,1136.15,60.1,1,B
2024Q3,Sprite,Carbonated Soft Drinks,Petrol & Travel,Eastern Cape,45,65.0,37.76,2925.0,1225.8,168.47,2756.53,45.5,0,C
2024Q2,Sprite,Carbonated Soft Drinks,E-Commerce,Gauteng,25,53.27,27.85,1331.75,635.5,132.83,1198.92,78.2,1,A
2024Q3,Cappy,Juices & Nectars,Convenience,KwaZulu-Natal,118,70.87,37.88,8362.66,3892.82,499.05,7863.61,81.0,0,B
2024Q3,Cappy,Juices & Nectars,Mass Retail,Western Cape,39,63.76,34.97,2486.64,1122.81,249.33,2237.31,55.1,1,A
2024Q2,Powerplay,Energy Drinks,Petrol & Travel,KwaZulu-Natal,12,133.06,71.07,1596.72,743.88,159.17,1437.55,74.9,0,B
2024Q3,Coca-Cola,Carbonated Soft Drinks,Petrol & Travel,Gauteng,48,49.03,26.7,2353.44,1071.84,100.5,2252.94,57.4,1,A
2024Q2,Cappy,Juices & Nectars,Mass Retail,North West,6,64.26,39.73,385.56,147.18,42.21,343.35,88.8,0,A
2024Q4,Coca-Cola,Carbonated Soft Drinks,Convenience,Western Cape,20,55.4,30.94,1108.0,489.2,79.15,1028.85,54.1,1,C
2024Q3,Fanta,Carbonated Soft Drinks,Convenience,North West,16,50.57,29.36,809.12,339.36,92.01,717.11,53.6,0,B
2024Q2,Stoney,Carbonated Soft Drinks,Convenience,Gauteng,16,64.42,39.23,1030.72,403.04,114.49,916.23,50.5,1,A
2024Q2,Sprite,Carbonated Soft Drinks,Mass Retail,KwaZulu-Natal,20,54.91,31.11,1098.2,476.0,69.71,1028.49,94.6,0,C
2024Q3,Sprite,Carbonated Soft Drinks,Convenience,Gauteng,11,59.43,34.36,653.73,275.77,41.27,612.46,47.0,0,C
2024Q1,Stoney,Carbonated Soft Drinks,Convenience,Gauteng,119,59.33,35.67,7060.27,2815.54,482.62,6577.65,68.8,0,B
2024Q3,Coca-Cola,Carbonated Soft Drinks,Wholesale,Gauteng,83,48.54,26.85,4028.82,1800.27,455.73,3573.09,79.5,1,A
2024Q1,Schweppes,Mixers,Mass Retail,Free State,23,52.4,27.7,1205.2,568.1,87.46,1117.74,54.7,0,B
2024Q4,Coca-Cola,Carbonated Soft Drinks,Mass Retail,Eastern Cape,45,48.13,23.19,2165.85,1122.3,157.15,2008.7,61.4,0,D
2024Q2,Sprite,Carbonated Soft Drinks,Convenience,Gauteng,251,55.15,30.98,13842.65,6066.67,1252.17,12590.48,89.8,0,A
2024Q1,Fanta,Carbonated Soft Drinks,On-Trade,Western Cape,25,50.77,31.2,1269.25,489.25,146.97,1122.28,82.7,0,C
2024Q3,Sprite,Carbonated Soft Drinks,Mass Retail,Gauteng,64,51.79,31.22,3314.56,1316.48,308.97,3005.59,78.3,1,C
2024Q4,Bonaqua,Water,Mass Retail,Western Cape,97,37.62,18.15,3649.14,1888.59,333.17,3315.97,85.6,0,A
2024Q3,Coca-Cola,Carbonated Soft Drinks,Mass Retail,Gauteng,24,47.94,27.76,1150.56,484.32,121.22,1029.34,90.7,0,A
2024Q3,Coca-Cola,Carbonated Soft Drinks,On-Trade,Western Cape,86,51.68,28.88,4444.48,1960.8,383.52,4060.96,68.0,0,C
2024Q1,Stoney,Carbonated Soft Drinks,On-Trade,Eastern Cape,5,58.11,30.69,290.55,137.1,34.72,255.83,62.8,1,C
2024Q2,Sprite,Carbonated Soft Drinks,Convenience,North West,79,47.6,28.92,3760.4,1475.72,387.43,3372.97,89.6,0,A
2024Q2,Fanta,Carbonated Soft Drinks,Mass Retail,KwaZulu-Natal,31,50.57,27.52,1567.67,714.55,111.02,1456.65,65.2,0,B
2024Q3,Powerade,Sports Drinks,Mass Retail,Gauteng,125,59.84,31.93,7480.0,3488.75,485.38,6994.62,63.7,0,B
2024Q2,Coca-Cola,Carbonated Soft Drinks,Wholesale,Gauteng,43,52.33,31.22,2250.19,907.73,177.46,2072.73,57.8,0,A
2024Q1,Coca-Cola,Carbonated Soft Drinks,On-Trade,Gauteng,26,59.28,30.36,1541.28,751.92,130.36,1410.92,58.5,0,D
2024Q1,Sprite,Carbonated Soft Drinks,Mass Retail,Gauteng,10,59.31,30.26,593.1,290.5,57.73,535.37,82.5,0,D
2024Q2,Cappy,Juices & Nectars,Wholesale,Limpopo,106,75.44,40.01,7996.64,3755.58,919.56,7077.08,70.4,1,C
2024Q4,Fanta,Carbonated Soft Drinks,Mass Retail,Western Cape,16,48.61,25.81,777.76,364.8,68.96,708.8,46.2,0,B
2024Q3,Sprite,Carbonated Soft Drinks,Mass Retail,Western Cape,9,59.05,30.92,531.45,253.17,41.06,490.39,58.1,1,B
2024Q2,Coca-Cola,Carbonated Soft Drinks,Petrol & Travel,Western Cape,31,51.17,25.45,1586.27,797.32,66.29,1519.98,90.5,1,A
2024Q2,Powerade,Sports Drinks,Wholesale,Gauteng,11,67.5,32.84,742.5,381.26,73.95,668.55,51.6,1,C
2024Q2,Schweppes,Mixers,Mass Retail,KwaZulu-Natal,27,57.51,31.12,1552.77,712.53,97.99,1454.78,61.9,1,C
2024Q4,Fanta,Carbonated Soft Drinks,Wholesale,Western Cape,33,52.21,29.25,1722.93,757.68,160.73,1562.2,87.3,0,B
2024Q2,Coca-Cola,Carbonated Soft Drinks,Convenience,Western Cape,25,58.49,31.12,1462.25,684.25,154.78,1307.47,90.9,1,B
2024Q3,Coca-Cola,Carbonated Soft Drinks,Mass Retail,Gauteng,154,53.88,26.49,8297.52,4218.06,948.97,7348.55,72.6,0,B
2024Q1,Powerade,Sports Drinks,Convenience,Gauteng,21,63.29,31.45,1329.09,668.64,81.23,1247.86,71.1,0,D
2024Q3,Sprite,Carbonated Soft Drinks,Petrol & Travel,Gauteng,9,56.31,27.38,506.79,260.37,45.49,461.3,67.3,0,B
2024Q3,Powerade,Sports Drinks,Mass Retail,Gauteng,54,70.53,33.98,3808.62,1973.7,389.33,3419.29,55.3,0,A
2024Q1,Coca-Cola,Carbonated Soft Drinks,E-Commerce,Gauteng,180,45.55,22.71,8199.0,4111.2,627.64,7571.36,47.0,1,A
2024Q4,Fanta,Carbonated Soft Drinks,Mass Retail,Limpopo,45,50.6,29.8,2277.0,936.0,176.54,2100.46,48.0,1,B
2024Q4,Coca-Cola,Carbonated Soft Drinks,Mass Retail,Gauteng,80,50.66,29.32,4052.8,1707.2,358.41,3694.39,95.2,1,C
2024Q1,Sprite,Carbonated Soft Drinks,On-Trade,Western Cape,79,54.77,30.52,4326.83,1915.75,258.38,4068.45,56.1,0,B
2024Q3,Stoney,Carbonated Soft Drinks,Wholesale,Eastern Cape,33,59.27,33.47,1955.91,851.4,168.74,1787.17,70.1,0,B
2024Q3,Fanta,Carbonated Soft Drinks,Mass Retail,Western Cape,82,52.64,26.12,4316.48,2174.64,189.89,4126.59,46.5,1,B
2024Q3,Bonaqua,Water,E-Commerce,Free State,31,47.15,27.6,1461.65,606.05,80.89,1380.76,64.4,0,B
2024Q2,Coca-Cola,Carbonated Soft Drinks,Mass Retail,Gauteng,51,55.96,34.02,2853.96,1118.94,277.22,2576.74,95.6,1,D
2024Q4,Coca-Cola,Carbonated Soft Drinks,Wholesale,Gauteng,36,55.34,27.43,1992.24,1004.76,113.94,1878.3,90.2,0,B
2024Q4,Fanta,Carbonated Soft Drinks,Convenience,Western Cape,8,46.4,25.62,371.2,166.24,33.66,337.54,80.1,1,B
2024Q4,Sprite,Carbonated Soft Drinks,Mass Retail,Eastern Cape,23,58.89,31.29,1354.47,634.8,102.98,1251.49,90.0,1,A
2024Q1,Monster,Energy Drinks,Mass Retail,Western Cape,43,104.64,64.35,4499.52,1732.47,411.36,4088.16,58.8,0,B
2024Q3,Coca-Cola,Carbonated Soft Drinks,E-Commerce,KwaZulu-Natal,33,53.87,28.67,1777.71,831.6,125.64,1652.07,96.3,0,A
2024Q1,Cappy,Juices & Nectars,Wholesale,Gauteng,14,70.85,39.56,991.9,438.06,67.98,923.92,57.7,0,C
2024Q1,Sprite,Carbonated Soft Drinks,Convenience,Western Cape,10,51.84,31.65,518.4,201.9,28.92,489.48,84.5,0,A
2024Q3,Coca-Cola,Carbonated Soft Drinks,Mass Retail,Gauteng,14,56.77,31.19,794.78,358.12,91.84,702.94,46.2,0,B
2024Q4,Coca-Cola,Carbonated Soft Drinks,Mass Retail,Eastern Cape,18,49.6,25.42,892.8,435.24,39.98,852.82,97.6,0,D
2024Q1,Fanta,Carbonated Soft Drinks,Mass Retail,Gauteng,142,50.76,28.32,7207.92,3186.48,756.3,6451.62,89.8,1,A
2024Q4,Monster,Energy Drinks,Convenience,Western Cape,186,105.41,65.04,19606.26,7508.82,1855.05,17751.21,92.6,0,C
2024Q1,Bonaqua,Water,Mass Retail,Western Cape,68,41.0,21.85,2788.0,1302.2,196.12,2591.88,86.4,1,B
2024Q1,Schweppes,Mixers,E-Commerce,KwaZulu-Natal,66,50.13,27.01,3308.58,1525.92,381.34,2927.24,95.8,0,B
2024Q1,Powerplay,Energy Drinks,Mass Retail,KwaZulu-Natal,133,111.1,60.44,14776.3,6737.78,815.77,13960.53,84.6,0,B
2024Q2,Schweppes,Mixers,On-Trade,Western Cape,56,55.0,31.13,3080.0,1336.72,181.42,2898.58,79.6,1,B
2024Q1,Coca-Cola,Carbonated Soft Drinks,Mass Retail,KwaZulu-Natal,57,50.08,30.56,2854.56,1112.64,172.85,2681.71,94.2,1,A
2024Q3,Coca-Cola,Carbonated Soft Drinks,Mass Retail,Gauteng,20,46.27,28.22,925.4,361.0,54.94,870.46,64.4,0,A
2024Q4,Coca-Cola,Carbonated Soft Drinks,Convenience,Eastern Cape,77,47.25,25.54,3638.25,1671.67,202.71,3435.54,83.9,1,D
2024Q4,Powerplay,Energy Drinks,Wholesale,KwaZulu-Natal,15,96.68,52.61,1450.2,661.05,136.88,1313.32,69.3,0,A
2024Q4,Monster,Energy Drinks,On-Trade,Western Cape,8,122.61,74.88,980.88,381.84,114.24,866.64,75.8,1,B
2024Q1,Coca-Cola,Carbonated Soft Drinks,Wholesale,Western Cape,11,51.86,28.4,570.46,258.06,31.42,539.04,82.3,1,A
2024Q4,Coca-Cola,Carbonated Soft Drinks,On-Trade,Gauteng,54,53.03,27.29,2863.62,1389.96,328.58,2535.04,65.6,0,C
2024Q4,Coca-Cola,Carbonated Soft Drinks,E-Commerce,Eastern Cape,23,53.98,27.62,1241.54,606.28,58.02,1183.52,53.3,0,A
2024Q4,Bonaqua,Water,Convenience,Western Cape,103,39.58,20.84,4076.74,1930.22,478.98,3597.76,47.6,1,C
2024Q4,Coca-Cola,Carbonated Soft Drinks,E-Commerce,Western Cape,55,53.43,31.6,2938.65,1200.65,232.7,2705.95,59.3,1,A
2024Q3,Sprite,Carbonated Soft Drinks,Convenience,North West,2,60.87,32.15,121.74,57.44,10.5,111.24,83.6,0,C
2024Q4,Bonaqua,Water,Wholesale,Northern Cape,51,35.35,17.7,1802.85,900.15,89.65,1713.2,86.7,0,B
2024Q2,Powerplay,Energy Drinks,Mass Retail,Western Cape,20,112.3,68.28,2246.0,880.4,113.76,2132.24,91.1,0,B
2024Q3,Monster,Energy Drinks,On-Trade,Limpopo,25,105.98,53.56,2649.5,1310.5,209.98,2439.52,95.3,0,B
2024Q4,Cappy,Juices & Nectars,E-Commerce,Eastern Cape,66,68.19,38.75,4500.54,1943.04,310.43,4190.11,97.5,1,C
2024Q3,Sprite,Carbonated Soft Drinks,On-Trade,Free State,104,55.87,26.82,5810.48,3021.2,558.76,5251.72,59.1,1,D
2024Q2,Cappy,Juices & Nectars,Mass Retail,Free State,28,68.35,33.93,1913.8,963.76,132.31,1781.49,76.4,0,B
2024Q1,Sprite,Carbonated Soft Drinks,Mass Retail,Gauteng,14,56.66,27.78,793.24,404.32,69.55,723.69,73.6,0,C
2024Q4,Coca-Cola,Carbonated Soft Drinks,Mass Retail,Western Cape,27,51.68,27.87,1395.36,642.87,164.0,1231.36,87.2,1,B
2024Q4,Fanta,Carbonated Soft Drinks,Mass Retail,Eastern Cape,31,54.31,28.84,1683.61,789.57,114.05,1569.56,76.5,0,B
2024Q1,Coca-Cola,Carbonated Soft Drinks,On-Trade,Western Cape,66,59.78,29.9,3945.48,1972.08,239.01,3706.47,89.6,0,A
2024Q1,Cappy,Juices & Nectars,Mass Retail,KwaZulu-Natal,11,65.72,31.62,722.92,375.1,46.95,675.97,47.9,0,C
2024Q2,Sprite,Carbonated Soft Drinks,Mass Retail,Gauteng,21,59.1,35.38,1241.1,498.12,119.6,1121.5,51.6,0,A
2024Q2,Fanta,Carbonated Soft Drinks,Wholesale,KwaZulu-Natal,46,46.23,23.11,2126.58,1063.52,151.84,1974.74,75.0,1,C
2024Q1,Coca-Cola,Carbonated Soft Drinks,Convenience,Western Cape,22,48.35,26.34,1063.7,484.22,115.6,948.1,54.9,0,C
2024Q4,Coca-Cola,Carbonated Soft Drinks,E-Commerce,Western Cape,7,51.1,29.0,357.7,154.7,21.65,336.05,85.9,0,A
2024Q1,Bonaqua,Water,Wholesale,Gauteng,39,38.04,21.29,1483.56,653.25,99.53,1384.03,45.6,1,C
2024Q3,Sprite,Carbonated Soft Drinks,Mass Retail,Northern Cape,11,53.56,30.04,589.16,258.72,57.14,532.02,90.4,0,C
2024Q2,Coca-Cola,Carbonated Soft Drinks,Mass Retail,Eastern Cape,68,58.6,36.21,3984.8,1522.52,242.59,3742.21,59.1,1,B
2024Q4,Fanta,Carbonated Soft Drinks,Wholesale,Western Cape,15,49.91,25.84,748.65,361.05,58.85,689.8,95.8,0,A
2024Q4,Powerplay,Energy Drinks,Wholesale,Western Cape,19,120.96,72.71,2298.24,916.75,252.89,2045.35,93.2,0,B
2024Q4,Powerade,Sports Drinks,E-Commerce,Mpumalanga,30,57.25,27.66,1717.5,887.7,193.31,1524.19,60.2,1,C
2024Q4,Coca-Cola,Carbonated Soft Drinks,Wholesale,North West,29,56.36,32.29,1634.44,698.03,96.9,1537.54,71.7,1,A
2024Q3,Cappy,Juices & Nectars,On-Trade,Gauteng,51,65.19,35.67,3324.69,1505.52,292.6,3032.09,79.5,1,B
2024Q3,Cappy,Juices & Nectars,On-Trade,Eastern Cape,18,59.15,34.04,1064.7,451.98,62.72,1001.98,83.9,0,C
2024Q4,Coca-Cola,Carbonated Soft Drinks,Wholesale,Gauteng,23,54.98,27.96,1264.54,621.46,134.72,1129.82,62.3,0,B
2024Q3,Sprite,Carbonated Soft Drinks,Convenience,KwaZulu-Natal,51,60.68,32.88,3094.68,1417.8,185.65,2909.03,85.5,1,A
2024Q4,Coca-Cola,Carbonated Soft Drinks,Convenience,KwaZulu-Natal,25,57.53,29.11,1438.25,710.5,103.83,1334.42,56.7,1,B
2024Q2,Schweppes,Mixers,Mass Retail,Gauteng,50,55.62,27.52,2781.0,1405.0,327.61,2453.39,45.3,0,C
2024Q3,Coca-Cola,Carbonated Soft Drinks,Mass Retail,Gauteng,47,48.73,24.12,2290.31,1156.67,156.22,2134.09,83.8,0,B
2024Q2,Schweppes,Mixers,Mass Retail,North West,18,55.74,27.27,1003.32,512.46,49.39,953.93,91.4,1,C
2024Q2,Coca-Cola,Carbonated Soft Drinks,E-Commerce,Western Cape,76,55.14,30.85,4190.64,1846.04,412.62,3778.02,79.6,0,B
2024Q4,Coca-Cola,Carbonated Soft Drinks,Convenience,Eastern Cape,52,51.38,31.65,2671.76,1025.96,246.07,2425.69,55.5,0,B
2024Q1,Cappy,Juices & Nectars,Mass Retail,Gauteng,121,66.74,38.27,8075.54,3444.87,655.61,7419.93,81.1,1,D
2024Q1,Fanta,Carbonated Soft Drinks,Mass Retail,KwaZulu-Natal,19,52.67,30.12,1000.73,428.45,49.15,951.58,51.1,1,C
2024Q3,Fanta,Carbonated Soft Drinks,Mass Retail,Western Cape,38,53.21,28.24,2021.98,948.86,208.31,1813.67,78.2,0,B
2024Q1,Schweppes,Mixers,Convenience,Gauteng,27,57.31,29.58,1547.37,748.71,75.4,1471.97,80.1,1,C
2024Q4,Bonaqua,Water,Wholesale,Gauteng,6,38.14,19.07,228.84,114.42,26.7,202.14,94.5,1,D
2024Q1,Sprite,Carbonated Soft Drinks,Mass Retail,KwaZulu-Natal,31,61.13,35.96,1895.03,780.27,98.72,1796.31,52.0,0,B
2024Q4,Coca-Cola,Carbonated Soft Drinks,Mass Retail,Free State,31,55.96,33.68,1734.76,690.68,162.02,1572.74,54.8,0,C
2024Q3,Sprite,Carbonated Soft Drinks,Wholesale,Free State,44,53.21,32.88,2341.24,894.52,195.99,2145.25,79.8,0,A
2024Q3,Coca-Cola,Carbonated Soft Drinks,Convenience,Gauteng,19,47.26,25.41,897.94,415.15,78.63,819.31,90.1,1,B
2024Q1,Cappy,Juices & Nectars,Convenience,Gauteng,122,65.85,32.41,8033.7,4079.68,650.98,7382.72,52.7,0,A
2024Q4,Fanta,Carbonated Soft Drinks,E-Commerce,Western Cape,18,53.1,31.8,955.8,383.4,63.83,891.97,55.1,0,D
2024Q3,Coca-Cola,Carbonated Soft Drinks,Mass Retail,KwaZulu-Natal,84,46.55,24.67,3910.2,1837.92,178.56,3731.64,62.6,0,C
2024Q1,Schweppes,Mixers,Convenience,Western Cape,15,58.08,33.41,871.2,370.05,35.4,835.8,45.8,0,A
2024Q2,Monster,Energy Drinks,On-Trade,Free State,27,106.98,65.7,2888.46,1114.56,343.21,2545.25,53.6,0,C
2024Q1,Cappy,Juices & Nectars,E-Commerce,Gauteng,8,78.3,47.72,626.4,244.64,62.84,563.56,85.5,1,B
2024Q3,Cappy,Juices & Nectars,Mass Retail,KwaZulu-Natal,21,51.96,27.12,1091.16,521.64,51.92,1039.24,51.7,1,D
2024Q3,Powerade,Sports Drinks,Wholesale,KwaZulu-Natal,19,63.43,32.71,1205.17,583.68,92.14,1113.03,72.0,0,D
2024Q1,Fanta,Carbonated Soft Drinks,Mass Retail,Northern Cape,36,53.57,31.62,1928.52,790.2,219.73,1708.79,53.6,0,B
2024Q3,Powerplay,Energy Drinks,Convenience,Free State,7,100.74,48.48,705.18,365.82,74.24,630.94,50.9,0,A
2024Q3,Schweppes,Mixers,E-Commerce,Gauteng,46,63.95,32.08,2941.7,1466.02,238.96,2702.74,58.8,1,A
2024Q4,Monster,Energy Drinks,On-Trade,Mpumalanga,23,121.1,65.77,2785.3,1272.59,299.24,2486.06,49.7,0,B
2024Q2,Coca-Cola,Carbonated Soft Drinks,Petrol & Travel,Free State,8,59.47,35.45,475.76,192.16,54.92,420.84,69.7,0,D
2024Q1,Sprite,Carbonated Soft Drinks,Petrol & Travel,Western Cape,139,55.44,31.8,7706.16,3285.96,445.62,7260.54,48.4,0,D
2024Q3,Coca-Cola,Carbonated Soft Drinks,On-Trade,KwaZulu-Natal,61,46.48,27.7,2835.28,1145.58,181.52,2653.76,78.7,1,B
2024Q4,Cappy,Juices & Nectars,Mass Retail,Gauteng,103,54.06,31.93,5568.18,2279.39,276.68,5291.5,68.4,0,A
2024Q3,Coca-Cola,Carbonated Soft Drinks,Mass Retail,Limpopo,76,49.09,23.6,3730.84,1937.24,372.81,3358.03,88.0,0,A
2024Q3,Fanta,Carbonated Soft Drinks,Wholesale,Gauteng,10,54.57,29.46,545.7,251.1,64.16,481.54,91.7,0,A
2024Q1,Coca-Cola,Carbonated Soft Drinks,Wholesale,Gauteng,41,54.71,32.83,2243.11,897.08,249.75,1993.36,49.9,0,C
2024Q1,Stoney,Carbonated Soft Drinks,Convenience,Western Cape,19,50.51,29.84,959.69,392.73,89.44,870.25,92.3,0,B
2024Q2,Powerplay,Energy Drinks,E-Commerce,Gauteng,25,107.68,58.66,2692.0,1225.5,263.62,2428.38,61.0,0,D
2024Q3,Coca-Cola,Carbonated Soft Drinks,Petrol & Travel,Gauteng,57,49.07,23.97,2796.99,1430.7,269.72,2527.27,65.1,1,C
2024Q4,Coca-Cola,Carbonated Soft Drinks,Convenience,Western Cape,32,56.92,32.1,1821.44,794.24,179.53,1641.91,79.7,0,B
2024Q2,Powerplay,Energy Drinks,On-Trade,Western Cape,49,121.1,64.33,5933.9,2781.73,352.78,5581.12,92.9,0,B
2024Q1,Stoney,Carbonated Soft Drinks,On-Trade,Western Cape,17,58.22,29.76,989.74,483.82,92.69,897.05,54.2,0,B
2024Q2,Coca-Cola,Carbonated Soft Drinks,Mass Retail,Gauteng,25,52.86,28.45,1321.5,610.25,126.87,1194.63,95.7,1,C
2024Q2,Monster,Energy Drinks,Convenience,Gauteng,31,101.55,62.51,3148.05,1210.24,370.56,2777.49,57.1,0,B
2024Q3,Monster,Energy Drinks,Mass Retail,Western Cape,40,114.92,70.81,4596.8,1764.4,512.32,4084.48,56.4,0,B
2024Q1,Sprite,Carbonated Soft Drinks,Convenience,Western Cape,49,55.87,34.33,2737.63,1055.46,120.63,2617.0,53.5,0,B
2024Q1,Coca-Cola,Carbonated Soft Drinks,Mass Retail,Gauteng,37,52.79,32.47,1953.23,751.84,174.71,1778.52,58.6,1,B
2024Q3,Stoney,Carbonated Soft Drinks,Wholesale,KwaZulu-Natal,57,54.42,33.18,3101.94,1210.68,203.71,2898.23,91.4,0,B
2024Q3,Fanta,Carbonated Soft Drinks,Convenience,KwaZulu-Natal,35,42.22,22.88,1477.7,676.9,167.13,1310.57,69.8,1,A
2024Q1,Stoney,Carbonated Soft Drinks,Mass Retail,KwaZulu-Natal,12,63.26,32.48,759.12,369.36,33.87,725.25,49.1,0,C
2024Q2,Monster,Energy Drinks,E-Commerce,Western Cape,32,102.92,59.46,3293.44,1390.72,355.78,2937.66,54.1,0,C
2024Q3,Coca-Cola,Carbonated Soft Drinks,On-Trade,Gauteng,16,48.45,25.32,775.2,370.08,67.42,707.78,45.9,0,A
2024Q3,Bonaqua,Water,Convenience,North West,75,41.14,20.87,3085.5,1520.25,323.36,2762.14,67.0,1,C
2024Q3,Fanta,Carbonated Soft Drinks,E-Commerce,North West,61,53.15,32.92,3242.15,1234.03,332.24,2909.91,52.7,0,C
2024Q2,Fanta,Carbonated Soft Drinks,Mass Retail,Gauteng,14,49.5,29.22,693.0,283.92,56.92,636.08,95.1,0,C
2024Q4,Sprite,Carbonated Soft Drinks,E-Commerce,Gauteng,17,55.55,27.83,944.35,471.24,101.95,842.4,97.5,0,B
2024Q2,Bonaqua,Water,Mass Retail,KwaZulu-Natal,48,44.17,27.13,2120.16,817.92,125.2,1994.96,73.9,0,B
2024Q4,Powerplay,Energy Drinks,Mass Retail,Gauteng,8,111.15,61.1,889.2,400.4,80.01,809.19,49.3,0,A
2024Q4,Coca-Cola,Carbonated Soft Drinks,On-Trade,Free State,56,53.53,28.89,2997.68,1379.84,134.7,2862.98,69.5,1,B
2024Q3,Schweppes,Mixers,Mass Retail,Gauteng,23,57.96,30.86,1333.08,623.3,62.16,1270.92,45.2,0,C
2024Q3,Powerplay,Energy Drinks,On-Trade,Gauteng,33,109.15,56.04,3601.95,1752.63,406.62,3195.33,93.9,0,B
2024Q1,Cappy,Juices & Nectars,Convenience,Gauteng,17,67.3,33.14,1144.1,580.72,127.83,1016.27,91.4,0,B
2024Q4,Coca-Cola,Carbonated Soft Drinks,On-Trade,Western Cape,83,46.31,27.46,3843.73,1564.55,378.74,3464.99,77.6,1,C
2024Q2,Sprite,Carbonated Soft Drinks,Mass Retail,Western Cape,67,51.16,30.31,3427.72,1396.95,168.96,3258.76,54.9,0,B
2024Q4,Coca-Cola,Carbonated Soft Drinks,Mass Retail,Western Cape,83,43.58,24.67,3617.14,1569.53,369.3,3247.84,87.7,0,B
2024Q2,Cappy,Juices & Nectars,Mass Retail,Gauteng,14,67.47,40.34,944.58,379.82,101.67,842.91,60.9,1,D
2024Q4,Powerade,Sports Drinks,Convenience,KwaZulu-Natal,36,63.51,31.3,2286.36,1159.56,215.94,2070.42,80.9,0,B
2024Q1,Cappy,Juices & Nectars,Wholesale,Free State,26,71.78,43.52,1866.28,734.76,80.16,1786.12,51.0,0,C
2024Q1,Coca-Cola,Carbonated Soft Drinks,Mass Retail,Mpumalanga,23,52.38,29.3,1204.74,530.84,77.82,1126.92,92.0,0,A
2024Q3,Coca-Cola,Carbonated Soft Drinks,Convenience,KwaZulu-Natal,53,52.52,30.83,2783.56,1149.57,208.94,2574.62,70.3,0,B
2024Q4,Schweppes,Mixers,Mass Retail,Free State,76,54.1,27.92,4111.6,1989.68,207.47,3904.13,56.6,0,C
2024Q2,Bonaqua,Water,Convenience,KwaZulu-Natal,114,43.42,22.8,4949.88,2350.68,554.73,4395.15,68.9,0,A
2024Q4,Cappy,Juices & Nectars,Wholesale,Western Cape,47,67.72,37.64,3182.84,1413.76,205.56,2977.28,61.7,0,B
2024Q1,Coca-Cola,Carbonated Soft Drinks,E-Commerce,KwaZulu-Natal,12,60.61,36.59,727.32,288.24,53.92,673.4,59.5,1,B
2024Q4,Cappy,Juices & Nectars,On-Trade,Gauteng,81,68.97,40.93,5586.57,2271.24,639.93,4946.64,65.5,0,C
2024Q3,Coca-Cola,Carbonated Soft Drinks,Mass Retail,Western Cape,27,39.2,21.21,1058.4,485.73,67.17,991.23,73.0,1,D
2024Q1,Schweppes,Mixers,On-Trade,Eastern Cape,32,57.95,35.34,1854.4,723.52,181.62,1672.78,60.4,1,B
2024Q4,Fanta,Carbonated Soft Drinks,On-Trade,Gauteng,32,49.96,28.86,1598.72,675.2,102.7,1496.02,56.7,0,C
2024Q1,Cappy,Juices & Nectars,On-Trade,North West,28,77.61,47.5,2173.08,843.08,205.08,1968.0,92.4,1,C
2024Q3,Sprite,Carbonated Soft Drinks,Convenience,North West,20,53.98,28.21,1079.6,515.4,127.11,952.49,96.0,0,B
2024Q2,Coca-Cola,Carbonated Soft Drinks,Mass Retail,Western Cape,110,52.49,29.26,5773.9,2555.3,232.58,5541.32,71.6,0,B
2024Q1,Coca-Cola,Carbonated Soft Drinks,Convenience,Gauteng,17,49.3,25.55,838.1,403.75,75.34,762.76,52.7,0,A
2024Q2,Coca-Cola,Carbonated Soft Drinks,Mass Retail,KwaZulu-Natal,7,47.94,28.43,335.58,136.57,27.01,308.57,65.1,0,C
2024Q1,Bonaqua,Water,Convenience,Western Cape,72,39.24,21.61,2825.28,1269.36,160.03,2665.25,77.5,0,A
2024Q4,Coca-Cola,Carbonated Soft Drinks,On-Trade,Gauteng,63,48.36,28.89,3046.68,1226.61,331.9,2714.78,59.3,0,B
2024Q2,Bonaqua,Water,Petrol & Travel,Gauteng,53,36.13,21.83,1914.89,757.9,82.86,1832.03,97.2,0,B
2024Q4,Coca-Cola,Carbonated Soft Drinks,Wholesale,Western Cape,61,56.45,33.18,3443.45,1419.47,411.73,3031.72,85.8,0,C
2024Q2,Sprite,Carbonated Soft Drinks,Mass Retail,Limpopo,9,60.24,37.1,542.16,208.26,60.73,481.43,75.1,0,C
2024Q2,Fanta,Carbonated Soft Drinks,Mass Retail,KwaZulu-Natal,28,51.3,28.79,1436.4,630.28,112.81,1323.59,85.9,0,B
2024Q3,Cappy,Juices & Nectars,Convenience,Gauteng,18,75.4,37.36,1357.2,684.72,65.92,1291.28,51.3,1,A
2024Q3,Cappy,Juices & Nectars,Mass Retail,Free State,165,68.92,34.3,11371.8,5712.3,1011.51,10360.29,76.7,1,B
2024Q4,Fanta,Carbonated Soft Drinks,E-Commerce,Eastern Cape,106,47.85,23.08,5072.1,2625.62,262.51,4809.59,97.8,0,B
2024Q3,Sprite,Carbonated Soft Drinks,Mass Retail,KwaZulu-Natal,193,52.67,31.52,10165.31,4081.95,1091.6,9073.71,62.2,0,B
2024Q3,Stoney,Carbonated Soft Drinks,Convenience,Western Cape,20,60.62,37.12,1212.4,470.0,90.47,1121.93,64.7,0,B
2024Q1,Fanta,Carbonated Soft Drinks,Mass Retail,Western Cape,15,56.24,33.01,843.6,348.45,38.37,805.23,65.3,1,B
2024Q3,Bonaqua,Water,Convenience,KwaZulu-Natal,16,42.8,23.29,684.8,312.16,72.25,612.55,93.5,0,A
2024Q3,Cappy,Juices & Nectars,Mass Retail,Western Cape,140,57.37,33.08,8031.8,3400.6,883.45,7148.35,92.1,0,C
2024Q4,Coca-Cola,Carbonated Soft Drinks,Mass Retail,North West,24,53.38,31.21,1281.12,532.08,134.73,1146.39,91.5,0,C
2024Q4,Fanta,Carbonated Soft Drinks,Mass Retail,KwaZulu-Natal,186,50.55,24.33,9402.3,4876.92,806.93,8595.37,70.1,0,B
2024Q1,Bonaqua,Water,Convenience,Western Cape,33,40.45,19.74,1334.85,683.43,96.33,1238.52,81.9,1,D
2024Q2,Coca-Cola,Carbonated Soft Drinks,Petrol & Travel,Gauteng,46,50.84,25.33,2338.64,1173.46,103.16,2235.48,75.8,0,B
2024Q2,Cappy,Juices & Nectars,Mass Retail,Eastern Cape,24,75.23,46.08,1805.52,699.6,133.84,1671.68,63.6,0,B
2024Q2,Fanta,Carbonated Soft Drinks,Mass Retail,Mpumalanga,21,41.49,25.13,871.29,343.56,38.13,833.16,86.5,0,B
2024Q1,Coca-Cola,Carbonated Soft Drinks,On-Trade,Eastern Cape,16,43.26,23.3,692.16,319.36,69.58,622.58,94.2,0,D
2024Q4,Schweppes,Mixers,Mass Retail,Western Cape,50,60.78,31.99,3039.0,1439.5,264.35,2774.65,80.3,1,D
2024Q4,Stoney,Carbonated Soft Drinks,Petrol & Travel,North West,10,65.25,33.6,652.5,316.5,37.03,615.47,66.3,1,B
2024Q4,Coca-Cola,Carbonated Soft Drinks,Mass Retail,Western Cape,25,48.12,27.19,1203.0,523.25,62.21,1140.79,47.4,1,C
2024Q4,Bonaqua,Water,Mass Retail,Eastern Cape,17,38.43,21.35,653.31,290.36,49.95,603.36,62.2,0,C
2024Q4,Schweppes,Mixers,E-Commerce,Western Cape,16,57.39,29.92,918.24,439.52,108.23,810.01,96.8,1,B
2024Q3,Fanta,Carbonated Soft Drinks,Mass Retail,Limpopo,32,44.94,24.6,1438.08,650.88,104.71,1333.37,73.1,1,A
2024Q4,Cappy,Juices & Nectars,Wholesale,KwaZulu-Natal,38,61.65,37.64,2342.7,912.38,119.52,2223.18,82.4,0,C
2024Q2,Coca-Cola,Carbonated Soft Drinks,Mass Retail,KwaZulu-Natal,61,50.14,27.27,3058.54,1395.07,265.07,2793.47,68.5,1,D
2024Q4,Bonaqua,Water,Mass Retail,Gauteng,9,46.17,22.72,415.53,211.05,36.43,379.1,45.5,1,A
2024Q3,Bonaqua,Water,Convenience,Limpopo,47,40.86,20.59,1920.42,952.69,140.9,1779.52,75.5,0,A
2024Q4,Coca-Cola,Carbonated Soft Drinks,Mass Retail,Northern Cape,11,59.09,29.59,649.99,324.5,30.63,619.36,84.5,1,B
2024Q1,Sprite,Carbonated Soft Drinks,Mass Retail,Western Cape,48,58.32,28.4,2799.36,1436.16,157.04,2642.32,60.5,0,A
2024Q3,Coca-Cola,Carbonated Soft Drinks,On-Trade,KwaZulu-Natal,19,46.33,23.43,880.27,435.1,73.61,806.66,70.3,0,C
2024Q1,Schweppes,Mixers,E-Commerce,Western Cape,5,58.52,30.9,292.6,138.1,17.92,274.68,73.6,0,A
2024Q1,Coca-Cola,Carbonated Soft Drinks,Wholesale,Gauteng,10,50.51,27.22,505.1,232.9,33.52,471.58,73.5,0,B
2024Q4,Powerade,Sports Drinks,Wholesale,Free State,18,67.24,32.44,1210.32,626.4,69.06,1141.26,67.5,1,C
2024Q4,Sprite,Carbonated Soft Drinks,Petrol & Travel,Gauteng,60,53.9,26.55,3234.0,1641.0,374.76,2859.24,90.4,0,C
2024Q2,Stoney,Carbonated Soft Drinks,Mass Retail,Gauteng,25,56.15,33.48,1403.75,566.75,84.45,1319.3,57.9,0,A
2024Q1,Coca-Cola,Carbonated Soft Drinks,Convenience,Mpumalanga,26,48.89,25.49,1271.14,608.4,137.01,1134.13,72.3,0,C
2024Q1,Sprite,Carbonated Soft Drinks,Mass Retail,Gauteng,85,50.88,31.22,4324.8,1671.1,348.98,3975.82,71.9,1,B
2024Q3,Sprite,Carbonated Soft Drinks,Wholesale,KwaZulu-Natal,76,53.92,26.9,4097.92,2053.52,464.71,3633.21,80.4,0,B
2024Q3,Cappy,Juices & Nectars,Convenience,KwaZulu-Natal,12,67.69,34.55,812.28,397.68,51.1,761.18,65.4,0,C
2024Q4,Sprite,Carbonated Soft Drinks,On-Trade,Western Cape,45,45.38,22.81,2042.1,1015.65,201.92,1840.18,74.7,0,A
2024Q2,Coca-Cola,Carbonated Soft Drinks,Mass Retail,Gauteng,53,52.97,29.61,2807.41,1238.08,298.02,2509.39,66.7,1,A
2024Q3,Bonaqua,Water,Mass Retail,Western Cape,19,38.77,20.44,736.63,348.27,46.51,690.12,76.9,0,A
2024Q2,Coca-Cola,Carbonated Soft Drinks,Mass Retail,KwaZulu-Natal,67,53.4,26.95,3577.8,1772.15,240.89,3336.91,53.9,0,C
2024Q4,Powerade,Sports Drinks,Mass Retail,KwaZulu-Natal,23,58.34,35.31,1341.82,529.69,113.02,1228.8,94.4,0,B
2024Q3,Cappy,Juices & Nectars,Mass Retail,Western Cape,219,60.96,31.23,13350.24,6510.87,1591.92,11758.32,59.8,0,D
2024Q2,Coca-Cola,Carbonated Soft Drinks,E-Commerce,Gauteng,13,47.32,23.4,615.16,310.96,52.16,563.0,58.0,1,A
2024Q2,Coca-Cola,Carbonated Soft Drinks,Mass Retail,Eastern Cape,18,48.64,26.78,875.52,393.48,62.05,813.47,49.0,0,B
2024Q2,Sprite,Carbonated Soft Drinks,Convenience,Gauteng,44,61.56,37.95,2708.64,1038.84,129.83,2578.81,88.5,0,A
2024Q1,Coca-Cola,Carbonated Soft Drinks,Convenience,Western Cape,198,62.55,32.87,12384.9,5876.64,816.96,11567.94,78.5,1,B
2024Q2,Coca-Cola,Carbonated Soft Drinks,Convenience,Western Cape,117,54.63,28.95,6391.71,3004.56,366.81,6024.9,56.3,1,B
2024Q4,Bonaqua,Water,Wholesale,KwaZulu-Natal,32,35.58,17.82,1138.56,568.32,91.45,1047.11,66.2,0,B
2024Q3,Sprite,Carbonated Soft Drinks,Mass Retail,Western Cape,46,57.16,35.34,2629.36,1003.72,152.1,2477.26,92.1,0,A
2024Q4,Coca-Cola,Carbonated Soft Drinks,Petrol & Travel,Mpumalanga,67,52.87,32.35,3542.29,1374.84,347.66,3194.63,63.4,0,B
2024Q1,Coca-Cola,Carbonated Soft Drinks,On-Trade,Gauteng,82,53.68,30.71,4401.76,1883.54,304.76,4097.0,67.1,1,C
2024Q4,Powerade,Sports Drinks,Mass Retail,Western Cape,75,68.61,36.98,5145.75,2372.25,535.21,4610.54,87.6,1,B
2024Q2,Stoney,Carbonated Soft Drinks,Mass Retail,Gauteng,128,55.95,30.16,7161.6,3301.12,598.81,6562.79,76.5,1,B
2024Q2,Cappy,Juices & Nectars,On-Trade,Gauteng,24,66.46,33.29,1595.04,796.08,129.17,1465.87,75.4,1,A
2024Q3,Monster,Energy Drinks,Mass Retail,Gauteng,19,123.06,74.93,2338.14,914.47,166.04,2172.1,52.9,0,D
2024Q1,Monster,Energy Drinks,Convenience,Western Cape,6,121.67,64.46,730.02,343.26,38.01,692.01,63.1,1,C
2024Q2,Fanta,Carbonated Soft Drinks,Mass Retail,Limpopo,71,50.07,29.61,3554.97,1452.66,150.31,3404.66,91.7,0,A
2024Q3,Coca-Cola,Carbonated Soft Drinks,Convenience,Gauteng,53,48.96,25.71,2594.88,1232.25,156.38,2438.5,53.5,0,B
2024Q2,Stoney,Carbonated Soft Drinks,E-Commerce,KwaZulu-Natal,35,59.05,32.24,2066.75,938.35,156.57,1910.18,45.1,0,C
2024Q1,Coca-Cola,Carbonated Soft Drinks,Wholesale,KwaZulu-Natal,3,50.59,29.68,151.77,62.73,6.83,144.94,64.4,0,B
2024Q1,Coca-Cola,Carbonated Soft Drinks,Convenience,Eastern Cape,11,51.34,26.79,564.74,270.05,36.15,528.59,97.6,0,A
2024Q2,Coca-Cola,Carbonated Soft Drinks,Mass Retail,Eastern Cape,51,49.96,26.93,2547.96,1174.53,192.39,2355.57,74.1,0,A
2024Q4,Sprite,Carbonated Soft Drinks,E-Commerce,Gauteng,23,55.76,33.16,1282.48,519.8,71.29,1211.19,60.5,1,C
2024Q1,Sprite,Carbonated Soft Drinks,Mass Retail,Western Cape,47,61.81,36.2,2905.07,1203.67,268.06,2637.01,50.5,0,A
2024Q3,Cappy,Juices & Nectars,Wholesale,Gauteng,7,67.25,34.23,470.75,231.14,51.59,419.16,84.6,0,A
2024Q1,Bonaqua,Water,Mass Retail,KwaZulu-Natal,54,44.63,21.45,2410.02,1251.72,169.72,2240.3,60.4,1,C
2024Q1,Coca-Cola,Carbonated Soft Drinks,Petrol & Travel,Gauteng,86,51.83,26.43,4457.38,2184.4,240.49,4216.89,92.1,0,A
2024Q2,Coca-Cola,Carbonated Soft Drinks,On-Trade,Limpopo,29,55.31,27.75,1603.99,799.24,151.85,1452.14,87.2,1,B
2024Q4,Schweppes,Mixers,E-Commerce,Limpopo,16,55.27,29.57,884.32,411.2,50.98,833.34,71.2,0,A
2024Q1,Schweppes,Mixers,E-Commerce,Western Cape,17,66.13,32.84,1124.21,565.93,131.05,993.16,59.3,1,B
2024Q1,Fanta,Carbonated Soft Drinks,Convenience,Western Cape,88,52.69,32.55,4636.72,1772.32,544.97,4091.75,93.4,0,B
2024Q2,Cappy,Juices & Nectars,Petrol & Travel,Eastern Cape,42,60.51,29.19,2541.42,1315.44,141.56,2399.86,45.1,1,A
2024Q3,Stoney,Carbonated Soft Drinks,Petrol & Travel,KwaZulu-Natal,4,56.95,30.28,227.8,106.68,24.26,203.54,80.8,0,C
2024Q2,Fanta,Carbonated Soft Drinks,E-Commerce,KwaZulu-Natal,8,48.42,24.07,387.36,194.8,36.32,351.04,89.6,1,A
2024Q4,Schweppes,Mixers,Convenience,Gauteng,35,62.14,31.08,2174.9,1087.1,198.85,1976.05,72.6,1,B
2024Q3,Fanta,Carbonated Soft Drinks,Convenience,KwaZulu-Natal,96,48.15,26.86,4622.4,2043.84,289.19,4333.21,94.2,1,C
2024Q3,Coca-Cola,Carbonated Soft Drinks,Convenience,KwaZulu-Natal,18,46.67,28.25,840.06,331.56,67.72,772.34,81.2,0,D
2024Q3,Monster,Energy Drinks,E-Commerce,Northern Cape,20,115.55,68.22,2311.0,946.6,230.79,2080.21,57.3,0,B
2024Q4,Bonaqua,Water,Convenience,Gauteng,15,42.94,21.86,644.1,316.2,62.01,582.09,91.7,1,C
2024Q3,Powerade,Sports Drinks,Wholesale,Gauteng,182,61.62,35.41,11214.84,4770.22,1342.37,9872.47,81.2,0,B
2024Q3,Monster,Energy Drinks,Convenience,Limpopo,36,104.29,55.3,3754.44,1763.64,179.22,3575.22,61.2,0,B
2024Q2,Schweppes,Mixers,On-Trade,Western Cape,7,59.0,33.83,413.0,176.19,34.67,378.33,94.1,1,B
2024Q4,Cappy,Juices & Nectars,Petrol & Travel,Free State,10,66.14,36.72,661.4,294.2,71.62,589.78,93.3,0,C
2024Q1,Cappy,Juices & Nectars,Mass Retail,KwaZulu-Natal,20,71.41,34.34,1428.2,741.4,154.84,1273.36,51.3,1,C
2024Q2,Coca-Cola,Carbonated Soft Drinks,On-Trade,North West,12,45.7,22.43,548.4,279.24,57.66,490.74,66.5,0,B
2024Q1,Coca-Cola,Carbonated Soft Drinks,On-Trade,KwaZulu-Natal,35,44.81,26.32,1568.35,647.15,176.43,1391.92,96.4,0,C
2024Q2,Coca-Cola,Carbonated Soft Drinks,Convenience,Gauteng,38,50.8,30.39,1930.4,775.58,217.02,1713.38,73.8,0,D
2024Q1,Fanta,Carbonated Soft Drinks,Convenience,Gauteng,61,54.34,31.0,3314.74,1423.74,277.79,3036.95,70.4,0,B
2024Q4,Monster,Energy Drinks,On-Trade,KwaZulu-Natal,19,108.86,63.91,2068.34,854.05,118.11,1950.23,73.2,1,B
2024Q3,Sprite,Carbonated Soft Drinks,Convenience,Gauteng,51,56.04,32.57,2858.04,1196.97,163.37,2694.67,96.5,0,C
2024Q1,Sprite,Carbonated Soft Drinks,On-Trade,Western Cape,30,42.64,26.38,1279.2,487.8,58.22,1220.98,81.9,0,A
2024Q4,Coca-Cola,Carbonated Soft Drinks,On-Trade,Eastern Cape,108,54.21,27.85,5854.68,2846.88,590.87,5263.81,88.9,0,B
2024Q3,Coca-Cola,Carbonated Soft Drinks,Convenience,Gauteng,46,52.29,31.3,2405.34,965.54,181.81,2223.53,80.2,0,D
2024Q1,Sprite,Carbonated Soft Drinks,On-Trade,KwaZulu-Natal,34,53.79,33.23,1828.86,699.04,211.74,1617.12,89.1,1,D
2024Q1,Cappy,Juices & Nectars,Mass Retail,Western Cape,57,60.97,36.58,3475.29,1390.23,170.24,3305.05,93.6,0,D
2024Q4,Sprite,Carbonated Soft Drinks,Mass Retail,Mpumalanga,16,48.94,25.88,783.04,368.96,78.87,704.17,64.0,0,C
2024Q3,Cappy,Juices & Nectars,E-Commerce,KwaZulu-Natal,336,69.22,38.84,23257.92,10207.68,1626.58,21631.34,53.8,1,A
2024Q3,Fanta,Carbonated Soft Drinks,Mass Retail,Western Cape,24,49.24,27.93,1181.76,511.44,54.39,1127.37,48.7,0,C
2024Q3,Stoney,Carbonated Soft Drinks,Convenience,Western Cape,22,60.15,32.75,1323.3,602.8,99.06,1224.24,74.0,0,B
2024Q4,Fanta,Carbonated Soft Drinks,E-Commerce,Western Cape,21,43.25,25.56,908.25,371.49,103.36,804.89,92.2,0,B
2024Q2,Sprite,Carbonated Soft Drinks,Petrol & Travel,Western Cape,273,63.75,38.35,17403.75,6934.2,1865.6,15538.15,61.5,1,B
2024Q3,Powerade,Sports Drinks,Wholesale,KwaZulu-Natal,10,62.89,38.56,628.9,243.3,38.53,590.37,54.6,0,C
2024Q4,Coca-Cola,Carbonated Soft Drinks,Convenience,Western Cape,27,50.49,27.34,1363.23,625.05,119.43,1243.8,62.4,0,C
2024Q1,Coca-Cola,Carbonated Soft Drinks,Mass Retail,Gauteng,43,46.44,24.94,1996.92,924.5,215.55,1781.37,67.0,0,B
2024Q1,Coca-Cola,Carbonated Soft Drinks,Convenience,Gauteng,15,53.02,26.61,795.3,396.15,82.09,713.21,59.5,0,A
2024Q4,Cappy,Juices & Nectars,Mass Retail,Gauteng,3,68.37,41.38,205.11,80.97,8.37,196.74,79.6,0,D
2024Q1,Fanta,Carbonated Soft Drinks,Mass Retail,Gauteng,11,47.86,24.58,526.46,256.08,54.77,471.69,48.5,0,A
2024Q2,Coca-Cola,Carbonated Soft Drinks,E-Commerce,Western Cape,13,48.29,26.6,627.77,281.97,70.2,557.57,77.8,0,A
2024Q4,Schweppes,Mixers,Convenience,Western Cape,119,61.09,33.02,7269.71,3340.33,829.32,6440.39,71.6,0,B
2024Q2,Coca-Cola,Carbonated Soft Drinks,E-Commerce,Gauteng,6,53.14,27.23,318.84,155.46,14.64,304.2,83.1,0,A
2024Q4,Fanta,Carbonated Soft Drinks,Mass Retail,KwaZulu-Natal,59,49.28,27.56,2907.52,1281.48,138.88,2768.64,87.4,1,B
2024Q4,Fanta,Carbonated Soft Drinks,Mass Retail,KwaZulu-Natal,51,61.8,31.72,3151.8,1534.08,155.26,2996.54,56.2,1,B
2024Q1,Schweppes,Mixers,Mass Retail,Eastern Cape,75,56.07,31.22,4205.25,1863.75,392.46,3812.79,53.3,1,B
2024Q2,Fanta,Carbonated Soft Drinks,Mass Retail,Gauteng,76,50.16,24.38,3812.16,1959.28,307.08,3505.08,47.7,0,A
2024Q1,Schweppes,Mixers,Convenience,Western Cape,98,60.63,30.28,5941.74,2974.3,316.85,5624.89,69.9,0,C
2024Q4,Fanta,Carbonated Soft Drinks,Mass Retail,Eastern Cape,15,42.43,22.94,636.45,292.35,29.57,606.88,86.0,1,B
2024Q4,Cappy,Juices & Nectars,On-Trade,Gauteng,27,76.88,43.49,2075.76,901.53,91.99,1983.77,92.2,1,C
2024Q1,Sprite,Carbonated Soft Drinks,Convenience,Free State,77,58.06,32.26,4470.62,1986.6,299.47,4171.15,96.8,1,B
2024Q2,Coca-Cola,Carbonated Soft Drinks,Wholesale,KwaZulu-Natal,14,50.73,24.37,710.22,369.04,43.2,667.02,49.6,0,B
2024Q1,Coca-Cola,Carbonated Soft Drinks,Mass Retail,Western Cape,57,47.36,25.38,2699.52,1252.86,287.63,2411.89,71.8,0,A
2024Q2,Coca-Cola,Carbonated Soft Drinks,Convenience,Limpopo,129,57.01,29.2,7354.29,3587.49,513.79,6840.5,47.7,0,C
2024Q1,Sprite,Carbonated Soft Drinks,Mass Retail,Gauteng,117,54.28,27.62,6350.76,3119.22,475.96,5874.8,54.6,0,C
2024Q4,Coca-Cola,Carbonated Soft Drinks,On-Trade,Limpopo,47,54.44,33.33,2558.68,992.17,301.25,2257.43,85.9,0,B
2024Q2,Powerade,Sports Drinks,Mass Retail,KwaZulu-Natal,26,59.49,36.83,1546.74,589.16,112.93,1433.81,55.6,0,A
2024Q4,Coca-Cola,Carbonated Soft Drinks,Convenience,Limpopo,114,48.18,28.44,5492.52,2250.36,590.18,4902.34,88.5,0,D
2024Q4,Cappy,Juices & Nectars,Convenience,Western Cape,15,75.91,43.53,1138.65,485.7,121.77,1016.88,63.6,0,B
2024Q3,Coca-Cola,Carbonated Soft Drinks,E-Commerce,KwaZulu-Natal,56,43.68,21.29,2446.08,1253.84,250.28,2195.8,52.4,1,B
2024Q3,Coca-Cola,Carbonated Soft Drinks,E-Commerce,Gauteng,43,46.48,24.17,1998.64,959.33,138.8,1859.84,94.4,0,A
2024Q2,Sprite,Carbonated Soft Drinks,E-Commerce,Western Cape,40,60.31,36.26,2412.4,962.0,246.75,2165.65,95.5,1,B
2024Q1,Monster,Energy Drinks,Mass Retail,Mpumalanga,37,117.2,63.25,4336.4,1996.15,351.32,3985.08,89.0,0,A
2024Q4,Fanta,Carbonated Soft Drinks,Mass Retail,KwaZulu-Natal,68,53.25,27.95,3621.0,1720.4,280.13,3340.87,91.9,0,B
2024Q2,Bonaqua,Water,On-Trade,Gauteng,23,40.99,19.9,942.77,485.07,47.55,895.22,75.8,0,C
2024Q3,Monster,Energy Drinks,On-Trade,Western Cape,37,114.1,59.46,4221.7,2021.68,223.41,3998.29,90.0,0,A
2024Q1,Coca-Cola,Carbonated Soft Drinks,Convenience,KwaZulu-Natal,63,60.05,29.73,3783.15,1910.16,168.59,3614.56,65.0,0,A
2024Q4,Stoney,Carbonated Soft Drinks,Mass Retail,Gauteng,79,66.58,40.99,5259.82,2021.61,571.47,4688.35,71.3,0,B
2024Q4,Coca-Cola,Carbonated Soft Drinks,Mass Retail,Northern Cape,18,53.42,33.12,961.56,365.4,78.37,883.19,93.2,0,B
2024Q3,Bonaqua,Water,On-Trade,Western Cape,16,40.99,22.97,655.84,288.32,57.59,598.25,86.8,1,C
2024Q2,Coca-Cola,Carbonated Soft Drinks,Mass Retail,Western Cape,63,51.75,32.02,3260.25,1242.99,180.33,3079.92,91.1,1,A
2024Q3,Coca-Cola,Carbonated Soft Drinks,Mass Retail,Gauteng,22,55.18,33.9,1213.96,468.16,116.1,1097.86,66.2,0,C
2024Q2,Schweppes,Mixers,On-Trade,Gauteng,60,52.29,31.66,3137.4,1237.8,314.98,2822.42,89.2,0,B
2024Q4,Coca-Cola,Carbonated Soft Drinks,E-Commerce,Gauteng,54,49.43,25.96,2669.22,1267.38,319.41,2349.81,65.0,0,A
2024Q1,Coca-Cola,Carbonated Soft Drinks,Mass Retail,Western Cape,59,47.02,23.29,2774.18,1400.07,322.59,2451.59,60.6,0,D
2024Q3,Cappy,Juices & Nectars,Wholesale,Free State,7,60.72,31.47,425.04,204.75,18.39,406.65,60.9,0,B
2024Q2,Coca-Cola,Carbonated Soft Drinks,On-Trade,Western Cape,8,49.89,26.08,399.12,190.48,33.67,365.45,61.0,0,D
2024Q3,Fanta,Carbonated Soft Drinks,Petrol & Travel,Gauteng,24,48.41,26.27,1161.84,531.36,50.32,1111.52,70.3,0,A
2024Q1,Coca-Cola,Carbonated Soft Drinks,Mass Retail,Gauteng,20,53.93,26.47,1078.6,549.2,97.57,981.03,45.5,0,C
2024Q1,Coca-Cola,Carbonated Soft Drinks,Mass Retail,Gauteng,34,48.89,28.53,1662.26,692.24,98.67,1563.59,50.5,1,B
2024Q3,Sprite,Carbonated Soft Drinks,Convenience,Gauteng,47,58.78,29.84,2762.66,1360.18,268.78,2493.88,82.6,0,B
2024Q3,Schweppes,Mixers,Mass Retail,Eastern Cape,73,55.97,30.36,4085.81,1869.53,456.88,3628.93,49.9,1,B
2024Q3,Coca-Cola,Carbonated Soft Drinks,On-Trade,Western Cape,42,53.45,27.94,2244.9,1071.42,196.98,2047.92,65.3,1,C
2024Q1,Coca-Cola,Carbonated Soft Drinks,Convenience,Northern Cape,9,54.82,27.42,493.38,246.6,56.88,436.5,51.4,0,B
2024Q1,Sprite,Carbonated Soft Drinks,E-Commerce,Gauteng,44,49.13,27.08,2161.72,970.2,176.57,1985.15,74.4,0,B
2024Q2,Schweppes,Mixers,On-Trade,Eastern Cape,20,51.33,25.28,1026.6,521.0,77.66,948.94,87.6,1,B
2024Q2,Stoney,Carbonated Soft Drinks,Mass Retail,Free State,17,52.9,26.16,899.3,454.58,90.82,808.48,86.7,0,A
2024Q1,Cappy,Juices & Nectars,Wholesale,KwaZulu-Natal,39,81.08,41.9,3162.12,1528.02,292.22,2869.9,68.6,0,C
2024Q1,Coca-Cola,Carbonated Soft Drinks,On-Trade,KwaZulu-Natal,11,46.11,27.64,507.21,203.17,49.87,457.34,82.3,1,B
2024Q3,Coca-Cola,Carbonated Soft Drinks,E-Commerce,Gauteng,41,57.0,30.93,2337.0,1068.87,255.28,2081.72,65.9,0,C
2024Q1,Sprite,Carbonated Soft Drinks,On-Trade,Gauteng,224,51.48,25.0,11531.52,5931.52,886.65,10644.87,74.5,0,B
2024Q1,Coca-Cola,Carbonated Soft Drinks,Mass Retail,Gauteng,22,55.56,33.55,1222.32,484.22,88.35,1133.97,81.8,1,C
2024Q1,Cappy,Juices & Nectars,Mass Retail,Western Cape,54,63.0,30.35,3402.0,1763.1,399.67,3002.33,55.1,0,A
2024Q3,Schweppes,Mixers,Convenience,Gauteng,300,60.46,29.73,18138.0,9219.0,1255.47,16882.53,53.3,0,B
2024Q4,Powerade,Sports Drinks,Convenience,Western Cape,137,69.75,42.06,9555.75,3793.53,740.13,8815.62,57.4,0,B
2024Q4,Coca-Cola,Carbonated Soft Drinks,Mass Retail,KwaZulu-Natal,29,52.55,29.84,1523.95,658.59,62.55,1461.4,58.0,0,A
2024Q4,Cappy,Juices & Nectars,Mass Retail,KwaZulu-Natal,22,50.37,28.84,1108.14,473.66,65.12,1043.02,59.9,0,C
2024Q4,Coca-Cola,Carbonated Soft Drinks,On-Trade,Gauteng,25,52.13,29.91,1303.25,555.5,116.78,1186.47,49.2,0,B
2024Q3,Coca-Cola,Carbonated Soft Drinks,On-Trade,Gauteng,10,52.47,29.29,524.7,231.8,45.98,478.72,93.8,0,A
2024Q1,Coca-Cola,Carbonated Soft Drinks,Mass Retail,KwaZulu-Natal,19,50.54,30.3,960.26,384.56,103.41,856.85,54.3,1,A
2024Q1,Coca-Cola,Carbonated Soft Drinks,Mass Retail,Gauteng,74,56.03,28.28,4146.22,2053.5,387.49,3758.73,59.8,1,B
2024Q2,Cappy,Juices & Nectars,Convenience,Gauteng,39,56.02,33.2,2184.78,889.98,174.55,2010.23,60.8,0,B
2024Q2,Fanta,Carbonated Soft Drinks,Wholesale,Northern Cape,18,53.27,27.05,958.86,471.96,105.45,853.41,74.6,1,A
2024Q2,Stoney,Carbonated Soft Drinks,E-Commerce,Gauteng,25,63.41,33.47,1585.25,748.5,144.99,1440.26,80.0,0,D
2024Q2,Sprite,Carbonated Soft Drinks,Mass Retail,Gauteng,37,50.36,28.58,1863.32,805.86,202.76,1660.56,70.7,0,A
2024Q3,Coca-Cola,Carbonated Soft Drinks,Mass Retail,Free State,80,45.99,27.97,3679.2,1441.6,385.73,3293.47,78.8,0,A
2024Q4,Fanta,Carbonated Soft Drinks,Convenience,Gauteng,119,54.49,27.28,6484.31,3237.99,503.27,5981.04,61.0,0,B
2024Q2,Coca-Cola,Carbonated Soft Drinks,E-Commerce,KwaZulu-Natal,15,53.8,25.95,807.0,417.75,57.91,749.09,62.1,0,C
2024Q4,Schweppes,Mixers,On-Trade,KwaZulu-Natal,38,59.08,31.07,2245.04,1064.38,122.0,2123.04,77.8,0,B
2024Q4,Bonaqua,Water,Convenience,Western Cape,10,40.12,19.42,401.2,207.0,24.57,376.63,69.2,0,B
2024Q4,Powerade,Sports Drinks,On-Trade,Mpumalanga,26,73.32,43.37,1906.32,778.7,227.74,1678.58,83.0,0,B
2024Q2,Coca-Cola,Carbonated Soft Drinks,Mass Retail,KwaZulu-Natal,26,54.78,26.38,1424.28,738.4,169.43,1254.85,71.0,0,C
2024Q2,Monster,Energy Drinks,Mass Retail,Gauteng,23,122.07,67.84,2807.61,1247.29,233.57,2574.04,56.7,1,C
2024Q4,Powerplay,Energy Drinks,Convenience,Gauteng,14,109.49,57.86,1532.86,722.82,84.13,1448.73,82.5,0,D
2024Q2,Coca-Cola,Carbonated Soft Drinks,E-Commerce,Free State,7,58.56,36.28,409.92,155.96,17.09,392.83,61.1,1,B
2024Q4,Coca-Cola,Carbonated Soft Drinks,Mass Retail,Limpopo,12,49.27,25.47,591.24,285.6,35.84,555.4,71.8,0,C
2024Q2,Schweppes,Mixers,Convenience,KwaZulu-Natal,39,67.63,34.2,2637.57,1303.77,276.43,2361.14,70.0,1,B
2024Q2,Monster,Energy Drinks,E-Commerce,North West,47,106.66,61.69,5013.02,2113.59,403.66,4609.36,61.2,0,B
2024Q1,Coca-Cola,Carbonated Soft Drinks,Mass Retail,KwaZulu-Natal,66,53.33,29.75,3519.78,1556.28,218.71,3301.07,47.3,1,C
2024Q4,Coca-Cola,Carbonated Soft Drinks,Wholesale,KwaZulu-Natal,14,53.86,29.48,754.04,341.32,72.32,681.72,61.3,0,B
2024Q4,Powerade,Sports Drinks,On-Trade,Eastern Cape,9,78.31,47.43,704.79,277.92,67.21,637.58,64.1,0,B
2024Q1,Sprite,Carbonated Soft Drinks,Mass Retail,Limpopo,64,58.35,33.24,3734.4,1607.04,262.71,3471.69,63.5,0,B
2024Q4,Schweppes,Mixers,Mass Retail,Mpumalanga,38,56.28,29.93,2138.64,1001.3,193.4,1945.24,71.5,0,C
2024Q2,Coca-Cola,Carbonated Soft Drinks,Convenience,KwaZulu-Natal,59,57.8,29.77,3410.2,1653.77,156.66,3253.54,89.5,0,A
2024Q2,Coca-Cola,Carbonated Soft Drinks,Convenience,KwaZulu-Natal,22,48.34,25.11,1063.48,511.06,122.3,941.18,55.9,1,C
2024Q4,Schweppes,Mixers,Mass Retail,Gauteng,52,53.68,32.44,2791.36,1104.48,199.5,2591.86,52.2,0,C
2024Q1,Coca-Cola,Carbonated Soft Drinks,E-Commerce,Northern Cape,32,53.84,28.06,1722.88,824.96,175.01,1547.87,54.6,1,B
2024Q3,Sprite,Carbonated Soft Drinks,On-Trade,KwaZulu-Natal,19,57.16,28.18,1086.04,550.62,116.67,969.37,87.5,0,B
2024Q4,Schweppes,Mixers,On-Trade,Eastern Cape,30,50.89,28.72,1526.7,665.1,174.92,1351.78,54.0,0,A
2024Q4,Coca-Cola,Carbonated Soft Drinks,Convenience,Western Cape,28,47.05,23.9,1317.4,648.2,140.82,1176.58,58.5,0,A
2024Q3,Coca-Cola,Carbonated Soft Drinks,Convenience,Gauteng,75,50.95,29.86,3821.25,1581.75,170.45,3650.8,48.6,0,D
2024Q3,Sprite,Carbonated Soft Drinks,On-Trade,Free State,8,53.01,31.33,424.08,173.44,21.33,402.75,96.6,1,C
2024Q3,Coca-Cola,Carbonated Soft Drinks,Mass Retail,Mpumalanga,24,49.03,27.03,1176.72,528.0,67.42,1109.3,84.0,0,B
2024Q1,Coca-Cola,Carbonated Soft Drinks,E-Commerce,Gauteng,37,54.36,32.23,2011.32,818.81,99.94,1911.38,59.2,0,C
2024Q4,Schweppes,Mixers,Convenience,Gauteng,33,59.95,28.84,1978.35,1026.63,139.31,1839.04,45.4,1,A
2024Q1,Stoney,Carbonated Soft Drinks,Mass Retail,Eastern Cape,6,57.28,27.76,343.68,177.12,16.95,326.73,74.2,0,A
2024Q2,Sprite,Carbonated Soft Drinks,Mass Retail,Gauteng,113,52.56,26.43,5939.28,2952.69,295.57,5643.71,89.5,0,D
2024Q3,Cappy,Juices & Nectars,Convenience,Western Cape,54,66.35,35.79,3582.9,1650.24,144.32,3438.58,94.7,1,C
2024Q3,Coca-Cola,Carbonated Soft Drinks,Wholesale,Eastern Cape,12,56.84,31.03,682.08,309.72,57.15,624.93,66.6,0,A
2024Q2,Coca-Cola,Carbonated Soft Drinks,Wholesale,Mpumalanga,25,53.14,26.1,1328.5,676.0,154.73,1173.77,70.9,1,A
2024Q4,Coca-Cola,Carbonated Soft Drinks,Wholesale,Western Cape,9,54.0,29.43,486.0,221.13,43.73,442.27,91.1,1,C
2024Q2,Bonaqua,Water,Petrol & Travel,Gauteng,28,40.0,19.74,1120.0,567.28,129.54,990.46,94.6,0,A
2024Q4,Cappy,Juices & Nectars,Mass Retail,Western Cape,72,69.03,33.7,4970.16,2543.76,246.32,4723.84,61.8,0,A
2024Q2,Cappy,Juices & Nectars,Convenience,KwaZulu-Natal,46,48.85,25.02,2247.1,1096.18,206.44,2040.66,92.1,0,B
2024Q3,Monster,Energy Drinks,On-Trade,Eastern Cape,9,120.82,71.4,1087.38,444.78,84.81,1002.57,63.0,0,C
2024Q4,Bonaqua,Water,Mass Retail,Mpumalanga,32,42.29,21.61,1353.28,661.76,126.09,1227.19,69.0,1,C
2024Q4,Bonaqua,Water,Convenience,Eastern Cape,50,41.89,22.69,2094.5,960.0,210.0,1884.5,75.8,0,C
2024Q2,Coca-Cola,Carbonated Soft Drinks,Mass Retail,KwaZulu-Natal,38,53.2,31.1,2021.6,839.8,186.03,1835.57,90.2,0,A
2024Q4,Powerade,Sports Drinks,Wholesale,Northern Cape,51,63.89,38.89,3258.39,1275.0,219.32,3039.07,86.5,1,A
2024Q3,Coca-Cola,Carbonated Soft Drinks,E-Commerce,Eastern Cape,37,53.61,30.01,1983.57,873.2,203.1,1780.47,88.1,0,C
2024Q1,Fanta,Carbonated Soft Drinks,Mass Retail,Free State,35,49.71,30.44,1739.85,674.45,112.42,1627.43,45.5,0,A
2024Q2,Bonaqua,Water,Mass Retail,Free State,98,38.41,18.69,3764.18,1932.56,214.6,3549.58,92.4,1,C
2024Q1,Coca-Cola,Carbonated Soft Drinks,Petrol & Travel,KwaZulu-Natal,19,57.37,32.86,1090.03,465.69,50.04,1039.99,60.2,0,D
2024Q3,Coca-Cola,Carbonated Soft Drinks,Convenience,Gauteng,38,56.66,27.56,2153.08,1105.8,224.24,1928.84,47.9,0,A
2024Q4,Coca-Cola,Carbonated Soft Drinks,Mass Retail,Western Cape,31,45.86,22.48,1421.66,724.78,120.75,1300.91,71.4,0,A
2024Q2,Schweppes,Mixers,Convenience,Western Cape,50,62.74,35.14,3137.0,1380.0,299.88,2837.12,52.6,0,A
2024Q1,Coca-Cola,Carbonated Soft Drinks,On-Trade,KwaZulu-Natal,69,46.68,26.37,3220.92,1401.39,292.88,2928.04,91.6,0,A
2024Q3,Coca-Cola,Carbonated Soft Drinks,Mass Retail,Gauteng,52,58.14,28.53,3023.28,1539.72,221.1,2802.18,89.4,0,C
2024Q2,Coca-Cola,Carbonated Soft Drinks,On-Trade,Gauteng,7,39.55,22.41,276.85,119.98,30.65,246.2,54.2,0,A
2024Q1,Sprite,Carbonated Soft Drinks,Mass Retail,Gauteng,8,52.56,32.0,420.48,164.48,17.09,403.39,51.5,0,B
2024Q1,Sprite,Carbonated Soft Drinks,Mass Retail,KwaZulu-Natal,68,51.14,30.51,3477.52,1402.84,209.94,3267.58,55.2,1,A
2024Q4,Coca-Cola,Carbonated Soft Drinks,Convenience,North West,19,48.57,29.22,922.83,367.65,93.76,829.07,45.1,0,B
2024Q2,Coca-Cola,Carbonated Soft Drinks,On-Trade,Eastern Cape,39,49.46,24.79,1928.94,962.13,86.77,1842.17,85.3,0,C
2024Q4,Coca-Cola,Carbonated Soft Drinks,Mass Retail,North West,10,59.87,29.3,598.7,305.7,59.37,539.33,88.5,1,C
2024Q4,Powerade,Sports Drinks,Convenience,KwaZulu-Natal,71,56.28,31.78,3995.88,1739.5,344.65,3651.23,81.7,0,B
2024Q4,Cappy,Juices & Nectars,On-Trade,Free State,79,55.61,32.14,4393.19,1854.13,383.94,4009.25,65.5,0,C
2024Q4,Powerplay,Energy Drinks,E-Commerce,Western Cape,74,124.05,63.11,9179.7,4509.56,738.77,8440.93,91.9,0,C
2024Q4,Bonaqua,Water,Wholesale,Gauteng,64,43.79,21.96,2802.56,1397.12,215.12,2587.44,50.9,0,B
2024Q1,Coca-Cola,Carbonated Soft Drinks,E-Commerce,KwaZulu-Natal,72,48.82,29.0,3515.04,1427.04,391.57,3123.47,85.0,0,B
2024Q2,Fanta,Carbonated Soft Drinks,On-Trade,KwaZulu-Natal,8,53.68,27.1,429.44,212.64,21.67,407.77,54.6,0,A
2024Q1,Fanta,Carbonated Soft Drinks,Mass Retail,Gauteng,49,46.96,23.75,2301.04,1137.29,271.58,2029.46,64.4,0,B
2024Q1,Coca-Cola,Carbonated Soft Drinks,E-Commerce,Western Cape,88,50.48,25.77,4442.24,2174.48,473.02,3969.22,79.8,1,B
2024Q1,Cappy,Juices & Nectars,E-Commerce,Gauteng,43,65.59,32.67,2820.37,1415.56,251.88,2568.49,81.7,0,B
2024Q4,Powerplay,Energy Drinks,Mass Retail,North West,60,105.24,61.86,6314.4,2602.8,510.31,5804.09,77.0,0,C
2024Q1,Stoney,Carbonated Soft Drinks,Mass Retail,KwaZulu-Natal,17,55.51,34.27,943.67,361.08,55.61,888.06,95.5,0,B
2024Q2,Sprite,Carbonated Soft Drinks,Mass Retail,Western Cape,29,53.64,29.32,1555.56,705.28,165.9,1389.66,62.4,0,D
2024Q2,Coca-Cola,Carbonated Soft Drinks,Petrol & Travel,KwaZulu-Natal,40,64.52,31.49,2580.8,1321.2,121.35,2459.45,65.2,1,C
2024Q3,Stoney,Carbonated Soft Drinks,Mass Retail,Mpumalanga,226,57.35,33.08,12961.1,5485.02,1085.07,11876.03,65.1,1,B
2024Q3,Cappy,Juices & Nectars,On-Trade,Western Cape,22,58.74,35.79,1292.28,504.9,72.64,1219.64,66.9,0,B
2024Q4,Bonaqua,Water,Mass Retail,Gauteng,16,38.95,21.69,623.2,276.16,69.74,553.46,81.5,1,C
2024Q1,Coca-Cola,Carbonated Soft Drinks,Petrol & Travel,Eastern Cape,63,51.92,30.27,3270.96,1363.95,390.77,2880.19,91.2,0,C
2024Q1,Coca-Cola,Carbonated Soft Drinks,On-Trade,Gauteng,28,58.72,30.1,1644.16,801.36,97.47,1546.69,66.1,1,C
2024Q3,Coca-Cola,Carbonated Soft Drinks,On-Trade,Western Cape,33,46.51,28.54,1534.83,593.01,132.33,1402.5,66.7,1,C
2024Q1,Schweppes,Mixers,Mass Retail,North West,52,52.34,31.34,2721.68,1092.0,195.71,2525.97,74.2,0,B
2024Q4,Bonaqua,Water,Convenience,KwaZulu-Natal,28,38.77,22.57,1085.56,453.6,102.88,982.68,47.8,1,B
2024Q2,Stoney,Carbonated Soft Drinks,Convenience,Western Cape,13,64.01,38.02,832.13,337.87,35.25,796.88,55.1,0,B
2024Q1,Powerplay,Energy Drinks,Mass Retail,Northern Cape,29,117.07,69.68,3395.03,1374.31,367.61,3027.42,66.2,0,C
2024Q1,Coca-Cola,Carbonated Soft Drinks,Mass Retail,Eastern Cape,43,53.97,33.04,2320.71,899.99,170.77,2149.94,86.5,1,D
2024Q1,Coca-Cola,Carbonated Soft Drinks,E-Commerce,Gauteng,65,54.93,31.88,3570.45,1498.25,385.56,3184.89,66.9,0,D
2024Q4,Cappy,Juices & Nectars,Mass Retail,Gauteng,65,77.43,39.31,5032.95,2477.8,299.35,4733.6,63.2,0,B
2024Q3,Sprite,Carbonated Soft Drinks,On-Trade,Mpumalanga,19,56.12,32.91,1066.28,440.99,65.06,1001.22,80.6,1,A
2024Q4,Powerplay,Energy Drinks,Petrol & Travel,Northern Cape,41,122.91,60.48,5039.31,2559.63,212.38,4826.93,64.2,0,B
2024Q2,Coca-Cola,Carbonated Soft Drinks,Convenience,North West,12,55.51,27.25,666.12,339.12,75.42,590.7,60.9,1,D
2024Q4,Coca-Cola,Carbonated Soft Drinks,Mass Retail,Free State,14,54.85,29.98,767.9,348.18,33.81,734.09,97.6,0,A
2024Q1,Coca-Cola,Carbonated Soft Drinks,Convenience,Western Cape,56,51.01,26.84,2856.56,1353.52,212.99,2643.57,49.1,0,C
2024Q1,Powerade,Sports Drinks,Convenience,Western Cape,35,66.58,36.98,2330.3,1036.0,104.66,2225.64,45.1,0,A
2024Q3,Coca-Cola,Carbonated Soft Drinks,Convenience,Gauteng,65,56.65,30.67,3682.25,1688.7,217.58,3464.67,81.0,0,C
2024Q2,Coca-Cola,Carbonated Soft Drinks,E-Commerce,Western Cape,17,57.76,35.71,981.92,374.85,44.54,937.38,49.2,0,B
2024Q4,Sprite,Carbonated Soft Drinks,Convenience,Western Cape,11,60.46,35.47,665.06,274.89,50.69,614.37,46.1,0,C
2024Q2,Coca-Cola,Carbonated Soft Drinks,E-Commerce,KwaZulu-Natal,22,50.73,25.95,1116.06,545.16,87.16,1028.9,47.6,0,B
2024Q1,Coca-Cola,Carbonated Soft Drinks,E-Commerce,Gauteng,8,54.15,31.2,433.2,183.6,45.2,388.0,77.5,1,C
2024Q2,Sprite,Carbonated Soft Drinks,On-Trade,Eastern Cape,14,57.18,35.38,800.52,305.2,87.72,712.8,77.2,0,B
2024Q3,Monster,Energy Drinks,Mass Retail,Western Cape,107,109.8,62.64,11748.6,5046.12,496.87,11251.73,95.3,0,C
2024Q1,Coca-Cola,Carbonated Soft Drinks,Wholesale,KwaZulu-Natal,11,50.35,25.44,553.85,274.01,28.57,525.28,56.7,0,A
2024Q2,Sprite,Carbonated Soft Drinks,Petrol & Travel,Gauteng,13,60.38,33.62,784.94,347.88,52.83,732.11,81.9,0,A
2024Q3,Coca-Cola,Carbonated Soft Drinks,Convenience,Western Cape,24,52.69,28.81,1264.56,573.12,128.52,1136.04,73.7,0,A
2024Q1,Cappy,Juices & Nectars,Mass Retail,Western Cape,30,65.61,33.52,1968.3,962.7,199.6,1768.7,72.8,1,C
2024Q4,Sprite,Carbonated Soft Drinks,Mass Retail,Gauteng,38,47.29,29.29,1797.02,684.0,124.25,1672.77,53.3,0,B
2024Q4,Stoney,Carbonated Soft Drinks,Mass Retail,Limpopo,54,51.05,27.84,2756.7,1253.34,262.33,2494.37,93.5,1,B
2024Q3,Powerade,Sports Drinks,E-Commerce,Eastern Cape,16,65.9,39.21,1054.4,427.04,101.31,953.09,56.3,0,A
2024Q2,Coca-Cola,Carbonated Soft Drinks,Mass Retail,KwaZulu-Natal,12,53.21,30.87,638.52,268.08,60.78,577.74,92.0,0,A
2024Q1,Coca-Cola,Carbonated Soft Drinks,Mass Retail,Gauteng,152,56.98,29.53,8660.96,4172.4,872.06,7788.9,80.1,0,A
2024Q1,Monster,Energy Drinks,Wholesale,KwaZulu-Natal,55,122.35,61.48,6729.25,3347.85,763.98,5965.27,64.5,0,B
2024Q2,Sprite,Carbonated Soft Drinks,Mass Retail,Western Cape,14,54.06,32.65,756.84,299.74,78.41,678.43,86.7,1,A
2024Q3,Coca-Cola,Carbonated Soft Drinks,Wholesale,Gauteng,40,56.02,30.58,2240.8,1017.6,253.33,1987.47,80.3,1,B
2024Q2,Schweppes,Mixers,Convenience,Mpumalanga,199,58.81,35.63,11703.19,4612.82,730.18,10973.01,87.1,0,C
2024Q2,Sprite,Carbonated Soft Drinks,Mass Retail,Gauteng,99,57.08,31.83,5650.92,2499.75,593.73,5057.19,78.0,0,B
2024Q3,Sprite,Carbonated Soft Drinks,Mass Retail,Western Cape,69,58.87,32.73,4062.03,1803.66,354.26,3707.77,77.6,1,C
2024Q2,Schweppes,Mixers,On-Trade,Gauteng,26,66.81,37.7,1737.06,756.86,147.74,1589.32,85.4,0,B
2024Q3,Stoney,Carbonated Soft Drinks,Convenience,Limpopo,11,52.06,30.55,572.66,236.61,42.66,530.0,54.4,0,B
2024Q2,Sprite,Carbonated Soft Drinks,E-Commerce,Limpopo,14,55.3,31.73,774.2,329.98,76.75,697.45,71.5,0,B
2024Q1,Coca-Cola,Carbonated Soft Drinks,On-Trade,Western Cape,23,47.47,23.86,1091.81,543.03,77.5,1014.31,74.8,0,B
2024Q1,Schweppes,Mixers,E-Commerce,KwaZulu-Natal,34,69.22,36.31,2353.48,1118.94,121.14,2232.34,58.4,1,A
2024Q2,Coca-Cola,Carbonated Soft Drinks,Mass Retail,KwaZulu-Natal,66,54.38,31.59,3589.08,1504.14,328.4,3260.68,61.3,0,C
2024Q3,Fanta,Carbonated Soft Drinks,On-Trade,North West,21,50.53,30.68,1061.13,416.85,49.23,1011.9,71.6,0,C
2024Q4,Coca-Cola,Carbonated Soft Drinks,Convenience,Western Cape,36,54.82,31.53,1973.52,838.44,92.92,1880.6,70.9,0,B
2024Q4,Powerplay,Energy Drinks,On-Trade,Western Cape,18,107.79,54.77,1940.22,954.36,144.28,1795.94,57.6,0,C
2024Q2,Sprite,Carbonated Soft Drinks,E-Commerce,Free State,12,50.32,24.8,603.84,306.24,66.8,537.04,81.7,0,B
2024Q4,Coca-Cola,Carbonated Soft Drinks,On-Trade,Western Cape,9,58.6,34.88,527.4,213.48,60.34,467.06,45.3,1,B
2024Q2,Cappy,Juices & Nectars,Mass Retail,Western Cape,13,70.85,43.05,921.05,361.4,86.02,835.03,64.5,0,A
2024Q1,Sprite,Carbonated Soft Drinks,E-Commerce,Gauteng,17,57.26,34.57,973.42,385.73,39.31,934.11,96.9,1,B
2024Q3,Fanta,Carbonated Soft Drinks,Convenience,Gauteng,158,45.92,22.49,7255.36,3701.94,547.51,6707.85,61.1,0,B
2024Q3,Coca-Cola,Carbonated Soft Drinks,E-Commerce,Western Cape,109,52.12,25.92,5681.08,2855.8,264.84,5416.24,66.3,0,C
2024Q3,Fanta,Carbonated Soft Drinks,On-Trade,Eastern Cape,38,54.56,32.98,2073.28,820.04,216.51,1856.77,59.7,1,D
2024Q1,Monster,Energy Drinks,On-Trade,Western Cape,14,104.57,59.31,1463.98,633.64,127.06,1336.92,76.7,1,A
2024Q2,Coca-Cola,Carbonated Soft Drinks,E-Commerce,Gauteng,25,57.84,31.59,1446.0,656.25,173.17,1272.83,60.0,0,C
2024Q4,Coca-Cola,Carbonated Soft Drinks,Petrol & Travel,Eastern Cape,60,53.49,26.62,3209.4,1612.2,317.1,2892.3,93.7,0,A
2024Q2,Cappy,Juices & Nectars,Mass Retail,Free State,72,60.56,31.16,4360.32,2116.8,308.46,4051.86,92.5,0,A
2024Q2,Schweppes,Mixers,Mass Retail,Gauteng,26,54.3,30.83,1411.8,610.22,110.85,1300.95,80.0,0,B
2024Q1,Coca-Cola,Carbonated Soft Drinks,On-Trade,Mpumalanga,42,51.97,31.6,2182.74,855.54,97.77,2084.97,59.1,0,C
2024Q1,Coca-Cola,Carbonated Soft Drinks,Mass Retail,Western Cape,21,48.05,25.92,1009.05,464.73,44.52,964.53,51.7,1,A
2024Q3,Sprite,Carbonated Soft Drinks,On-Trade,Gauteng,32,52.62,27.72,1683.84,796.8,193.37,1490.47,50.4,0,A
2024Q3,Schweppes,Mixers,Convenience,Western Cape,39,53.92,27.75,2102.88,1020.63,223.21,1879.67,48.3,0,D
2024Q2,Sprite,Carbonated Soft Drinks,On-Trade,Gauteng,119,54.37,33.34,6470.03,2502.57,480.36,5989.67,85.1,0,B
2024Q4,Cappy,Juices & Nectars,Convenience,Mpumalanga,137,70.4,34.17,9644.8,4963.51,726.51,8918.29,86.7,0,C
2024Q3,Coca-Cola,Carbonated Soft Drinks,E-Commerce,KwaZulu-Natal,10,48.61,23.6,486.1,250.1,29.6,456.5,50.2,0,C
2024Q1,Sprite,Carbonated Soft Drinks,Convenience,Western Cape,23,63.37,37.62,1457.51,592.25,164.21,1293.3,96.0,1,A
2024Q3,Stoney,Carbonated Soft Drinks,On-Trade,Western Cape,26,61.63,33.01,1602.38,744.12,108.38,1494.0,80.8,0,C
2024Q1,Monster,Energy Drinks,E-Commerce,Western Cape,39,108.41,58.71,4227.99,1938.3,169.87,4058.12,67.0,0,B
2024Q1,Coca-Cola,Carbonated Soft Drinks,Mass Retail,KwaZulu-Natal,39,47.67,25.41,1859.13,868.14,155.24,1703.89,69.9,1,A
2024Q2,Fanta,Carbonated Soft Drinks,Mass Retail,Limpopo,18,48.54,26.62,873.72,394.56,98.37,775.35,97.8,0,B
2024Q1,Coca-Cola,Carbonated Soft Drinks,Convenience,Free State,15,55.94,33.63,839.1,334.65,88.19,750.91,67.5,0,C
2024Q4,Coca-Cola,Carbonated Soft Drinks,Mass Retail,Eastern Cape,16,47.83,29.53,765.28,292.8,85.03,680.25,55.2,1,B
2024Q2,Sprite,Carbonated Soft Drinks,Mass Retail,KwaZulu-Natal,36,59.27,34.2,2133.72,902.52,213.02,1920.7,55.8,0,B
2024Q2,Bonaqua,Water,Petrol & Travel,Western Cape,16,40.58,21.73,649.28,301.6,57.22,592.06,63.7,0,C
2024Q1,Cappy,Juices & Nectars,Convenience,KwaZulu-Natal,41,69.07,39.37,2831.87,1217.7,229.3,2602.57,58.5,0,B
2024Q3,Schweppes,Mixers,On-Trade,Western Cape,44,56.56,34.33,2488.64,978.12,130.57,2358.07,88.6,0,A
2024Q2,Bonaqua,Water,Convenience,KwaZulu-Natal,32,41.8,24.29,1337.6,560.32,108.92,1228.68,48.7,1,B
2024Q3,Bonaqua,Water,Convenience,Western Cape,24,38.17,19.71,916.08,443.04,90.02,826.06,82.9,0,A
2024Q2,Schweppes,Mixers,Mass Retail,Gauteng,45,56.56,32.0,2545.2,1105.2,202.66,2342.54,80.4,0,C
2024Q2,Powerade,Sports Drinks,Convenience,Eastern Cape,50,63.7,37.04,3185.0,1333.0,381.57,2803.43,93.3,0,C
2024Q2,Fanta,Carbonated Soft Drinks,Mass Retail,Western Cape,38,50.42,31.03,1915.96,736.82,203.39,1712.57,85.7,1,A
2024Q4,Bonaqua,Water,Mass Retail,Gauteng,21,42.66,23.84,895.86,395.22,64.89,830.97,63.3,0,A
2024Q3,Sprite,Carbonated Soft Drinks,Mass Retail,Gauteng,45,57.76,31.96,2599.2,1161.0,242.14,2357.06,97.2,0,D
2024Q4,Stoney,Carbonated Soft Drinks,Convenience,Limpopo,118,71.23,43.52,8405.14,3269.78,572.6,7832.54,97.3,0,D
2024Q1,Bonaqua,Water,Mass Retail,Limpopo,31,40.08,21.63,1242.48,571.95,114.28,1128.2,72.4,0,B
2024Q3,Sprite,Carbonated Soft Drinks,Mass Retail,North West,86,56.34,33.66,4845.24,1950.48,475.31,4369.93,95.5,0,A
2024Q4,Fanta,Carbonated Soft Drinks,On-Trade,Gauteng,50,42.2,25.6,2110.0,830.0,225.87,1884.13,57.3,0,A
2024Q4,Schweppes,Mixers,On-Trade,Western Cape,32,55.07,34.05,1762.24,672.64,208.26,1553.98,62.5,1,B
2024Q2,Monster,Energy Drinks,Convenience,Free State,75,113.31,59.53,8498.25,4033.5,975.1,7523.15,62.6,0,A
2024Q3,Coca-Cola,Carbonated Soft Drinks,Convenience,Gauteng,16,57.38,30.37,918.08,432.16,71.24,846.84,89.3,1,D
2024Q2,Cappy,Juices & Nectars,Convenience,Gauteng,105,72.62,40.53,7625.1,3369.45,875.87,6749.23,76.9,0,C
2024Q1,Sprite,Carbonated Soft Drinks,Wholesale,Western Cape,114,58.45,29.16,6663.3,3339.06,743.24,5920.06,47.3,0,B
2024Q1,Sprite,Carbonated Soft Drinks,On-Trade,Gauteng,11,57.59,27.97,633.49,325.82,32.38,601.11,59.4,0,B
2024Q1,Coca-Cola,Carbonated Soft Drinks,On-Trade,KwaZulu-Natal,54,50.64,25.99,2734.56,1331.1,327.26,2407.3,58.6,0,C
2024Q3,Bonaqua,Water,Mass Retail,KwaZulu-Natal,14,39.61,20.43,554.54,268.52,52.13,502.41,62.9,0,B
2024Q4,Coca-Cola,Carbonated Soft Drinks,Petrol & Travel,KwaZulu-Natal,27,46.14,25.46,1245.78,558.36,90.97,1154.81,55.5,0,C
2024Q4,Coca-Cola,Carbonated Soft Drinks,Mass Retail,Free State,21,53.86,27.91,1131.06,544.95,52.37,1078.69,52.2,1,D
2024Q1,Coca-Cola,Carbonated Soft Drinks,Convenience,Eastern Cape,20,49.42,25.32,988.4,482.0,63.31,925.09,51.7,1,A
2024Q1,Coca-Cola,Carbonated Soft Drinks,E-Commerce,KwaZulu-Natal,14,55.21,27.83,772.94,383.32,35.1,737.84,71.5,0,C
2024Q1,Monster,Energy Drinks,Wholesale,Gauteng,34,104.98,59.95,3569.32,1531.02,311.95,3257.37,91.5,0,B
2024Q1,Coca-Cola,Carbonated Soft Drinks,Petrol & Travel,Eastern Cape,29,49.85,28.61,1445.65,615.96,167.98,1277.67,87.6,1,D
2024Q4,Bonaqua,Water,Mass Retail,Western Cape,70,37.85,20.67,2649.5,1202.6,221.99,2427.51,77.3,1,B
2024Q3,Sprite,Carbonated Soft Drinks,On-Trade,Western Cape,199,52.88,30.27,10523.12,4499.39,580.64,9942.48,51.0,1,C
2024Q1,Coca-Cola,Carbonated Soft Drinks,Petrol & Travel,KwaZulu-Natal,27,54.79,26.96,1479.33,751.41,114.3,1365.03,49.0,1,B
2024Q2,Coca-Cola,Carbonated Soft Drinks,On-Trade,Mpumalanga,216,39.73,22.3,8581.68,3764.88,793.85,7787.83,80.4,0,D
2024Q2,Sprite,Carbonated Soft Drinks,On-Trade,KwaZulu-Natal,11,59.84,32.42,658.24,301.62,47.04,611.2,62.4,1,B
2024Q1,Fanta,Carbonated Soft Drinks,Petrol & Travel,Gauteng,33,46.74,25.95,1542.42,686.07,103.18,1439.24,96.7,0,B
2024Q2,Stoney,Carbonated Soft Drinks,Mass Retail,Eastern Cape,37,64.22,32.53,2376.14,1172.53,280.31,2095.83,91.9,0,C
2024Q3,Coca-Cola,Carbonated Soft Drinks,On-Trade,Mpumalanga,17,49.03,29.07,833.51,339.32,37.95,795.56,78.8,0,D
2024Q2,Coca-Cola,Carbonated Soft Drinks,Convenience,Western Cape,52,48.32,27.97,2512.64,1058.2,170.87,2341.77,70.6,0,D
2024Q3,Fanta,Carbonated Soft Drinks,Mass Retail,KwaZulu-Natal,215,51.88,27.9,11154.2,5155.7,579.66,10574.54,97.9,0,A
2024Q4,Cappy,Juices & Nectars,Wholesale,KwaZulu-Natal,90,61.74,35.0,5556.6,2406.6,325.8,5230.8,91.5,1,B
2024Q4,Bonaqua,Water,Convenience,Mpumalanga,22,48.22,25.29,1060.84,504.46,112.57,948.27,79.8,0,B
2024Q3,Cappy,Juices & Nectars,Wholesale,KwaZulu-Natal,54,66.21,34.98,3575.34,1686.42,294.91,3280.43,94.5,1,B
2024Q1,Sprite,Carbonated Soft Drinks,On-Trade,North West,94,40.15,20.72,3774.1,1826.42,281.62,3492.48,67.9,1,A
2024Q2,Schweppes,Mixers,Wholesale,Western Cape,12,44.61,25.57,535.32,228.48,43.53,491.79,90.7,0,D
2024Q2,Coca-Cola,Carbonated Soft Drinks,Mass Retail,Western Cape,110,44.12,22.43,4853.2,2385.9,346.91,4506.29,81.4,0,C
2024Q4,Sprite,Carbonated Soft Drinks,On-Trade,Gauteng,39,58.86,29.52,2295.54,1144.26,181.34,2114.2,85.5,0,B
2024Q1,Coca-Cola,Carbonated Soft Drinks,Mass Retail,KwaZulu-Natal,42,54.06,26.42,2270.52,1160.88,111.26,2159.26,79.4,1,B
2024Q2,Coca-Cola,Carbonated Soft Drinks,On-Trade,KwaZulu-Natal,97,53.71,30.12,5209.87,2288.23,381.57,4828.3,79.3,1,D
2024Q1,Coca-Cola,Carbonated Soft Drinks,Mass Retail,North West,70,56.52,31.2,3956.4,1772.4,246.5,3709.9,87.3,0,B
2024Q2,Coca-Cola,Carbonated Soft Drinks,Mass Retail,KwaZulu-Natal,47,58.05,31.41,2728.35,1252.08,318.65,2409.7,86.1,0,B
2024Q4,Coca-Cola,Carbonated Soft Drinks,Convenience,Western Cape,11,55.79,28.31,613.69,302.28,37.97,575.72,60.5,0,C
2024Q2,Coca-Cola,Carbonated Soft Drinks,Convenience,KwaZulu-Natal,44,49.99,27.66,2199.56,982.52,155.65,2043.91,60.9,0,C
2024Q2,Monster,Energy Drinks,E-Commerce,North West,18,95.07,55.47,1711.26,712.8,154.15,1557.11,84.6,0,C
2024Q3,Bonaqua,Water,Mass Retail,North West,21,42.16,26.11,885.36,337.05,69.11,816.25,83.1,0,C
2024Q2,Coca-Cola,Carbonated Soft Drinks,Convenience,Mpumalanga,24,46.16,22.98,1107.84,556.32,60.43,1047.41,82.8,1,D
2024Q3,Coca-Cola,Carbonated Soft Drinks,Mass Retail,Gauteng,41,55.49,30.06,2275.09,1042.63,151.31,2123.78,51.7,0,B
2024Q1,Fanta,Carbonated Soft Drinks,On-Trade,Eastern Cape,15,55.05,26.97,825.75,421.2,54.54,771.21,54.8,0,B
2024Q4,Coca-Cola,Carbonated Soft Drinks,Mass Retail,Western Cape,32,59.57,35.98,1906.24,754.88,103.8,1802.44,69.0,0,B
2024Q1,Coca-Cola,Carbonated Soft Drinks,Convenience,Eastern Cape,28,49.45,27.69,1384.6,609.28,96.01,1288.59,70.5,0,C
2024Q4,Coca-Cola,Carbonated Soft Drinks,Convenience,Western Cape,17,50.89,25.42,865.13,432.99,71.08,794.05,54.3,0,C
2024Q3,Coca-Cola,Carbonated Soft Drinks,Petrol & Travel,Gauteng,22,56.25,33.54,1237.5,499.62,102.29,1135.21,53.4,0,A
2024Q3,Bonaqua,Water,Mass Retail,KwaZulu-Natal,20,41.19,21.58,823.8,392.2,33.31,790.49,61.8,0,C
2024Q3,Coca-Cola,Carbonated Soft Drinks,Convenience,Western Cape,12,54.17,26.23,650.04,335.28,42.42,607.62,88.8,0,B
2024Q4,Schweppes,Mixers,Petrol & Travel,Western Cape,16,46.07,26.96,737.12,305.76,57.79,679.33,49.8,1,C
2024Q1,Coca-Cola,Carbonated Soft Drinks,Convenience,Gauteng,34,46.31,22.42,1574.54,812.26,98.71,1475.83,77.2,0,A
2024Q2,Coca-Cola,Carbonated Soft Drinks,Convenience,Free State,17,58.44,36.06,993.48,380.46,116.46,877.02,87.4,0,A
2024Q1,Sprite,Carbonated Soft Drinks,Petrol & Travel,Eastern Cape,55,51.96,27.28,2857.8,1357.4,280.13,2577.67,64.8,0,C
2024Q3,Schweppes,Mixers,Petrol & Travel,Mpumalanga,61,62.56,32.69,3816.16,1822.07,292.58,3523.58,52.6,0,A
2024Q4,Fanta,Carbonated Soft Drinks,Mass Retail,Eastern Cape,9,45.77,25.59,411.93,181.62,22.52,389.41,74.9,0,A
2024Q1,Bonaqua,Water,Convenience,Gauteng,13,38.15,22.47,495.95,203.84,25.52,470.43,67.6,0,D
2024Q1,Powerplay,Energy Drinks,On-Trade,Eastern Cape,113,126.73,63.62,14320.49,7131.43,780.1,13540.39,75.9,1,C
2024Q4,Coca-Cola,Carbonated Soft Drinks,Convenience,Western Cape,24,55.7,29.98,1336.8,617.28,81.11,1255.69,91.5,0,A
2024Q3,Coca-Cola,Carbonated Soft Drinks,E-Commerce,Eastern Cape,191,46.66,24.88,8912.06,4159.98,688.43,8223.63,64.0,0,A
2024Q1,Coca-Cola,Carbonated Soft Drinks,Convenience,Limpopo,21,51.07,24.78,1072.47,552.09,57.84,1014.63,58.3,0,B
2024Q2,Stoney,Carbonated Soft Drinks,On-Trade,Western Cape,48,60.21,31.76,2890.08,1365.6,208.49,2681.59,83.1,0,B
2024Q2,Stoney,Carbonated Soft Drinks,On-Trade,Gauteng,251,64.13,36.03,16096.63,7053.1,1629.93,14466.7,80.4,0,A
2024Q2,Stoney,Carbonated Soft Drinks,On-Trade,KwaZulu-Natal,30,62.56,30.34,1876.8,966.6,76.73,1800.07,51.5,1,A
2024Q1,Fanta,Carbonated Soft Drinks,Mass Retail,Western Cape,21,49.45,28.06,1038.45,449.19,57.34,981.11,72.2,1,A
2024Q3,Powerade,Sports Drinks,On-Trade,Gauteng,49,70.59,37.7,3458.91,1611.61,390.33,3068.58,54.8,0,D
2024Q4,Coca-Cola,Carbonated Soft Drinks,E-Commerce,Western Cape,6,54.23,26.67,325.38,165.36,17.47,307.91,90.7,0,A
2024Q4,Monster,Energy Drinks,On-Trade,Gauteng,32,96.88,47.97,3100.16,1565.12,148.52,2951.64,93.1,0,B
2024Q2,Sprite,Carbonated Soft Drinks,Mass Retail,Gauteng,48,54.72,29.32,2626.56,1219.2,175.72,2450.84,59.5,0,B
2024Q3,Powerplay,Energy Drinks,Convenience,Free State,25,108.8,62.19,2720.0,1165.25,280.34,2439.66,77.6,0,B
2024Q4,Schweppes,Mixers,Convenience,Eastern Cape,16,54.52,31.49,872.32,368.48,48.05,824.27,49.8,1,C
2024Q4,Sprite,Carbonated Soft Drinks,Convenience,Western Cape,19,53.62,31.4,1018.78,422.18,81.79,936.99,55.9,0,B
2024Q3,Monster,Energy Drinks,Convenience,Western Cape,37,125.82,65.25,4655.34,2241.09,404.56,4250.78,94.5,1,A
2024Q2,Fanta,Carbonated Soft Drinks,E-Commerce,Western Cape,15,46.07,26.19,691.05,298.2,63.64,627.41,55.9,1,B
2024Q1,Coca-Cola,Carbonated Soft Drinks,Wholesale,Mpumalanga,34,52.33,31.96,1779.22,692.58,189.26,1589.96,66.3,1,B
2024Q4,Coca-Cola,Carbonated Soft Drinks,On-Trade,Western Cape,10,57.32,30.93,573.2,263.9,42.46,530.74,94.6,1,B
2024Q4,Fanta,Carbonated Soft Drinks,Convenience,Northern Cape,46,45.09,27.22,2074.14,822.02,235.28,1838.86,74.6,1,B
2024Q1,Cappy,Juices & Nectars,Mass Retail,Gauteng,56,65.68,36.12,3678.08,1655.36,360.93,3317.15,59.3,1,C
2024Q2,Fanta,Carbonated Soft Drinks,On-Trade,Western Cape,85,51.16,31.65,4348.6,1658.35,468.48,3880.12,74.4,0,B
2024Q4,Fanta,Carbonated Soft Drinks,E-Commerce,Gauteng,34,52.56,32.23,1787.04,691.22,180.78,1606.26,53.1,1,C
2024Q2,Coca-Cola,Carbonated Soft Drinks,Mass Retail,Free State,11,48.66,26.35,535.26,245.41,47.27,487.99,68.1,1,B
2024Q2,Monster,Energy Drinks,Convenience,KwaZulu-Natal,31,114.55,68.63,3551.05,1423.52,163.05,3388.0,87.9,1,A
2024Q1,Monster,Energy Drinks,Mass Retail,Gauteng,82,122.39,74.34,10035.98,3940.1,658.9,9377.08,50.8,0,B
2024Q2,Coca-Cola,Carbonated Soft Drinks,On-Trade,Mpumalanga,13,49.02,26.87,637.26,287.95,32.94,604.32,60.7,0,C
2024Q3,Powerplay,Energy Drinks,Mass Retail,Gauteng,24,93.47,49.9,2243.28,1045.68,228.74,2014.54,93.7,1,C
2024Q3,Sprite,Carbonated Soft Drinks,Mass Retail,Western Cape,72,53.19,30.55,3829.68,1630.08,252.28,3577.4,82.3,0,B
2024Q2,Coca-Cola,Carbonated Soft Drinks,Mass Retail,Gauteng,22,50.17,29.09,1103.74,463.76,107.01,996.73,73.1,0,B
2024Q4,Coca-Cola,Carbonated Soft Drinks,Mass Retail,Gauteng,26,46.74,28.14,1215.24,483.6,131.71,1083.53,80.0,0,D
2024Q3,Coca-Cola,Carbonated Soft Drinks,On-Trade,Western Cape,14,50.88,27.74,712.32,323.96,72.74,639.58,53.3,0,A
2024Q4,Sprite,Carbonated Soft Drinks,On-Trade,KwaZulu-Natal,115,57.29,27.86,6588.35,3384.45,312.99,6275.36,77.9,0,C
2024Q4,Coca-Cola,Carbonated Soft Drinks,Mass Retail,Western Cape,44,55.16,28.03,2427.04,1193.72,134.95,2292.09,91.7,1,D
2024Q2,Bonaqua,Water,Convenience,Limpopo,43,46.66,25.15,2006.38,924.93,150.93,1855.45,95.1,0,C
2024Q4,Fanta,Carbonated Soft Drinks,E-Commerce,Western Cape,26,54.17,26.81,1408.42,711.36,168.77,1239.65,52.7,0,C
2024Q3,Coca-Cola,Carbonated Soft Drinks,On-Trade,Mpumalanga,35,44.81,23.42,1568.35,748.65,175.26,1393.09,96.3,0,D
2024Q1,Sprite,Carbonated Soft Drinks,Mass Retail,Gauteng,39,52.97,28.22,2065.83,965.25,245.58,1820.25,49.7,1,C
2024Q4,Bonaqua,Water,Convenience,Gauteng,75,42.96,23.45,3222.0,1463.25,200.35,3021.65,61.4,0,D
2024Q2,Coca-Cola,Carbonated Soft Drinks,Convenience,KwaZulu-Natal,50,50.28,24.59,2514.0,1284.5,182.47,2331.53,84.6,1,B
2024Q3,Sprite,Carbonated Soft Drinks,Wholesale,North West,44,58.37,28.62,2568.28,1309.0,286.62,2281.66,70.8,0,A
2024Q4,Fanta,Carbonated Soft Drinks,Convenience,Gauteng,10,48.03,24.79,480.3,232.4,48.64,431.66,94.3,1,A
2024Q1,Sprite,Carbonated Soft Drinks,On-Trade,KwaZulu-Natal,10,52.04,26.35,520.4,256.9,35.24,485.16,96.5,0,A
2024Q4,Powerplay,Energy Drinks,Mass Retail,Northern Cape,39,107.78,56.26,4203.42,2009.28,455.48,3747.94,56.2,0,C
2024Q3,Schweppes,Mixers,Mass Retail,Eastern Cape,13,54.85,33.51,713.05,277.42,40.74,672.31,97.6,1,C
2024Q2,Cappy,Juices & Nectars,Wholesale,Free State,9,76.42,37.56,687.78,349.74,59.14,628.64,65.9,0,B
2024Q1,Schweppes,Mixers,Mass Retail,Mpumalanga,104,63.47,39.0,6600.88,2544.88,609.95,5990.93,63.0,0,C
2024Q3,Cappy,Juices & Nectars,On-Trade,KwaZulu-Natal,8,66.0,35.16,528.0,246.72,56.69,471.31,90.6,0,C
2024Q3,Cappy,Juices & Nectars,Convenience,Free State,9,76.73,43.66,690.57,297.63,72.15,618.42,84.1,1,B
2024Q4,Coca-Cola,Carbonated Soft Drinks,Mass Retail,Western Cape,69,56.06,27.69,3868.14,1957.53,201.22,3666.92,86.8,0,B
2024Q3,Schweppes,Mixers,Mass Retail,Gauteng,23,59.46,28.8,1367.58,705.18,72.42,1295.16,69.0,0,A
2024Q2,Coca-Cola,Carbonated Soft Drinks,Mass Retail,Gauteng,47,55.04,34.05,2586.88,986.53,119.77,2467.11,51.9,1,B
2024Q2,Schweppes,Mixers,Mass Retail,Gauteng,8,58.63,33.75,469.04,199.04,23.74,445.3,50.5,0,A
2024Q3,Sprite,Carbonated Soft Drinks,Mass Retail,Limpopo,80,53.52,31.97,4281.6,1724.0,211.49,4070.11,88.1,0,A
2024Q3,Coca-Cola,Carbonated Soft Drinks,Mass Retail,Gauteng,15,52.06,30.38,780.9,325.2,34.96,745.94,59.7,1,B
2024Q3,Coca-Cola,Carbonated Soft Drinks,Wholesale,Gauteng,185,53.92,32.61,9975.2,3942.35,984.65,8990.55,95.9,0,B
2024Q2,Cappy,Juices & Nectars,E-Commerce,Gauteng,46,57.09,31.06,2626.14,1197.38,223.95,2402.19,75.3,0,D
2024Q4,Fanta,Carbonated Soft Drinks,Wholesale,KwaZulu-Natal,38,48.82,24.42,1855.16,927.2,78.1,1777.06,72.5,0,A
2024Q2,Coca-Cola,Carbonated Soft Drinks,Mass Retail,Mpumalanga,33,49.8,27.63,1643.4,731.61,72.64,1570.76,82.7,1,A
2024Q2,Bonaqua,Water,Mass Retail,Western Cape,19,43.64,23.87,829.16,375.63,92.33,736.83,87.7,0,A
2024Q2,Coca-Cola,Carbonated Soft Drinks,On-Trade,North West,10,59.23,35.97,592.3,232.6,40.26,552.04,66.8,0,C
2024Q4,Sprite,Carbonated Soft Drinks,On-Trade,Gauteng,19,59.09,36.15,1122.71,435.86,93.4,1029.31,89.6,0,B
2024Q4,Coca-Cola,Carbonated Soft Drinks,Convenience,Western Cape,36,57.95,31.46,2086.2,953.64,102.08,1984.12,84.3,1,B
2024Q1,Bonaqua,Water,Mass Retail,Gauteng,26,39.65,19.07,1030.9,535.08,95.83,935.07,59.4,1,B
2024Q4,Bonaqua,Water,Mass Retail,Western Cape,32,33.86,18.64,1083.52,487.04,75.17,1008.35,71.2,0,A
2024Q2,Powerplay,Energy Drinks,Mass Retail,Gauteng,24,113.17,65.76,2716.08,1137.84,196.65,2519.43,60.6,0,B
2024Q1,Coca-Cola,Carbonated Soft Drinks,On-Trade,Free State,26,58.38,31.84,1517.88,690.04,67.86,1450.02,94.0,0,B
2024Q2,Bonaqua,Water,Mass Retail,Limpopo,101,38.64,20.24,3902.64,1858.4,384.15,3518.49,72.4,0,B
2024Q3,Fanta,Carbonated Soft Drinks,Convenience,Western Cape,47,52.06,27.21,2446.82,1167.95,154.56,2292.26,75.4,0,B
2024Q2,Powerplay,Energy Drinks,E-Commerce,Western Cape,30,110.39,62.37,3311.7,1440.6,324.26,2987.44,57.0,0,C
2024Q1,Monster,Energy Drinks,Mass Retail,Gauteng,53,102.92,61.85,5454.76,2176.71,601.13,4853.63,80.5,0,A
2024Q4,Bonaqua,Water,On-Trade,Gauteng,66,41.64,23.64,2748.24,1188.0,200.71,2547.53,93.7,0,B
2024Q4,Coca-Cola,Carbonated Soft Drinks,On-Trade,Western Cape,75,50.76,28.42,3807.0,1675.5,163.9,3643.1,78.7,0,C
2024Q1,Coca-Cola,Carbonated Soft Drinks,Mass Retail,Gauteng,24,47.58,25.62,1141.92,527.04,112.46,1029.46,56.4,0,B
2024Q4,Schweppes,Mixers,Petrol & Travel,Gauteng,62,60.44,29.91,3747.28,1892.86,292.68,3454.6,95.1,1,C
2024Q1,Stoney,Carbonated Soft Drinks,Mass Retail,Gauteng,31,54.08,33.0,1676.48,653.48,132.35,1544.13,66.5,0,C
2024Q2,Monster,Energy Drinks,Mass Retail,Gauteng,27,106.47,54.52,2874.69,1402.65,241.17,2633.52,62.3,0,B
2024Q4,Coca-Cola,Carbonated Soft Drinks,Mass Retail,Gauteng,10,49.27,27.44,492.7,218.3,48.73,443.97,88.3,0,B
2024Q1,Coca-Cola,Carbonated Soft Drinks,Mass Retail,Eastern Cape,45,54.01,27.11,2430.45,1210.5,144.94,2285.51,80.6,0,B
2024Q4,Sprite,Carbonated Soft Drinks,Mass Retail,Mpumalanga,11,52.71,31.71,579.81,231.0,32.45,547.36,82.0,1,B
2024Q1,Fanta,Carbonated Soft Drinks,Mass Retail,Western Cape,32,48.58,27.78,1554.56,665.6,79.9,1474.66,85.5,1,C
2024Q3,Fanta,Carbonated Soft Drinks,Wholesale,Western Cape,7,51.39,30.08,359.73,149.17,37.53,322.2,48.5,1,C
2024Q3,Coca-Cola,Carbonated Soft Drinks,On-Trade,Gauteng,28,55.83,30.52,1563.24,708.68,83.54,1479.7,97.7,0,A
2024Q4,Coca-Cola,Carbonated Soft Drinks,On-Trade,Mpumalanga,28,56.34,30.49,1577.52,723.8,110.98,1466.54,46.5,0,A
2024Q4,Powerade,Sports Drinks,Mass Retail,Eastern Cape,133,54.32,28.02,7224.56,3497.9,742.18,6482.38,87.1,0,B
2024Q4,Sprite,Carbonated Soft Drinks,Convenience,Western Cape,41,61.72,31.62,2530.52,1234.1,128.0,2402.52,61.0,0,B
2024Q3,Sprite,Carbonated Soft Drinks,Convenience,KwaZulu-Natal,53,60.61,29.86,3212.33,1629.75,373.87,2838.46,61.2,0,D
2024Q4,Schweppes,Mixers,Mass Retail,Gauteng,25,58.63,33.5,1465.75,628.25,62.42,1403.33,50.4,0,B
2024Q3,Coca-Cola,Carbonated Soft Drinks,On-Trade,Free State,28,47.11,24.25,1319.08,640.08,97.21,1221.87,49.1,0,B
2024Q3,Powerade,Sports Drinks,On-Trade,Limpopo,15,77.06,46.34,1155.9,460.8,63.45,1092.45,59.0,1,D
2024Q2,Cappy,Juices & Nectars,Mass Retail,Eastern Cape,42,65.08,37.18,2733.36,1171.8,112.79,2620.57,95.1,0,B
2024Q1,Sprite,Carbonated Soft Drinks,Convenience,Gauteng,33,58.94,30.11,1945.02,951.39,138.68,1806.34,77.6,0,C
2024Q4,Fanta,Carbonated Soft Drinks,Mass Retail,Eastern Cape,69,52.67,26.83,3634.23,1782.96,263.1,3371.13,95.8,1,B
2024Q3,Schweppes,Mixers,Convenience,Free State,26,56.91,29.96,1479.66,700.7,103.09,1376.57,50.3,1,D
2024Q2,Sprite,Carbonated Soft Drinks,E-Commerce,Gauteng,8,58.28,28.12,466.24,241.28,50.72,415.52,76.0,1,C
2024Q4,Sprite,Carbonated Soft Drinks,Mass Retail,Gauteng,24,57.98,29.68,1391.52,679.2,155.25,1236.27,54.5,0,C
2024Q2,Fanta,Carbonated Soft Drinks,On-Trade,Gauteng,20,53.97,26.17,1079.4,556.0,50.31,1029.09,50.8,0,A
2024Q3,Powerplay,Energy Drinks,Mass Retail,Eastern Cape,23,107.72,60.1,2477.56,1095.26,140.33,2337.23,57.5,1,B
2024Q2,Bonaqua,Water,On-Trade,Free State,16,39.99,22.29,639.84,283.2,43.3,596.54,46.5,0,B
2024Q3,Coca-Cola,Carbonated Soft Drinks,Convenience,Western Cape,9,53.83,31.61,484.47,199.98,33.76,450.71,84.7,0,A
2024Q2,Coca-Cola,Carbonated Soft Drinks,Convenience,Gauteng,36,56.51,28.59,2034.36,1005.12,215.25,1819.11,86.5,0,B
2024Q4,Sprite,Carbonated Soft Drinks,Convenience,Gauteng,38,51.68,28.36,1963.84,886.16,183.95,1779.89,96.9,0,A
2024Q2,Fanta,Carbonated Soft Drinks,Mass Retail,Gauteng,13,55.33,28.87,719.29,343.98,48.07,671.22,47.0,0,B
2024Q2,Cappy,Juices & Nectars,Mass Retail,Northern Cape,28,60.02,32.68,1680.56,765.52,170.1,1510.46,71.6,0,B
2024Q3,Coca-Cola,Carbonated Soft Drinks,On-Trade,Gauteng,51,50.27,24.77,2563.77,1300.5,304.02,2259.75,70.2,1,B
2024Q4,Powerplay,Energy Drinks,On-Trade,Gauteng,22,100.0,55.76,2200.0,973.28,110.79,2089.21,80.8,0,C
2024Q1,Schweppes,Mixers,E-Commerce,Gauteng,8,60.16,29.9,481.28,242.08,19.85,461.43,83.8,0,D
2024Q3,Sprite,Carbonated Soft Drinks,Wholesale,KwaZulu-Natal,15,55.12,28.06,826.8,405.9,86.99,739.81,70.4,0,C
2024Q4,Sprite,Carbonated Soft Drinks,On-Trade,Gauteng,16,52.0,26.81,832.0,403.04,98.96,733.04,62.8,0,B
2024Q4,Coca-Cola,Carbonated Soft Drinks,Convenience,Northern Cape,13,53.46,26.97,694.98,344.37,55.18,639.8,95.5,0,B
2024Q1,Stoney,Carbonated Soft Drinks,Mass Retail,Mpumalanga,21,55.76,31.36,1170.96,512.4,91.56,1079.4,51.3,0,C
2024Q2,Fanta,Carbonated Soft Drinks,Mass Retail,Western Cape,166,53.6,27.39,8897.6,4350.86,884.03,8013.57,47.8,1,C
2024Q3,Cappy,Juices & Nectars,Wholesale,Gauteng,85,71.23,36.81,6054.55,2925.7,494.21,5560.34,84.0,0,B
2024Q4,Coca-Cola,Carbonated Soft Drinks,E-Commerce,Western Cape,39,50.46,25.77,1967.94,962.91,94.1,1873.84,70.3,1,C
2024Q2,Sprite,Carbonated Soft Drinks,On-Trade,Limpopo,105,61.26,31.61,6432.3,3113.25,753.63,5678.67,88.7,1,C
2024Q2,Cappy,Juices & Nectars,Mass Retail,Eastern Cape,18,73.68,43.11,1326.24,550.26,138.01,1188.23,53.0,0,B
2024Q4,Schweppes,Mixers,Mass Retail,Free State,23,61.16,30.04,1406.68,715.76,59.34,1347.34,50.8,1,D
2024Q1,Cappy,Juices & Nectars,On-Trade,Gauteng,12,61.29,30.37,735.48,371.04,67.73,667.75,97.6,0,C
2024Q2,Coca-Cola,Carbonated Soft Drinks,Mass Retail,Eastern Cape,64,48.88,29.87,3128.32,1216.64,351.96,2776.36,91.9,0,B
2024Q4,Coca-Cola,Carbonated Soft Drinks,Wholesale,Western Cape,22,51.03,27.98,1122.66,507.1,49.83,1072.83,97.9,0,A
2024Q4,Sprite,Carbonated Soft Drinks,Wholesale,Gauteng,15,54.38,27.91,815.7,397.05,76.55,739.15,89.0,0,A
2024Q2,Coca-Cola,Carbonated Soft Drinks,Convenience,Western Cape,22,54.18,30.16,1191.96,528.44,90.25,1101.71,62.3,0,B
2024Q4,Fanta,Carbonated Soft Drinks,E-Commerce,Eastern Cape,6,50.16,28.91,300.96,127.5,18.78,282.18,79.1,0,D
2024Q3,Schweppes,Mixers,Mass Retail,Northern Cape,20,64.68,37.82,1293.6,537.2,135.49,1158.11,62.3,0,C
2024Q3,Cappy,Juices & Nectars,On-Trade,Eastern Cape,92,65.44,34.12,6020.48,2881.44,692.48,5328.0,75.5,0,A
2024Q1,Bonaqua,Water,On-Trade,Western Cape,7,37.27,18.65,260.89,130.34,11.87,249.02,62.1,0,A
2024Q2,Coca-Cola,Carbonated Soft Drinks,Mass Retail,KwaZulu-Natal,13,53.04,27.03,689.52,338.13,34.24,655.28,72.6,1,C
2024Q1,Coca-Cola,Carbonated Soft Drinks,Mass Retail,Gauteng,25,45.19,22.75,1129.75,561.0,85.52,1044.23,63.2,0,A
2024Q1,Fanta,Carbonated Soft Drinks,Mass Retail,Western Cape,248,53.92,33.03,13372.16,5180.72,962.36,12409.8,74.5,0,C
2024Q4,Schweppes,Mixers,E-Commerce,Gauteng,17,57.75,34.06,981.75,402.73,116.65,865.1,48.5,0,B
2024Q1,Cappy,Juices & Nectars,On-Trade,KwaZulu-Natal,18,63.54,36.67,1143.72,483.66,49.79,1093.93,69.6,1,A
2024Q1,Schweppes,Mixers,Mass Retail,North West,9,68.03,41.37,612.27,239.94,59.77,552.5,51.7,0,A
2024Q1,Coca-Cola,Carbonated Soft Drinks,Convenience,Western Cape,37,53.23,29.98,1969.51,860.25,166.87,1802.64,66.1,0,A
2024Q2,Coca-Cola,Carbonated Soft Drinks,On-Trade,Western Cape,22,53.42,32.89,1175.24,451.66,69.51,1105.73,68.7,1,A
2024Q2,Coca-Cola,Carbonated Soft Drinks,E-Commerce,Western Cape,5,55.83,28.75,279.15,135.4,33.17,245.98,67.7,0,C
2024Q1,Coca-Cola,Carbonated Soft Drinks,Mass Retail,KwaZulu-Natal,14,51.62,27.62,722.68,336.0,48.36,674.32,69.7,0,A
2024Q4,Coca-Cola,Carbonated Soft Drinks,Mass Retail,KwaZulu-Natal,46,46.88,22.75,2156.48,1109.98,140.91,2015.57,70.1,1,B
2024Q1,Coca-Cola,Carbonated Soft Drinks,Mass Retail,KwaZulu-Natal,7,53.85,33.33,376.95,143.64,34.11,342.84,57.9,1,C
2024Q4,Bonaqua,Water,Mass Retail,Eastern Cape,65,41.79,20.98,2716.35,1352.65,196.04,2520.31,63.8,0,B
2024Q1,Sprite,Carbonated Soft Drinks,On-Trade,KwaZulu-Natal,54,48.29,28.13,2607.66,1088.64,252.62,2355.04,46.1,0,C
2024Q1,Stoney,Carbonated Soft Drinks,On-Trade,KwaZulu-Natal,7,61.81,37.27,432.67,171.78,41.45,391.22,56.8,1,D
2024Q2,Sprite,Carbonated Soft Drinks,Mass Retail,North West,44,51.11,29.86,2248.84,935.0,174.15,2074.69,76.8,1,C
2024Q2,Coca-Cola,Carbonated Soft Drinks,Mass Retail,Gauteng,83,47.9,25.44,3975.7,1864.18,269.97,3705.73,55.3,0,B
2024Q4,Coca-Cola,Carbonated Soft Drinks,Wholesale,Mpumalanga,29,57.73,28.64,1674.17,843.61,179.25,1494.92,48.8,0,A
2024Q3,Bonaqua,Water,Mass Retail,KwaZulu-Natal,36,40.17,23.43,1446.12,602.64,123.37,1322.75,80.4,0,B
2024Q4,Coca-Cola,Carbonated Soft Drinks,Convenience,KwaZulu-Natal,47,48.83,26.81,2295.01,1034.94,208.26,2086.75,47.4,1,A
2024Q1,Sprite,Carbonated Soft Drinks,Convenience,Gauteng,14,65.66,33.6,919.24,448.84,54.47,864.77,78.5,1,C
2024Q1,Coca-Cola,Carbonated Soft Drinks,On-Trade,KwaZulu-Natal,69,41.0,21.45,2829.0,1348.95,298.87,2530.13,48.0,0,C
2024Q1,Fanta,Carbonated Soft Drinks,On-Trade,Gauteng,23,56.91,34.68,1308.93,511.29,125.89,1183.04,94.3,0,A
2024Q1,Coca-Cola,Carbonated Soft Drinks,Mass Retail,KwaZulu-Natal,120,41.72,20.41,5006.4,2557.2,564.12,4442.28,80.4,0,A
2024Q3,Monster,Energy Drinks,Wholesale,Gauteng,49,105.11,58.99,5150.39,2259.88,395.96,4754.43,96.8,0,C
2024Q3,Fanta,Carbonated Soft Drinks,Mass Retail,Eastern Cape,16,56.12,32.17,897.92,383.2,74.11,823.81,58.2,0,A
2024Q1,Sprite,Carbonated Soft Drinks,Mass Retail,Gauteng,33,48.79,28.34,1610.07,674.85,69.12,1540.95,85.6,1,C
2024Q3,Coca-Cola,Carbonated Soft Drinks,Mass Retail,Western Cape,281,54.64,32.05,15353.84,6347.79,1548.93,13804.91,67.1,1,C
2024Q2,Coca-Cola,Carbonated Soft Drinks,Petrol & Travel,Eastern Cape,36,60.11,31.66,2163.96,1024.2,127.22,2036.74,51.3,0,C
2024Q1,Sprite,Carbonated Soft Drinks,Mass Retail,Eastern Cape,10,43.39,24.37,433.9,190.2,29.94,403.96,93.8,0,B
2024Q4,Fanta,Carbonated Soft Drinks,Mass Retail,Western Cape,20,49.65,28.0,993.0,433.0,87.61,905.39,75.9,0,C
2024Q1,Cappy,Juices & Nectars,Convenience,Gauteng,50,68.84,33.62,3442.0,1761.0,225.28,3216.72,61.9,0,A
2024Q3,Coca-Cola,Carbonated Soft Drinks,Mass Retail,Western Cape,108,50.88,27.16,5495.04,2561.76,317.22,5177.82,60.4,1,C
2024Q2,Sprite,Carbonated Soft Drinks,Mass Retail,Gauteng,20,52.56,25.35,1051.2,544.2,102.27,948.93,66.2,1,A
2024Q3,Fanta,Carbonated Soft Drinks,Mass Retail,KwaZulu-Natal,61,49.06,27.06,2992.66,1342.0,355.95,2636.71,73.6,0,A
2024Q3,Monster,Energy Drinks,Mass Retail,KwaZulu-Natal,19,102.97,59.52,1956.43,825.55,232.71,1723.72,88.7,0,C
2024Q1,Coca-Cola,Carbonated Soft Drinks,Convenience,Eastern Cape,27,49.11,24.17,1325.97,673.38,86.06,1239.91,58.7,0,C
2024Q3,Coca-Cola,Carbonated Soft Drinks,Mass Retail,Gauteng,27,53.0,27.71,1431.0,682.83,87.13,1343.87,60.7,0,B
2024Q4,Coca-Cola,Carbonated Soft Drinks,Mass Retail,Mpumalanga,15,51.2,27.93,768.0,349.05,42.05,725.95,56.5,0,A
2024Q4,Cappy,Juices & Nectars,Convenience,Western Cape,44,63.44,37.48,2791.36,1142.24,199.7,2591.66,81.5,0,A
2024Q1,Coca-Cola,Carbonated Soft Drinks,On-Trade,Gauteng,25,47.29,26.39,1182.25,522.5,51.17,1131.08,79.7,0,C
2024Q3,Sprite,Carbonated Soft Drinks,On-Trade,Free State,34,60.95,33.75,2072.3,924.8,132.38,1939.92,89.7,0,D
2024Q1,Coca-Cola,Carbonated Soft Drinks,Mass Retail,Mpumalanga,9,47.79,27.88,430.11,179.19,18.1,412.01,90.6,0,B
2024Q4,Coca-Cola,Carbonated Soft Drinks,Mass Retail,KwaZulu-Natal,153,49.26,28.1,7536.78,3237.48,461.84,7074.94,95.0,0,A
2024Q1,Stoney,Carbonated Soft Drinks,Convenience,KwaZulu-Natal,268,64.95,36.22,17406.6,7699.64,1372.74,16033.86,95.1,1,C
2024Q1,Fanta,Carbonated Soft Drinks,Mass Retail,Gauteng,57,46.88,23.84,2672.16,1313.28,312.15,2360.01,86.9,0,A
2024Q4,Coca-Cola,Carbonated Soft Drinks,E-Commerce,Gauteng,155,48.4,28.67,7502.0,3058.15,445.0,7057.0,93.5,1,C
2024Q1,Monster,Energy Drinks,Convenience,Gauteng,34,121.04,66.83,4115.36,1843.14,287.75,3827.61,50.5,0,B
2024Q1,Coca-Cola,Carbonated Soft Drinks,Mass Retail,Gauteng,18,41.05,23.95,738.9,307.8,50.37,688.53,66.5,0,C
2024Q4,Schweppes,Mixers,E-Commerce,Limpopo,10,61.11,34.93,611.1,261.8,58.45,552.65,59.9,1,C
2024Q3,Stoney,Carbonated Soft Drinks,Convenience,KwaZulu-Natal,124,53.89,28.08,6682.36,3200.44,564.35,6118.01,92.7,0,B
2024Q4,Bonaqua,Water,Wholesale,KwaZulu-Natal,32,42.08,20.79,1346.56,681.28,59.79,1286.77,62.9,1,D
2024Q3,Schweppes,Mixers,Mass Retail,Mpumalanga,48,60.53,36.55,2905.44,1151.04,253.18,2652.26,68.1,1,C
2024Q3,Sprite,Carbonated Soft Drinks,On-Trade,Gauteng,142,61.05,32.66,8669.1,4031.38,996.32,7672.78,78.9,0,B
2024Q1,Coca-Cola,Carbonated Soft Drinks,Mass Retail,Northern Cape,9,56.17,32.75,505.53,210.78,29.53,476.0,76.6,0,B
2024Q3,Bonaqua,Water,Mass Retail,Eastern Cape,26,36.8,19.26,956.8,456.04,46.86,909.94,88.7,0,C
2024Q4,Coca-Cola,Carbonated Soft Drinks,Convenience,Eastern Cape,35,42.99,25.18,1504.65,623.35,62.39,1442.26,74.0,0,B
2024Q2,Sprite,Carbonated Soft Drinks,Mass Retail,Limpopo,36,59.58,29.74,2144.88,1074.24,152.49,1992.39,77.9,1,B
2024Q2,Sprite,Carbonated Soft Drinks,Mass Retail,Western Cape,22,63.87,31.58,1405.14,710.38,152.45,1252.69,55.7,0,C
2024Q4,Sprite,Carbonated Soft Drinks,Mass Retail,Gauteng,63,59.5,28.93,3748.5,1925.91,306.69,3441.81,75.5,0,C
2024Q2,Sprite,Carbonated Soft Drinks,E-Commerce,Gauteng,66,53.42,25.81,3525.72,1822.26,317.41,3208.31,65.9,0,C
2024Q2,Fanta,Carbonated Soft Drinks,Mass Retail,Northern Cape,20,47.18,26.52,943.6,413.2,111.72,831.88,96.7,1,B
2024Q2,Fanta,Carbonated Soft Drinks,Mass Retail,Western Cape,38,46.52,25.06,1767.76,815.48,178.43,1589.33,73.0,0,B
2024Q3,Coca-Cola,Carbonated Soft Drinks,Mass Retail,KwaZulu-Natal,16,53.45,30.72,855.2,363.68,67.63,787.57,88.5,1,B
2024Q4,Schweppes,Mixers,Mass Retail,Gauteng,39,56.88,31.71,2218.32,981.63,253.65,1964.67,81.5,0,C
2024Q4,Sprite,Carbonated Soft Drinks,Convenience,Gauteng,20,54.18,32.09,1083.6,441.8,113.08,970.52,77.8,0,D
2024Q3,Schweppes,Mixers,Wholesale,Gauteng,21,57.96,28.96,1217.16,609.0,91.26,1125.9,88.5,0,C
2024Q3,Powerplay,Energy Drinks,On-Trade,Gauteng,13,105.22,51.05,1367.86,704.21,83.65,1284.21,58.0,0,A
2024Q4,Cappy,Juices & Nectars,Mass Retail,Western Cape,32,60.73,36.97,1943.36,760.32,194.05,1749.31,89.6,0,A
2024Q3,Fanta,Carbonated Soft Drinks,Convenience,Eastern Cape,112,46.81,27.41,5242.72,2172.8,295.96,4946.76,90.6,0,B
2024Q2,Coca-Cola,Carbonated Soft Drinks,On-Trade,Gauteng,51,60.01,30.59,3060.51,1500.42,240.5,2820.01,66.2,0,B
2024Q2,Cappy,Juices & Nectars,E-Commerce,Western Cape,50,70.4,35.58,3520.0,1741.0,234.02,3285.98,65.1,0,B
2024Q4,Fanta,Carbonated Soft Drinks,On-Trade,KwaZulu-Natal,35,48.41,25.66,1694.35,796.25,143.91,1550.44,45.5,0,A
2024Q2,Powerade,Sports Drinks,Convenience,Western Cape,33,75.93,44.83,2505.69,1026.3,240.34,2265.35,90.3,1,C
2024Q2,Monster,Energy Drinks,Wholesale,North West,43,96.36,58.95,4143.48,1608.63,391.07,3752.41,69.2,1,A
2024Q1,Coca-Cola,Carbonated Soft Drinks,Convenience,Gauteng,3,50.63,29.82,151.89,62.43,11.1,140.79,61.9,1,A
2024Q2,Stoney,Carbonated Soft Drinks,Mass Retail,Western Cape,31,56.84,30.04,1762.04,830.8,148.76,1613.28,82.7,1,B
2024Q4,Stoney,Carbonated Soft Drinks,Mass Retail,Northern Cape,82,59.61,32.41,4888.02,2230.4,399.35,4488.67,70.8,0,A
2024Q2,Coca-Cola,Carbonated Soft Drinks,Wholesale,KwaZulu-Natal,49,49.71,25.78,2435.79,1172.57,282.19,2153.6,87.9,0,C
2024Q3,Coca-Cola,Carbonated Soft Drinks,Convenience,Gauteng,56,52.45,25.46,2937.2,1511.44,185.87,2751.33,47.7,0,B
2024Q3,Cappy,Juices & Nectars,Mass Retail,Mpumalanga,31,61.38,35.65,1902.78,797.63,101.14,1801.64,85.0,1,A
2024Q1,Monster,Energy Drinks,Wholesale,Gauteng,22,104.58,61.85,2300.76,940.06,248.51,2052.25,56.7,1,B
2024Q3,Coca-Cola,Carbonated Soft Drinks,On-Trade,Gauteng,46,56.06,28.15,2578.76,1283.86,218.21,2360.55,91.2,1,B
2024Q3,Coca-Cola,Carbonated Soft Drinks,E-Commerce,Gauteng,27,50.33,28.75,1358.91,582.66,73.71,1285.2,88.3,0,A
2024Q1,Schweppes,Mixers,Mass Retail,Gauteng,14,58.06,35.9,812.84,310.24,64.38,748.46,69.0,0,C
2024Q4,Coca-Cola,Carbonated Soft Drinks,On-Trade,Gauteng,29,56.63,30.5,1642.27,757.77,78.29,1563.98,94.1,0,B
2024Q4,Sprite,Carbonated Soft Drinks,On-Trade,Mpumalanga,78,51.78,30.38,4038.84,1669.2,235.19,3803.65,77.5,1,B
2024Q2,Fanta,Carbonated Soft Drinks,Wholesale,Northern Cape,22,51.69,29.65,1137.18,484.88,75.15,1062.03,46.9,1,B
2024Q4,Stoney,Carbonated Soft Drinks,Mass Retail,KwaZulu-Natal,12,63.12,35.87,757.44,327.0,55.43,702.01,81.7,0,B
2024Q1,Schweppes,Mixers,E-Commerce,Western Cape,17,55.31,29.19,940.27,444.04,85.37,854.9,84.2,1,A
2024Q1,Coca-Cola,Carbonated Soft Drinks,Mass Retail,Western Cape,14,54.19,27.69,758.66,371.0,62.59,696.07,60.3,0,C
2024Q2,Coca-Cola,Carbonated Soft Drinks,Mass Retail,Limpopo,61,52.56,26.53,3206.16,1587.83,222.34,2983.82,51.6,0,D
2024Q2,Powerplay,Energy Drinks,Mass Retail,North West,87,119.27,66.3,10376.49,4608.39,1034.55,9341.94,46.9,0,B
2024Q1,Cappy,Juices & Nectars,Petrol & Travel,Gauteng,23,65.27,39.93,1501.21,582.82,159.78,1341.43,85.5,1,A
2024Q4,Sprite,Carbonated Soft Drinks,Mass Retail,North West,46,60.83,35.43,2798.18,1168.4,330.87,2467.31,55.3,0,B
2024Q3,Schweppes,Mixers,Petrol & Travel,North West,23,64.47,31.44,1482.81,759.69,72.53,1410.28,76.9,0,A
2024Q3,Coca-Cola,Carbonated Soft Drinks,E-Commerce,Gauteng,24,48.35,24.57,1160.4,570.72,48.64,1111.76,53.0,0,B
2024Q4,Coca-Cola,Carbonated Soft Drinks,Convenience,Eastern Cape,45,58.52,29.8,2633.4,1292.4,290.32,2343.08,70.2,1,A
2024Q4,Coca-Cola,Carbonated Soft Drinks,E-Commerce,KwaZulu-Natal,11,50.73,27.02,558.03,260.81,44.49,513.54,64.1,0,A
2024Q2,Sprite,Carbonated Soft Drinks,Mass Retail,Gauteng,28,57.73,30.59,1616.44,759.92,160.13,1456.31,73.1,0,C
2024Q1,Cappy,Juices & Nectars,Convenience,Western Cape,12,68.78,37.5,825.36,375.36,66.32,759.04,67.9,1,B
2024Q4,Coca-Cola,Carbonated Soft Drinks,Mass Retail,Eastern Cape,4,46.45,23.66,185.8,91.16,20.86,164.94,91.9,0,A
2024Q3,Fanta,Carbonated Soft Drinks,Mass Retail,Mpumalanga,8,44.9,26.06,359.2,150.72,31.84,327.36,76.8,1,A
2024Q1,Stoney,Carbonated Soft Drinks,Mass Retail,Western Cape,63,60.8,29.91,3830.4,1946.07,257.15,3573.25,72.0,0,D
2024Q2,Cappy,Juices & Nectars,Mass Retail,Northern Cape,45,68.59,42.36,3086.55,1180.35,152.03,2934.52,72.9,1,B
2024Q2,Cappy,Juices & Nectars,Convenience,Eastern Cape,25,65.04,31.8,1626.0,831.0,181.2,1444.8,51.7,0,B
2024Q1,Coca-Cola,Carbonated Soft Drinks,Mass Retail,KwaZulu-Natal,12,54.11,33.54,649.32,246.84,44.02,605.3,93.0,0,B
2024Q1,Stoney,Carbonated Soft Drinks,Convenience,Gauteng,21,58.02,32.48,1218.42,536.34,83.83,1134.59,89.0,0,C
2024Q4,Schweppes,Mixers,E-Commerce,KwaZulu-Natal,45,50.38,24.74,2267.1,1153.8,210.07,2057.03,80.6,1,B
2024Q1,Coca-Cola,Carbonated Soft Drinks,Mass Retail,Gauteng,124,58.24,31.85,7221.76,3272.36,839.6,6382.16,50.7,0,B
2024Q1,Coca-Cola,Carbonated Soft Drinks,Mass Retail,Gauteng,26,55.8,30.1,1450.8,668.2,135.59,1315.21,80.3,1,B
2024Q4,Coca-Cola,Carbonated Soft Drinks,Convenience,Gauteng,6,49.81,28.29,298.86,129.12,25.24,273.62,79.5,0,A
2024Q3,Powerade,Sports Drinks,On-Trade,Gauteng,16,63.0,33.51,1008.0,471.84,59.83,948.17,81.2,0,C
2024Q3,Stoney,Carbonated Soft Drinks,On-Trade,Western Cape,43,58.44,31.82,2512.92,1144.66,126.06,2386.86,56.3,0,C
2024Q4,Stoney,Carbonated Soft Drinks,Mass Retail,Eastern Cape,69,57.64,31.66,3977.16,1792.62,450.31,3526.85,50.4,0,C
2024Q3,Schweppes,Mixers,Mass Retail,Gauteng,25,60.28,30.08,1507.0,755.0,115.33,1391.67,96.0,0,B
2024Q2,Sprite,Carbonated Soft Drinks,Convenience,Free State,99,60.48,29.37,5987.52,3079.89,452.97,5534.55,49.1,0,B
2024Q1,Sprite,Carbonated Soft Drinks,Convenience,KwaZulu-Natal,49,59.98,37.15,2939.02,1118.67,158.04,2780.98,66.0,0,A
2024Q1,Fanta,Carbonated Soft Drinks,On-Trade,Eastern Cape,21,48.36,26.11,1015.56,467.25,71.8,943.76,97.0,0,B
2024Q1,Cappy,Juices & Nectars,E-Commerce,Gauteng,49,62.68,32.52,3071.32,1477.84,146.13,2925.19,91.4,0,D
2024Q2,Coca-Cola,Carbonated Soft Drinks,E-Commerce,Eastern Cape,11,47.24,24.0,519.64,255.64,38.85,480.79,67.7,0,B
2024Q4,Cappy,Juices & Nectars,On-Trade,KwaZulu-Natal,27,70.23,34.01,1896.21,977.94,102.92,1793.29,83.2,0,B
2024Q3,Coca-Cola,Carbonated Soft Drinks,On-Trade,Gauteng,35,53.01,26.89,1855.35,914.2,92.12,1763.23,72.6,0,C
2024Q3,Bonaqua,Water,Convenience,Mpumalanga,43,36.69,22.05,1577.67,629.52,154.94,1422.73,80.2,0,C
2024Q3,Cappy,Juices & Nectars,Mass Retail,Gauteng,29,65.95,32.01,1912.55,984.26,98.68,1813.87,93.4,1,A
2024Q3,Coca-Cola,Carbonated Soft Drinks,Mass Retail,Gauteng,91,56.49,32.22,5140.59,2208.57,433.42,4707.17,70.8,0,D
2024Q3,Fanta,Carbonated Soft Drinks,Wholesale,Gauteng,32,47.35,24.92,1515.2,717.76,110.09,1405.11,97.9,0,B
2024Q2,Coca-Cola,Carbonated Soft Drinks,Convenience,Northern Cape,25,55.74,28.62,1393.5,678.0,141.36,1252.14,87.8,0,B
2024Q2,Sprite,Carbonated Soft Drinks,Mass Retail,Free State,9,54.67,30.2,492.03,220.23,58.63,433.4,60.5,0,B
2024Q1,Sprite,Carbonated Soft Drinks,On-Trade,KwaZulu-Natal,14,58.39,32.84,817.46,357.7,53.27,764.19,90.3,0,C
2024Q3,Stoney,Carbonated Soft Drinks,Convenience,KwaZulu-Natal,22,62.1,30.11,1366.2,703.78,147.61,1218.59,65.5,1,C
2024Q3,Coca-Cola,Carbonated Soft Drinks,Wholesale,Western Cape,34,48.28,24.19,1641.52,819.06,140.08,1501.44,83.5,0,B
2024Q2,Cappy,Juices & Nectars,On-Trade,Eastern Cape,12,66.74,40.22,800.88,318.24,91.76,709.12,66.2,0,B
2024Q3,Coca-Cola,Carbonated Soft Drinks,Wholesale,North West,58,50.23,28.91,2913.34,1236.56,321.77,2591.57,51.2,0,B
2024Q4,Cappy,Juices & Nectars,E-Commerce,Gauteng,57,68.49,36.54,3903.93,1821.15,253.94,3649.99,93.4,1,C
2024Q2,Cappy,Juices & Nectars,Wholesale,Limpopo,3,59.56,29.81,178.68,89.25,12.79,165.89,83.3,0,B
2024Q3,Fanta,Carbonated Soft Drinks,E-Commerce,Northern Cape,75,47.26,29.23,3544.5,1352.25,362.77,3181.73,89.9,0,C
2024Q1,Coca-Cola,Carbonated Soft Drinks,On-Trade,Western Cape,62,57.08,32.94,3538.96,1496.68,396.39,3142.57,81.2,0,A
2024Q1,Cappy,Juices & Nectars,On-Trade,Western Cape,12,65.85,38.98,790.2,322.44,54.14,736.06,54.8,1,B
2024Q1,Coca-Cola,Carbonated Soft Drinks,Mass Retail,Gauteng,75,53.1,28.82,3982.5,1821.0,358.76,3623.74,87.9,0,D
2024Q4,Coca-Cola,Carbonated Soft Drinks,Convenience,Eastern Cape,11,57.51,32.78,632.61,272.03,36.32,596.29,96.8,1,C
2024Q2,Coca-Cola,Carbonated Soft Drinks,On-Trade,Western Cape,7,52.21,29.45,365.47,159.32,27.14,338.33,61.3,1,C
2024Q3,Schweppes,Mixers,Convenience,KwaZulu-Natal,50,54.58,27.9,2729.0,1334.0,278.04,2450.96,70.7,1,A
2024Q4,Coca-Cola,Carbonated Soft Drinks,Mass Retail,Gauteng,12,53.67,31.05,644.04,271.44,68.18,575.86,62.5,0,C
2024Q1,Coca-Cola,Carbonated Soft Drinks,Mass Retail,Western Cape,22,51.08,27.38,1123.76,521.4,112.5,1011.26,69.3,0,B
2024Q1,Coca-Cola,Carbonated Soft Drinks,Mass Retail,Western Cape,19,43.05,22.58,817.95,388.93,72.78,745.17,48.4,0,B
2024Q2,Fanta,Carbonated Soft Drinks,Convenience,Western Cape,47,45.67,24.8,2146.49,980.89,218.68,1927.81,88.8,1,C
2024Q2,Powerplay,Energy Drinks,Petrol & Travel,Mpumalanga,14,113.46,56.43,1588.44,798.42,181.76,1406.68,53.7,1,C
2024Q1,Stoney,Carbonated Soft Drinks,Mass Retail,Gauteng,30,54.46,33.15,1633.8,639.3,99.87,1533.93,73.7,0,B
2024Q2,Cappy,Juices & Nectars,E-Commerce,Gauteng,63,56.94,31.79,3587.22,1584.45,246.62,3340.6,90.1,1,A
2024Q3,Cappy,Juices & Nectars,E-Commerce,Gauteng,61,70.19,39.61,4281.59,1865.38,315.08,3966.51,78.3,1,B
2024Q4,Coca-Cola,Carbonated Soft Drinks,On-Trade,Gauteng,40,58.65,36.01,2346.0,905.6,213.48,2132.52,53.0,0,A
2024Q2,Coca-Cola,Carbonated Soft Drinks,Mass Retail,KwaZulu-Natal,5,52.16,32.11,260.8,100.25,30.06,230.74,95.5,1,A
2024Q2,Sprite,Carbonated Soft Drinks,On-Trade,Gauteng,10,56.92,33.84,569.2,230.8,62.84,506.36,82.3,0,C
2024Q4,Coca-Cola,Carbonated Soft Drinks,On-Trade,Mpumalanga,48,47.1,25.79,2260.8,1022.88,211.39,2049.41,50.9,1,C
2024Q4,Stoney,Carbonated Soft Drinks,Convenience,North West,11,56.04,31.76,616.44,267.08,42.78,573.66,81.3,0,B
2024Q4,Monster,Energy Drinks,Mass Retail,North West,51,122.23,74.22,6233.73,2448.51,381.94,5851.79,67.4,1,B
2024Q2,Sprite,Carbonated Soft Drinks,Mass Retail,Limpopo,47,41.72,23.62,1960.84,850.7,88.48,1872.36,46.7,0,B
2024Q3,Bonaqua,Water,Mass Retail,Western Cape,53,38.1,21.86,2019.3,860.72,133.41,1885.89,47.4,1,A
2024Q1,Cappy,Juices & Nectars,On-Trade,Gauteng,76,63.65,38.28,4837.4,1928.12,212.14,4625.26,93.6,0,A
2024Q2,Schweppes,Mixers,On-Trade,Western Cape,34,59.77,30.66,2032.18,989.74,239.74,1792.44,57.9,0,C
2024Q2,Fanta,Carbonated Soft Drinks,E-Commerce,Gauteng,50,46.18,24.83,2309.0,1067.5,271.91,2037.09,54.8,0,A
2024Q1,Bonaqua,Water,Mass Retail,Western Cape,36,40.51,21.17,1458.36,696.24,104.64,1353.72,69.5,1,B
2024Q1,Schweppes,Mixers,Mass Retail,Eastern Cape,42,65.82,33.82,2764.44,1344.0,219.57,2544.87,89.0,0,B
2024Q4,Coca-Cola,Carbonated Soft Drinks,Mass Retail,Western Cape,19,56.68,34.6,1076.92,419.52,96.25,980.67,68.1,0,A
2024Q1,Sprite,Carbonated Soft Drinks,On-Trade,Gauteng,67,54.95,29.9,3681.65,1678.35,177.92,3503.73,76.6,0,C
2024Q2,Coca-Cola,Carbonated Soft Drinks,E-Commerce,Western Cape,6,48.82,26.79,292.92,132.18,32.81,260.11,96.9,0,A
2024Q2,Bonaqua,Water,Petrol & Travel,North West,32,35.32,18.24,1130.24,546.56,78.48,1051.76,46.7,1,C
2024Q4,Coca-Cola,Carbonated Soft Drinks,Mass Retail,KwaZulu-Natal,8,46.79,24.29,374.32,180.0,21.87,352.45,84.7,0,A
2024Q3,Coca-Cola,Carbonated Soft Drinks,Mass Retail,Western Cape,16,57.96,34.33,927.36,378.08,49.5,877.86,53.4,0,C
2024Q2,Bonaqua,Water,Mass Retail,KwaZulu-Natal,25,38.76,23.65,969.0,377.75,101.0,868.0,63.2,0,A
2024Q2,Cappy,Juices & Nectars,Petrol & Travel,Western Cape,18,67.5,39.04,1215.0,512.28,100.82,1114.18,75.3,0,B
2024Q3,Cappy,Juices & Nectars,Mass Retail,KwaZulu-Natal,46,61.78,33.62,2841.88,1295.36,175.49,2666.39,81.8,0,B
2024Q3,Cappy,Juices & Nectars,On-Trade,Gauteng,7,70.42,39.02,492.94,219.8,33.88,459.06,59.7,0,C
2024Q3,Sprite,Carbonated Soft Drinks,Mass Retail,KwaZulu-Natal,73,63.09,38.71,4605.57,1779.74,294.25,4311.32,64.7,0,B
2024Q3,Coca-Cola,Carbonated Soft Drinks,On-Trade,KwaZulu-Natal,13,48.53,29.0,630.89,253.89,68.96,561.93,60.0,1,C
2024Q4,Sprite,Carbonated Soft Drinks,Petrol & Travel,Northern Cape,21,53.19,27.3,1116.99,543.69,65.65,1051.34,70.4,0,B
2024Q1,Coca-Cola,Carbonated Soft Drinks,Mass Retail,KwaZulu-Natal,6,55.15,32.76,330.9,134.34,38.41,292.49,66.4,1,B
2024Q4,Bonaqua,Water,Mass Retail,Limpopo,24,39.6,20.92,950.4,448.32,87.07,863.33,72.5,1,B
2024Q1,Sprite,Carbonated Soft Drinks,Mass Retail,Mpumalanga,22,56.96,29.16,1253.12,611.6,117.9,1135.22,55.5,0,B
2024Q1,Sprite,Carbonated Soft Drinks,Convenience,KwaZulu-Natal,35,49.89,26.9,1746.15,804.65,208.37,1537.78,96.1,1,A
2024Q2,Stoney,Carbonated Soft Drinks,Convenience,North West,13,53.18,27.66,691.34,331.76,74.84,616.5,62.5,0,B
2024Q1,Coca-Cola,Carbonated Soft Drinks,On-Trade,Western Cape,93,48.08,26.67,4471.44,1991.13,460.21,4011.23,53.1,0,C
2024Q3,Bonaqua,Water,On-Trade,Gauteng,59,42.86,26.35,2528.74,974.09,112.97,2415.77,63.3,0,C
2024Q4,Sprite,Carbonated Soft Drinks,Wholesale,Gauteng,13,50.44,25.45,655.72,324.87,68.87,586.85,93.1,1,A
2024Q1,Stoney,Carbonated Soft Drinks,Convenience,KwaZulu-Natal,23,56.96,31.4,1310.08,587.88,135.32,1174.76,48.8,0,B
2024Q2,Coca-Cola,Carbonated Soft Drinks,Mass Retail,Eastern Cape,32,47.96,24.13,1534.72,762.56,135.1,1399.62,57.3,0,C
2024Q4,Cappy,Juices & Nectars,Convenience,Gauteng,70,77.06,45.89,5394.2,2181.9,431.65,4962.55,59.3,0,B
2024Q2,Coca-Cola,Carbonated Soft Drinks,Mass Retail,KwaZulu-Natal,36,54.11,30.74,1947.96,841.32,223.59,1724.37,72.3,0,C
2024Q3,Cappy,Juices & Nectars,E-Commerce,Western Cape,36,60.31,30.75,2171.16,1064.16,165.59,2005.57,54.0,1,D
2024Q4,Bonaqua,Water,On-Trade,Western Cape,19,36.99,18.45,702.81,352.26,73.62,629.19,56.7,0,B
2024Q1,Fanta,Carbonated Soft Drinks,Mass Retail,Eastern Cape,26,54.63,27.3,1420.38,710.58,69.08,1351.3,77.1,0,C
2024Q4,Sprite,Carbonated Soft Drinks,Convenience,Western Cape,26,57.85,30.37,1504.1,714.48,72.3,1431.8,86.0,1,B
2024Q2,Powerade,Sports Drinks,Wholesale,Northern Cape,61,67.24,39.36,4101.64,1700.68,181.37,3920.27,45.4,0,B
2024Q1,Cappy,Juices & Nectars,Convenience,Western Cape,132,69.07,34.67,9117.24,4540.8,1000.74,8116.5,86.0,0,B
2024Q1,Powerplay,Energy Drinks,Mass Retail,KwaZulu-Natal,12,100.71,50.48,1208.52,602.76,138.26,1070.26,54.4,1,C
2024Q2,Coca-Cola,Carbonated Soft Drinks,Mass Retail,Western Cape,53,49.24,29.77,2609.72,1031.91,273.69,2336.03,74.9,0,A
2024Q2,Coca-Cola,Carbonated Soft Drinks,Convenience,Gauteng,10,42.61,21.21,426.1,214.0,18.18,407.92,61.8,1,B
2024Q2,Schweppes,Mixers,Mass Retail,Gauteng,12,57.08,28.5,684.96,342.96,75.45,609.51,93.8,0,B
2024Q3,Sprite,Carbonated Soft Drinks,On-Trade,Free State,79,58.59,34.98,4628.61,1865.19,429.14,4199.47,62.5,1,B
2024Q3,Cappy,Juices & Nectars,Wholesale,KwaZulu-Natal,54,64.32,37.14,3473.28,1467.72,265.58,3207.7,46.6,1,B
2024Q4,Fanta,Carbonated Soft Drinks,E-Commerce,KwaZulu-Natal,35,57.11,30.9,1998.85,917.35,130.11,1868.74,77.2,0,C
2024Q3,Coca-Cola,Carbonated Soft Drinks,Convenience,Gauteng,6,51.07,28.16,306.42,137.46,27.12,279.3,55.6,0,A
2024Q2,Schweppes,Mixers,Mass Retail,Gauteng,40,57.28,27.7,2291.2,1183.2,126.42,2164.78,81.6,0,A
2024Q3,Sprite,Carbonated Soft Drinks,On-Trade,Gauteng,45,55.68,29.96,2505.6,1157.4,183.82,2321.78,93.3,0,A
2024Q4,Coca-Cola,Carbonated Soft Drinks,Mass Retail,Western Cape,96,48.32,27.39,4638.72,2009.28,299.26,4339.46,60.8,0,B
2024Q2,Stoney,Carbonated Soft Drinks,Mass Retail,Western Cape,22,57.22,32.65,1258.84,540.54,123.29,1135.55,84.1,0,D
2024Q4,Cappy,Juices & Nectars,Mass Retail,Free State,36,72.53,39.27,2611.08,1197.36,273.72,2337.36,57.9,0,A
2024Q3,Powerade,Sports Drinks,On-Trade,Free State,69,67.91,34.51,4685.79,2304.6,538.33,4147.46,81.5,0,C
2024Q2,Coca-Cola,Carbonated Soft Drinks,Convenience,Western Cape,51,51.63,27.99,2633.13,1205.64,210.34,2422.79,86.4,0,A
2024Q2,Coca-Cola,Carbonated Soft Drinks,Mass Retail,Western Cape,71,48.97,24.39,3476.87,1745.18,367.98,3108.89,78.1,0,B
2024Q3,Sprite,Carbonated Soft Drinks,Convenience,Western Cape,58,52.4,31.06,3039.2,1237.72,238.99,2800.21,65.6,1,A
2024Q3,Schweppes,Mixers,Mass Retail,Gauteng,58,63.27,32.2,3669.66,1802.06,380.02,3289.64,91.8,1,C
2024Q2,Monster,Energy Drinks,On-Trade,Gauteng,50,114.82,71.05,5741.0,2188.5,338.77,5402.23,64.7,0,B
2024Q2,Coca-Cola,Carbonated Soft Drinks,E-Commerce,Gauteng,34,48.25,26.58,1640.5,736.78,145.22,1495.28,62.5,0,C
2024Q3,Coca-Cola,Carbonated Soft Drinks,On-Trade,Western Cape,65,46.62,25.61,3030.3,1365.65,185.86,2844.44,55.0,0,A
2024Q1,Stoney,Carbonated Soft Drinks,E-Commerce,Free State,171,65.43,38.58,11188.53,4591.35,520.25,10668.28,82.8,1,A
2024Q2,Fanta,Carbonated Soft Drinks,E-Commerce,Gauteng,19,51.75,30.87,983.25,396.72,92.9,890.35,65.5,0,C
2024Q3,Fanta,Carbonated Soft Drinks,On-Trade,Western Cape,31,45.91,23.56,1423.21,692.85,170.37,1252.84,76.0,1,B
2024Q3,Powerade,Sports Drinks,Petrol & Travel,KwaZulu-Natal,15,79.61,41.48,1194.15,571.95,56.57,1137.58,57.1,0,A
2024Q1,Schweppes,Mixers,On-Trade,Gauteng,49,58.9,34.82,2886.1,1179.92,144.41,2741.69,86.0,0,A
2024Q4,Bonaqua,Water,Convenience,Gauteng,244,36.96,17.78,9018.24,4679.92,409.59,8608.65,72.9,1,C
2024Q4,Coca-Cola,Carbonated Soft Drinks,Wholesale,KwaZulu-Natal,6,54.73,33.22,328.38,129.06,38.08,290.3,96.9,0,B
2024Q3,Coca-Cola,Carbonated Soft Drinks,On-Trade,North West,36,53.55,31.77,1927.8,784.08,97.46,1830.34,81.2,0,B
2024Q3,Fanta,Carbonated Soft Drinks,On-Trade,Gauteng,11,50.73,28.09,558.03,249.04,53.88,504.15,85.8,0,B
2024Q4,Coca-Cola,Carbonated Soft Drinks,Mass Retail,Gauteng,18,55.73,33.08,1003.14,407.7,68.04,935.1,61.6,0,B
2024Q1,Stoney,Carbonated Soft Drinks,On-Trade,KwaZulu-Natal,26,64.33,30.96,1672.58,867.62,91.87,1580.71,93.2,0,C
2024Q2,Sprite,Carbonated Soft Drinks,Mass Retail,KwaZulu-Natal,7,53.41,27.9,373.87,178.57,41.79,332.08,62.2,0,C
2024Q3,Coca-Cola,Carbonated Soft Drinks,Mass Retail,KwaZulu-Natal,16,54.85,28.28,877.6,425.12,60.24,817.36,79.7,0,A
2024Q4,Stoney,Carbonated Soft Drinks,Petrol & Travel,Western Cape,13,60.32,32.72,784.16,358.8,39.38,744.78,49.7,0,C
2024Q2,Fanta,Carbonated Soft Drinks,Mass Retail,Free State,59,53.64,32.48,3164.76,1248.44,317.19,2847.57,78.2,0,A
2024Q1,Sprite,Carbonated Soft Drinks,Convenience,Gauteng,30,51.23,31.22,1536.9,600.3,133.17,1403.73,54.8,0,A
2024Q3,Monster,Energy Drinks,Convenience,Gauteng,60,110.59,55.57,6635.4,3301.2,643.37,5992.03,81.1,0,C
2024Q2,Fanta,Carbonated Soft Drinks,Convenience,Gauteng,76,50.78,24.55,3859.28,1993.48,192.31,3666.97,63.3,0,B
2024Q1,Powerplay,Energy Drinks,Wholesale,Mpumalanga,10,106.39,59.84,1063.9,465.5,90.79,973.11,72.8,1,B
2024Q3,Coca-Cola,Carbonated Soft Drinks,Convenience,Western Cape,37,55.01,28.44,2035.37,983.09,193.35,1842.02,61.8,0,B
2024Q3,Coca-Cola,Carbonated Soft Drinks,On-Trade,Western Cape,63,50.61,31.34,3188.43,1214.01,168.65,3019.78,46.2,1,B
2024Q2,Monster,Energy Drinks,Mass Retail,Mpumalanga,12,114.09,67.72,1369.08,556.44,99.52,1269.56,77.4,0,D
2024Q3,Stoney,Carbonated Soft Drinks,E-Commerce,Western Cape,65,65.81,37.57,4277.65,1835.6,312.78,3964.87,45.8,0,C
2024Q2,Stoney,Carbonated Soft Drinks,On-Trade,Free State,12,58.66,33.17,703.92,305.88,72.4,631.52,80.3,0,B
2024Q2,Fanta,Carbonated Soft Drinks,Mass Retail,Eastern Cape,43,48.38,25.42,2080.34,987.28,86.9,1993.44,75.3,1,C
2024Q4,Cappy,Juices & Nectars,Mass Retail,Limpopo,29,67.7,36.62,1963.3,901.32,118.29,1845.01,81.5,0,B
2024Q2,Cappy,Juices & Nectars,Convenience,Western Cape,28,74.58,35.85,2088.24,1084.44,119.48,1968.76,98.0,0,D
2024Q1,Fanta,Carbonated Soft Drinks,Convenience,KwaZulu-Natal,62,50.98,24.62,3160.76,1634.32,293.22,2867.54,60.3,1,C
2024Q1,Bonaqua,Water,Wholesale,KwaZulu-Natal,54,38.69,20.59,2089.26,977.4,94.79,1994.47,50.1,1,C
2024Q2,Fanta,Carbonated Soft Drinks,On-Trade,Eastern Cape,29,53.65,32.63,1555.85,609.58,163.98,1391.87,89.4,0,A
2024Q3,Coca-Cola,Carbonated Soft Drinks,On-Trade,Northern Cape,47,45.06,24.27,2117.82,977.13,170.96,1946.86,47.8,0,D
2024Q1,Cappy,Juices & Nectars,E-Commerce,Western Cape,16,69.34,34.32,1109.44,560.32,58.01,1051.43,48.3,1,D
2024Q4,Fanta,Carbonated Soft Drinks,Mass Retail,Gauteng,32,42.97,23.26,1375.04,630.72,107.11,1267.93,77.7,1,A
2024Q2,Sprite,Carbonated Soft Drinks,On-Trade,Western Cape,21,56.12,34.49,1178.52,454.23,112.48,1066.04,53.0,0,B
2024Q4,Stoney,Carbonated Soft Drinks,Convenience,Gauteng,75,58.69,31.6,4401.75,2031.75,362.79,4038.96,61.8,0,A
2024Q2,Schweppes,Mixers,Mass Retail,Limpopo,14,54.11,26.59,757.54,385.28,33.8,723.74,61.2,0,D
2024Q1,Stoney,Carbonated Soft Drinks,On-Trade,KwaZulu-Natal,19,55.07,33.41,1046.33,411.54,95.35,950.98,93.7,0,A
2024Q4,Cappy,Juices & Nectars,On-Trade,Western Cape,129,79.7,46.21,10281.3,4320.21,1134.41,9146.89,77.7,0,B
2024Q4,Coca-Cola,Carbonated Soft Drinks,Mass Retail,Gauteng,39,50.82,25.31,1981.98,994.89,194.45,1787.53,73.0,0,A
2024Q4,Cappy,Juices & Nectars,Convenience,Northern Cape,96,69.84,42.73,6704.64,2602.56,410.16,6294.48,95.2,0,B
2024Q1,Sprite,Carbonated Soft Drinks,Convenience,Gauteng,38,56.0,32.31,2128.0,900.22,91.78,2036.22,75.5,0,B
2024Q2,Schweppes,Mixers,Mass Retail,Free State,36,60.36,35.68,2172.96,888.48,209.48,1963.48,59.9,1,B
2024Q4,Sprite,Carbonated Soft Drinks,Mass Retail,Gauteng,17,58.77,30.22,999.09,485.35,91.43,907.66,86.8,0,A
2024Q1,Coca-Cola,Carbonated Soft Drinks,Convenience,Eastern Cape,27,53.33,27.48,1439.91,697.95,130.97,1308.94,89.0,0,B
2024Q4,Cappy,Juices & Nectars,Mass Retail,Northern Cape,20,71.31,34.77,1426.2,730.8,116.14,1310.06,47.2,0,C
2024Q4,Coca-Cola,Carbonated Soft Drinks,On-Trade,Eastern Cape,16,50.96,25.28,815.36,410.88,86.56,728.8,47.2,0,B
2024Q1,Coca-Cola,Carbonated Soft Drinks,Mass Retail,Gauteng,26,52.96,26.87,1376.96,678.34,125.74,1251.22,61.7,0,A
2024Q4,Fanta,Carbonated Soft Drinks,Mass Retail,Free State,29,50.65,28.71,1468.85,636.26,169.49,1299.36,48.0,1,A
2024Q1,Coca-Cola,Carbonated Soft Drinks,Convenience,Western Cape,51,52.29,26.71,2666.79,1304.58,177.24,2489.55,50.2,0,C
2024Q1,Fanta,Carbonated Soft Drinks,Convenience,Gauteng,30,48.08,26.82,1442.4,637.8,170.2,1272.2,88.4,0,C
2024Q4,Sprite,Carbonated Soft Drinks,E-Commerce,KwaZulu-Natal,28,54.85,30.96,1535.8,668.92,125.46,1410.34,72.4,1,C
2024Q1,Coca-Cola,Carbonated Soft Drinks,Mass Retail,Mpumalanga,12,51.94,28.0,623.28,287.28,28.03,595.25,90.4,1,D
2024Q3,Bonaqua,Water,Convenience,Western Cape,37,38.81,23.24,1435.97,576.09,71.98,1363.99,76.0,0,B
2024Q3,Sprite,Carbonated Soft Drinks,E-Commerce,Gauteng,64,54.79,30.43,3506.56,1559.04,166.42,3340.14,94.7,1,C
2024Q2,Coca-Cola,Carbonated Soft Drinks,E-Commerce,Eastern Cape,44,55.23,32.26,2430.12,1010.68,233.27,2196.85,69.4,1,C
2024Q1,Schweppes,Mixers,Mass Retail,KwaZulu-Natal,73,53.1,30.14,3876.3,1676.08,336.43,3539.87,79.6,0,A
2024Q4,Fanta,Carbonated Soft Drinks,Mass Retail,KwaZulu-Natal,23,51.17,27.16,1176.91,552.23,71.93,1104.98,73.5,1,A
2024Q3,Coca-Cola,Carbonated Soft Drinks,Mass Retail,North West,24,53.11,27.51,1274.64,614.4,130.8,1143.84,47.7,0,B
2024Q2,Bonaqua,Water,Convenience,Gauteng,38,42.61,24.7,1619.18,680.58,167.39,1451.79,56.8,0,B
2024Q1,Coca-Cola,Carbonated Soft Drinks,Mass Retail,Mpumalanga,13,48.59,24.63,631.67,311.48,54.85,576.82,87.1,0,A
2024Q3,Sprite,Carbonated Soft Drinks,Mass Retail,Eastern Cape,7,50.55,29.13,353.85,149.94,36.24,317.61,58.4,0,A
2024Q4,Fanta,Carbonated Soft Drinks,Mass Retail,Gauteng,4,55.93,32.37,223.72,94.24,17.98,205.74,50.9,1,B
2024Q2,Cappy,Juices & Nectars,On-Trade,Eastern Cape,28,68.37,33.3,1914.36,981.96,188.6,1725.76,81.3,0,C
2024Q4,Coca-Cola,Carbonated Soft Drinks,On-Trade,KwaZulu-Natal,49,52.03,25.85,2549.47,1282.82,206.03,2343.44,74.9,1,D
2024Q4,Sprite,Carbonated Soft Drinks,Convenience,Northern Cape,100,53.46,29.19,5346.0,2427.0,588.18,4757.82,79.2,0,C
2024Q1,Monster,Energy Drinks,Convenience,North West,53,119.84,70.1,6351.52,2636.22,607.36,5744.16,74.2,0,C
2024Q2,Cappy,Juices & Nectars,E-Commerce,Gauteng,48,64.5,33.78,3096.0,1474.56,256.53,2839.47,58.2,0,B
2024Q4,Cappy,Juices & Nectars,Convenience,Gauteng,81,77.45,42.49,6273.45,2831.76,353.81,5919.64,63.4,0,B
2024Q1,Schweppes,Mixers,On-Trade,Gauteng,30,60.25,33.86,1807.5,791.7,205.68,1601.82,72.5,1,B
2024Q2,Sprite,Carbonated Soft Drinks,Mass Retail,Eastern Cape,10,49.05,28.45,490.5,206.0,31.24,459.26,83.7,0,B
2024Q2,Powerplay,Energy Drinks,E-Commerce,KwaZulu-Natal,16,105.1,59.84,1681.6,724.16,115.81,1565.79,73.3,0,B
2024Q4,Sprite,Carbonated Soft Drinks,Convenience,Limpopo,59,54.67,29.3,3225.53,1496.83,208.34,3017.19,91.9,1,A
2024Q1,Bonaqua,Water,On-Trade,KwaZulu-Natal,22,39.14,21.72,861.08,383.24,37.67,823.41,77.9,0,A
2024Q4,Cappy,Juices & Nectars,Mass Retail,Free State,11,71.61,43.45,787.71,309.76,48.56,739.15,78.8,0,A
2024Q4,Sprite,Carbonated Soft Drinks,Convenience,Free State,13,53.9,26.39,700.7,357.63,82.01,618.69,85.5,0,A
2024Q2,Coca-Cola,Carbonated Soft Drinks,On-Trade,Limpopo,14,57.4,28.54,803.6,404.04,91.89,711.71,70.9,0,C
2024Q4,Powerplay,Energy Drinks,Mass Retail,Gauteng,15,110.05,57.59,1650.75,786.9,150.27,1500.48,50.3,1,B
2024Q2,Sprite,Carbonated Soft Drinks,Mass Retail,Western Cape,217,56.26,28.48,12208.42,6028.26,520.65,11687.77,95.8,1,A
2024Q4,Monster,Energy Drinks,Mass Retail,Gauteng,44,98.33,59.51,4326.52,1708.08,339.58,3986.94,86.0,0,B
2024Q3,Sprite,Carbonated Soft Drinks,On-Trade,KwaZulu-Natal,31,49.27,28.08,1527.37,656.89,101.65,1425.72,84.2,0,C
2024Q3,Sprite,Carbonated Soft Drinks,Wholesale,Western Cape,17,54.67,26.33,929.39,481.78,64.64,864.75,49.3,0,C
2024Q4,Sprite,Carbonated Soft Drinks,Mass Retail,Western Cape,88,49.93,26.39,4393.84,2071.52,455.53,3938.31,92.1,0,B
2024Q3,Coca-Cola,Carbonated Soft Drinks,Convenience,KwaZulu-Natal,16,51.89,27.61,830.24,388.48,61.4,768.84,95.9,0,B
2024Q3,Sprite,Carbonated Soft Drinks,E-Commerce,Western Cape,87,58.06,32.49,5051.22,2224.59,443.89,4607.33,58.0,1,D
2024Q2,Coca-Cola,Carbonated Soft Drinks,E-Commerce,Free State,59,53.97,29.02,3184.23,1472.05,267.2,2917.03,61.3,0,D
2024Q1,Coca-Cola,Carbonated Soft Drinks,On-Trade,KwaZulu-Natal,56,48.93,26.86,2740.08,1235.92,229.54,2510.54,47.0,0,C
2024Q1,Cappy,Juices & Nectars,Convenience,Gauteng,22,60.19,32.37,1324.18,612.04,100.5,1223.68,57.1,0,C
2024Q2,Coca-Cola,Carbonated Soft Drinks,Convenience,Mpumalanga,155,46.84,26.51,7260.2,3151.15,642.95,6617.25,74.6,0,B
2024Q4,Coca-Cola,Carbonated Soft Drinks,Mass Retail,Western Cape,25,57.33,32.62,1433.25,617.75,69.12,1364.13,49.8,0,B
2024Q1,Coca-Cola,Carbonated Soft Drinks,Convenience,KwaZulu-Natal,41,55.11,31.62,2259.51,963.09,118.88,2140.63,69.0,0,D
2024Q1,Fanta,Carbonated Soft Drinks,Convenience,Gauteng,22,51.48,28.6,1132.56,503.36,127.88,1004.68,92.3,0,C
2024Q2,Coca-Cola,Carbonated Soft Drinks,Convenience,KwaZulu-Natal,52,51.35,30.44,2670.2,1087.32,288.63,2381.57,94.4,0,C
2024Q3,Coca-Cola,Carbonated Soft Drinks,Petrol & Travel,Gauteng,22,50.54,29.15,1111.88,470.58,94.57,1017.31,62.4,0,C
2024Q2,Powerplay,Energy Drinks,Convenience,KwaZulu-Natal,13,103.82,60.28,1349.66,566.02,156.35,1193.31,80.1,0,C
2024Q3,Fanta,Carbonated Soft Drinks,Mass Retail,KwaZulu-Natal,33,49.13,29.2,1621.29,657.69,149.69,1471.6,57.1,0,A
2024Q3,Cappy,Juices & Nectars,Convenience,Western Cape,20,60.92,29.78,1218.4,622.8,133.87,1084.53,94.3,0,C
2024Q2,Powerplay,Energy Drinks,On-Trade,Limpopo,59,118.46,63.12,6989.14,3265.06,632.96,6356.18,89.3,0,B
2024Q2,Fanta,Carbonated Soft Drinks,Mass Retail,KwaZulu-Natal,31,46.73,25.03,1448.63,672.7,145.1,1303.53,71.6,0,D
2024Q4,Powerade,Sports Drinks,E-Commerce,Mpumalanga,27,77.45,39.96,2091.15,1012.23,232.61,1858.54,51.0,1,A
2024Q2,Coca-Cola,Carbonated Soft Drinks,Convenience,KwaZulu-Natal,28,51.16,28.41,1432.48,637.0,128.91,1303.57,68.8,1,C
2024Q4,Stoney,Carbonated Soft Drinks,Wholesale,Western Cape,32,54.38,30.41,1740.16,767.04,111.92,1628.24,56.7,1,D
2024Q2,Coca-Cola,Carbonated Soft Drinks,Convenience,Free State,17,57.22,27.69,972.74,502.01,78.45,894.29,73.4,0,B
2024Q3,Coca-Cola,Carbonated Soft Drinks,On-Trade,Western Cape,41,50.16,28.92,2056.56,870.84,147.21,1909.35,65.2,1,B
2024Q4,Cappy,Juices & Nectars,E-Commerce,KwaZulu-Natal,52,74.62,36.71,3880.24,1971.32,272.57,3607.67,92.9,0,B
2024Q2,Fanta,Carbonated Soft Drinks,Wholesale,Mpumalanga,81,44.54,22.64,3607.74,1773.9,295.49,3312.25,80.5,0,A
2024Q2,Fanta,Carbonated Soft Drinks,Mass Retail,Eastern Cape,15,56.19,33.01,842.85,347.7,94.29,748.56,70.3,1,D
2024Q1,Stoney,Carbonated Soft Drinks,Mass Retail,Eastern Cape,24,56.12,29.92,1346.88,628.8,140.01,1206.87,65.6,1,C
2024Q2,Cappy,Juices & Nectars,Wholesale,Gauteng,103,72.91,43.31,7509.73,3048.8,540.02,6969.71,49.6,0,C
2024Q3,Coca-Cola,Carbonated Soft Drinks,E-Commerce,Mpumalanga,22,57.74,31.96,1270.28,567.16,118.17,1152.11,66.3,1,B
2024Q2,Sprite,Carbonated Soft Drinks,Mass Retail,Western Cape,17,52.64,32.47,894.88,342.89,88.74,806.14,68.9,1,B
2024Q1,Powerplay,Energy Drinks,Wholesale,Mpumalanga,36,107.18,65.63,3858.48,1495.8,164.02,3694.46,93.3,0,B
2024Q2,Coca-Cola,Carbonated Soft Drinks,Wholesale,Western Cape,27,51.34,30.19,1386.18,571.05,107.45,1278.73,89.1,1,A
2024Q4,Powerplay,Energy Drinks,Mass Retail,Gauteng,18,111.51,54.93,2007.18,1018.44,101.71,1905.47,87.9,0,A
2024Q4,Schweppes,Mixers,Wholesale,Gauteng,24,52.23,30.65,1253.52,517.92,78.79,1174.73,93.8,0,B
2024Q1,Cappy,Juices & Nectars,Petrol & Travel,Western Cape,175,71.32,40.76,12481.0,5348.0,757.32,11723.68,64.4,1,B
2024Q2,Cappy,Juices & Nectars,On-Trade,Western Cape,38,68.76,33.45,2612.88,1341.78,219.35,2393.53,63.2,0,A
2024Q4,Coca-Cola,Carbonated Soft Drinks,E-Commerce,Western Cape,90,46.37,23.33,4173.3,2073.6,353.48,3819.82,60.6,1,A
2024Q3,Fanta,Carbonated Soft Drinks,Wholesale,Gauteng,111,55.28,34.14,6136.08,2346.54,573.9,5562.18,72.3,0,D
2024Q2,Coca-Cola,Carbonated Soft Drinks,Convenience,Gauteng,38,57.29,31.6,2177.02,976.22,251.14,1925.88,77.7,0,A
2024Q2,Fanta,Carbonated Soft Drinks,Wholesale,KwaZulu-Natal,40,48.21,24.93,1928.4,931.2,94.96,1833.44,90.0,0,B
2024Q2,Cappy,Juices & Nectars,On-Trade,Western Cape,10,56.45,28.65,564.5,278.0,23.01,541.49,63.5,1,B
2024Q3,Coca-Cola,Carbonated Soft Drinks,Mass Retail,Gauteng,86,50.86,25.23,4373.96,2204.18,207.06,4166.9,92.8,0,B
2024Q2,Coca-Cola,Carbonated Soft Drinks,Mass Retail,Western Cape,14,58.1,33.78,813.4,340.48,58.85,754.55,96.3,0,B
2024Q4,Coca-Cola,Carbonated Soft Drinks,Wholesale,KwaZulu-Natal,29,50.62,28.29,1467.98,647.57,75.38,1392.6,45.1,1,B
2024Q4,Coca-Cola,Carbonated Soft Drinks,E-Commerce,Gauteng,201,53.74,26.49,10801.74,5477.25,1006.86,9794.88,77.7,0,B
2024Q2,Coca-Cola,Carbonated Soft Drinks,Mass Retail,Free State,31,54.08,29.65,1676.48,757.33,104.83,1571.65,71.9,1,B
2024Q1,Schweppes,Mixers,Mass Retail,Northern Cape,18,54.33,33.21,977.94,380.16,50.45,927.49,92.2,1,A
2024Q4,Coca-Cola,Carbonated Soft Drinks,On-Trade,KwaZulu-Natal,11,56.67,29.71,623.37,296.56,74.72,548.65,57.0,1,B
2024Q2,Cappy,Juices & Nectars,Convenience,Northern Cape,112,69.9,43.17,7828.8,2993.76,752.45,7076.35,74.8,0,B
2024Q1,Sprite,Carbonated Soft Drinks,Mass Retail,Gauteng,123,62.25,31.78,7656.75,3747.81,717.41,6939.34,55.8,0,B
2024Q4,Coca-Cola,Carbonated Soft Drinks,On-Trade,Mpumalanga,16,47.4,26.83,758.4,329.12,34.25,724.15,45.6,1,A
2024Q1,Powerplay,Energy Drinks,Convenience,Eastern Cape,23,104.24,61.33,2397.52,986.93,181.61,2215.91,69.9,0,B
2024Q4,Fanta,Carbonated Soft Drinks,Convenience,Gauteng,43,46.68,22.42,2007.24,1043.18,88.16,1919.08,60.1,0,C
2024Q1,Cappy,Juices & Nectars,E-Commerce,Eastern Cape,18,77.57,42.0,1396.26,640.26,107.91,1288.35,61.5,0,A
2024Q1,Sprite,Carbonated Soft Drinks,Mass Retail,Western Cape,19,67.47,36.78,1281.93,583.11,147.25,1134.68,83.4,1,B
2024Q1,Sprite,Carbonated Soft Drinks,On-Trade,Western Cape,8,53.08,32.81,424.64,162.16,31.1,393.54,48.6,0,D
2024Q3,Stoney,Carbonated Soft Drinks,Wholesale,Gauteng,69,51.78,26.49,3572.82,1745.01,153.19,3419.63,50.1,0,B
2024Q3,Bonaqua,Water,Convenience,KwaZulu-Natal,74,38.91,20.15,2879.34,1388.24,122.43,2756.91,86.4,0,B
2024Q2,Sprite,Carbonated Soft Drinks,Wholesale,Free State,7,55.08,32.39,385.56,158.83,15.7,369.86,94.0,0,D
2024Q3,Sprite,Carbonated Soft Drinks,Mass Retail,Gauteng,8,56.93,27.59,455.44,234.72,54.65,400.79,85.4,0,A
2024Q3,Coca-Cola,Carbonated Soft Drinks,Convenience,Gauteng,28,48.82,24.18,1366.96,689.92,154.43,1212.53,62.5,0,C
2024Q1,Monster,Energy Drinks,Mass Retail,Gauteng,67,115.29,58.59,7724.43,3798.9,567.49,7156.94,77.8,0,B
2024Q3,Coca-Cola,Carbonated Soft Drinks,Convenience,Gauteng,17,53.04,29.49,901.68,400.35,99.88,801.8,91.0,0,A
2024Q1,Coca-Cola,Carbonated Soft Drinks,On-Trade,Northern Cape,113,51.52,25.75,5821.76,2912.01,685.92,5135.84,63.8,0,C
2024Q2,Sprite,Carbonated Soft Drinks,Mass Retail,KwaZulu-Natal,19,51.23,28.73,973.37,427.5,72.37,901.0,55.2,0,D
2024Q1,Schweppes,Mixers,E-Commerce,Western Cape,32,49.14,26.21,1572.48,733.76,134.68,1437.8,87.2,0,B
2024Q1,Fanta,Carbonated Soft Drinks,Mass Retail,Gauteng,49,42.68,23.27,2091.32,951.09,250.78,1840.54,87.9,0,A
2024Q3,Bonaqua,Water,Wholesale,KwaZulu-Natal,8,39.91,23.38,319.28,132.24,34.36,284.92,96.1,0,C
2024Q2,Fanta,Carbonated Soft Drinks,Mass Retail,Free State,20,57.78,32.66,1155.6,502.4,78.47,1077.13,84.1,1,B
2024Q2,Schweppes,Mixers,Convenience,Western Cape,38,60.17,35.0,2286.46,956.46,242.17,2044.29,64.2,1,A
2024Q1,Fanta,Carbonated Soft Drinks,Petrol & Travel,Western Cape,10,48.85,29.55,488.5,193.0,47.23,441.27,45.4,1,C
2024Q2,Powerplay,Energy Drinks,Convenience,Gauteng,45,93.24,47.16,4195.8,2073.6,245.72,3950.08,63.7,1,B
2024Q3,Sprite,Carbonated Soft Drinks,Mass Retail,Gauteng,33,61.63,31.99,2033.79,978.12,132.29,1901.5,47.1,1,C
2024Q3,Sprite,Carbonated Soft Drinks,Mass Retail,KwaZulu-Natal,20,56.86,31.08,1137.2,515.6,122.12,1015.08,64.5,0,C
2024Q2,Fanta,Carbonated Soft Drinks,Mass Retail,KwaZulu-Natal,38,54.03,33.14,2053.14,793.82,216.64,1836.5,67.0,0,A
2024Q1,Cappy,Juices & Nectars,On-Trade,Gauteng,37,61.35,31.71,2269.95,1096.68,142.29,2127.66,51.7,0,C
2024Q2,Coca-Cola,Carbonated Soft Drinks,Mass Retail,Western Cape,240,50.11,26.19,12026.4,5740.8,1243.29,10783.11,72.6,0,C
2024Q3,Coca-Cola,Carbonated Soft Drinks,Mass Retail,North West,64,49.56,28.12,3171.84,1372.16,345.69,2826.15,53.5,0,A
2024Q2,Bonaqua,Water,Wholesale,North West,27,39.34,21.06,1062.18,493.56,118.5,943.68,74.5,0,B
2024Q3,Sprite,Carbonated Soft Drinks,Mass Retail,KwaZulu-Natal,93,47.99,26.95,4463.07,1956.72,395.45,4067.62,56.2,0,A
2024Q1,Cappy,Juices & Nectars,E-Commerce,Eastern Cape,76,59.53,30.59,4524.28,2199.44,314.36,4209.92,87.0,0,A
2024Q1,Powerade,Sports Drinks,Convenience,KwaZulu-Natal,44,72.92,41.42,3208.48,1386.0,137.04,3071.44,84.7,0,B
2024Q1,Sprite,Carbonated Soft Drinks,Mass Retail,Gauteng,12,54.94,33.89,659.28,252.6,41.67,617.61,66.7,1,B
2024Q3,Cappy,Juices & Nectars,Mass Retail,Gauteng,27,65.18,36.29,1759.86,780.03,148.92,1610.94,77.1,0,D
2024Q1,Fanta,Carbonated Soft Drinks,Convenience,Gauteng,103,49.95,30.51,5144.85,2002.32,316.82,4828.03,51.9,0,C
2024Q4,Coca-Cola,Carbonated Soft Drinks,Mass Retail,Gauteng,41,45.5,22.57,1865.5,940.13,157.19,1708.31,47.1,0,A
2024Q3,Coca-Cola,Carbonated Soft Drinks,Mass Retail,Gauteng,31,52.82,27.26,1637.42,792.36,124.18,1513.24,77.9,1,B
2024Q4,Stoney,Carbonated Soft Drinks,On-Trade,KwaZulu-Natal,21,62.34,29.97,1309.14,679.77,107.27,1201.87,51.1,0,A
2024Q2,Bonaqua,Water,Wholesale,Gauteng,45,39.03,21.3,1756.35,797.85,149.82,1606.53,54.9,1,C
2024Q3,Sprite,Carbonated Soft Drinks,Convenience,Limpopo,11,58.58,31.28,644.38,300.3,50.49,593.89,57.2,0,D
2024Q2,Fanta,Carbonated Soft Drinks,Mass Retail,North West,30,52.75,32.1,1582.5,619.5,175.05,1407.45,53.8,1,B
2024Q1,Cappy,Juices & Nectars,On-Trade,Western Cape,237,55.34,29.21,13115.58,6192.81,852.95,12262.63,67.9,0,B
2024Q3,Coca-Cola,Carbonated Soft Drinks,Convenience,Gauteng,40,50.05,30.51,2002.0,781.6,202.36,1799.64,55.2,1,C
2024Q1,Cappy,Juices & Nectars,Mass Retail,Gauteng,53,66.79,39.72,3539.87,1434.71,300.96,3238.91,52.6,0,B
2024Q2,Coca-Cola,Carbonated Soft Drinks,Convenience,Gauteng,42,62.09,35.19,2607.78,1129.8,301.09,2306.69,78.3,1,B
2024Q3,Monster,Energy Drinks,E-Commerce,KwaZulu-Natal,66,113.91,63.72,7518.06,3312.54,603.07,6914.99,83.9,0,A
2024Q4,Coca-Cola,Carbonated Soft Drinks,Mass Retail,Western Cape,34,51.48,27.65,1750.32,810.22,201.76,1548.56,96.5,0,A
2024Q4,Sprite,Carbonated Soft Drinks,E-Commerce,Western Cape,21,56.35,28.19,1183.35,591.36,129.18,1054.17,92.4,0,B
2024Q1,Stoney,Carbonated Soft Drinks,Convenience,KwaZulu-Natal,20,50.12,30.16,1002.4,399.2,57.02,945.38,60.6,0,A
2024Q1,Cappy,Juices & Nectars,Convenience,Western Cape,51,72.93,37.36,3719.43,1814.07,373.67,3345.76,83.6,1,B
2024Q2,Coca-Cola,Carbonated Soft Drinks,E-Commerce,KwaZulu-Natal,121,52.08,26.39,6301.68,3108.49,485.36,5816.32,51.4,0,B
2024Q2,Sprite,Carbonated Soft Drinks,Wholesale,Gauteng,33,48.67,24.32,1606.11,803.55,113.47,1492.64,59.6,0,C
2024Q3,Coca-Cola,Carbonated Soft Drinks,Mass Retail,KwaZulu-Natal,20,53.2,32.64,1064.0,411.2,105.95,958.05,77.6,0,A
2024Q4,Sprite,Carbonated Soft Drinks,E-Commerce,Limpopo,69,55.45,29.57,3826.05,1785.72,311.79,3514.26,84.3,1,A
2024Q4,Schweppes,Mixers,Petrol & Travel,Gauteng,88,59.69,36.65,5252.72,2027.52,395.38,4857.34,59.8,0,C
2024Q3,Coca-Cola,Carbonated Soft Drinks,Wholesale,Gauteng,44,56.39,29.22,2481.16,1195.48,279.58,2201.58,54.5,1,B
2024Q3,Fanta,Carbonated Soft Drinks,E-Commerce,Gauteng,41,55.58,28.6,2278.78,1106.18,213.46,2065.32,85.6,0,B
2024Q4,Sprite,Carbonated Soft Drinks,On-Trade,KwaZulu-Natal,84,55.52,28.26,4663.68,2289.84,343.67,4320.01,58.6,1,A
2024Q4,Cappy,Juices & Nectars,Petrol & Travel,Gauteng,18,73.32,38.04,1319.76,635.04,152.14,1167.62,79.8,0,B
2024Q4,Coca-Cola,Carbonated Soft Drinks,Mass Retail,Free State,18,57.02,31.87,1026.36,452.7,63.24,963.12,89.2,0,D
2024Q4,Coca-Cola,Carbonated Soft Drinks,Convenience,Western Cape,44,51.0,28.63,2244.0,984.28,178.63,2065.37,46.8,0,A
2024Q3,Bonaqua,Water,On-Trade,Eastern Cape,35,42.32,22.94,1481.2,678.3,101.86,1379.34,59.2,0,A
2024Q1,Sprite,Carbonated Soft Drinks,Wholesale,Western Cape,51,52.16,27.28,2660.16,1268.88,154.52,2505.64,74.6,0,D
2024Q1,Fanta,Carbonated Soft Drinks,E-Commerce,Gauteng,15,53.15,27.97,797.25,377.7,87.3,709.95,83.3,0,C
2024Q3,Fanta,Carbonated Soft Drinks,Wholesale,Western Cape,65,47.35,25.1,3077.75,1446.25,221.94,2855.81,60.2,1,C
2024Q1,Coca-Cola,Carbonated Soft Drinks,Wholesale,Mpumalanga,26,51.83,28.19,1347.58,614.64,132.06,1215.52,95.9,1,C
2024Q4,Fanta,Carbonated Soft Drinks,E-Commerce,Western Cape,31,42.77,21.55,1325.87,657.82,65.43,1260.44,69.0,0,C
2024Q1,Schweppes,Mixers,Convenience,Mpumalanga,18,60.53,35.39,1089.54,452.52,90.4,999.14,68.9,0,B
2024Q3,Fanta,Carbonated Soft Drinks,Mass Retail,Western Cape,76,54.69,26.34,4156.44,2154.6,453.91,3702.53,87.0,0,C
2024Q4,Coca-Cola,Carbonated Soft Drinks,Mass Retail,Limpopo,27,51.59,25.13,1392.93,714.42,130.22,1262.71,54.9,0,D
2024Q1,Bonaqua,Water,Convenience,North West,23,43.57,23.23,1002.11,467.82,66.32,935.79,49.9,1,D
2024Q1,Sprite,Carbonated Soft Drinks,E-Commerce,KwaZulu-Natal,56,55.05,33.49,3082.8,1207.36,323.04,2759.76,78.3,0,B
2024Q2,Coca-Cola,Carbonated Soft Drinks,E-Commerce,Free State,11,52.28,30.1,575.08,243.98,65.36,509.72,46.0,1,C
2024Q3,Cappy,Juices & Nectars,On-Trade,Free State,22,65.39,33.45,1438.58,702.68,101.73,1336.85,94.8,0,D
2024Q1,Coca-Cola,Carbonated Soft Drinks,On-Trade,KwaZulu-Natal,10,53.65,25.91,536.5,277.4,25.09,511.41,82.6,1,B
2024Q3,Sprite,Carbonated Soft Drinks,On-Trade,Gauteng,20,49.55,28.34,991.0,424.2,76.85,914.15,95.1,0,C
2024Q4,Fanta,Carbonated Soft Drinks,Mass Retail,Western Cape,37,44.42,24.13,1643.54,750.73,169.24,1474.3,94.6,0,C
2024Q4,Coca-Cola,Carbonated Soft Drinks,E-Commerce,Gauteng,11,49.89,30.33,548.79,215.16,38.9,509.89,85.8,0,A
2024Q4,Fanta,Carbonated Soft Drinks,Convenience,Western Cape,19,60.54,34.99,1150.26,485.45,63.86,1086.4,70.9,0,A
2024Q3,Cappy,Juices & Nectars,Convenience,KwaZulu-Natal,44,60.87,34.12,2678.28,1177.0,270.23,2408.05,91.3,1,B
2024Q3,Stoney,Carbonated Soft Drinks,E-Commerce,Gauteng,20,65.64,37.29,1312.8,567.0,141.81,1170.99,58.6,0,A
2024Q4,Coca-Cola,Carbonated Soft Drinks,E-Commerce,Gauteng,107,51.61,29.81,5522.27,2332.6,560.9,4961.37,60.3,0,B
2024Q1,Coca-Cola,Carbonated Soft Drinks,Mass Retail,Limpopo,15,61.38,32.71,920.7,430.05,61.25,859.45,45.5,1,A
2024Q4,Sprite,Carbonated Soft Drinks,Petrol & Travel,Gauteng,34,55.57,33.04,1889.38,766.02,109.03,1780.35,71.1,0,A
2024Q3,Sprite,Carbonated Soft Drinks,E-Commerce,Gauteng,26,55.27,28.7,1437.02,690.82,107.58,1329.44,92.3,0,C
2024Q3,Coca-Cola,Carbonated Soft Drinks,Convenience,Gauteng,29,42.6,25.32,1235.4,501.12,79.03,1156.37,77.6,1,B
2024Q2,Fanta,Carbonated Soft Drinks,Convenience,Free State,23,49.97,29.95,1149.31,460.46,50.42,1098.89,56.9,0,C
2024Q4,Sprite,Carbonated Soft Drinks,E-Commerce,KwaZulu-Natal,104,58.98,28.97,6133.92,3121.04,266.69,5867.23,87.3,0,C
2024Q3,Cappy,Juices & Nectars,Convenience,Free State,49,71.91,42.08,3523.59,1461.67,247.79,3275.8,76.3,0,D
2024Q4,Sprite,Carbonated Soft Drinks,Wholesale,Western Cape,26,49.95,29.15,1298.7,540.8,107.29,1191.41,81.1,0,C
2024Q2,Stoney,Carbonated Soft Drinks,Wholesale,North West,22,57.82,27.9,1272.04,658.24,74.42,1197.62,62.7,1,D
2024Q3,Sprite,Carbonated Soft Drinks,Mass Retail,Gauteng,55,58.79,28.89,3233.45,1644.5,309.72,2923.73,72.6,1,A
2024Q1,Fanta,Carbonated Soft Drinks,On-Trade,Western Cape,24,50.89,25.69,1221.36,604.8,63.44,1157.92,94.8,0,C
2024Q3,Stoney,Carbonated Soft Drinks,Convenience,Gauteng,88,58.05,29.62,5108.4,2501.84,584.85,4523.55,81.9,0,A
2024Q3,Sprite,Carbonated Soft Drinks,E-Commerce,Gauteng,52,60.53,36.57,3147.56,1245.92,334.69,2812.87,55.5,1,D
2024Q2,Stoney,Carbonated Soft Drinks,Mass Retail,North West,29,59.41,31.14,1722.89,819.83,175.26,1547.63,89.5,1,B
2024Q2,Bonaqua,Water,Mass Retail,Gauteng,30,43.86,27.09,1315.8,503.1,146.04,1169.76,92.2,1,D
2024Q3,Sprite,Carbonated Soft Drinks,Convenience,Western Cape,39,55.32,27.71,2157.48,1076.79,185.41,1972.07,63.2,0,A
2024Q2,Cappy,Juices & Nectars,Mass Retail,Gauteng,39,71.77,42.07,2799.03,1158.3,262.71,2536.32,73.0,0,C
2024Q1,Fanta,Carbonated Soft Drinks,On-Trade,KwaZulu-Natal,31,55.95,28.13,1734.45,862.42,75.55,1658.9,57.3,0,B
2024Q3,Coca-Cola,Carbonated Soft Drinks,Petrol & Travel,Gauteng,25,50.13,24.65,1253.25,637.0,102.63,1150.62,51.7,0,A
2024Q1,Stoney,Carbonated Soft Drinks,Mass Retail,Eastern Cape,88,53.96,32.57,4748.48,1882.32,222.62,4525.86,97.4,0,C
2024Q4,Coca-Cola,Carbonated Soft Drinks,Convenience,Gauteng,29,50.63,30.58,1468.27,581.45,128.77,1339.5,60.2,0,B
2024Q4,Coca-Cola,Carbonated Soft Drinks,Wholesale,Free State,57,55.53,33.56,3165.21,1252.29,321.53,2843.68,60.2,0,A
2024Q4,Cappy,Juices & Nectars,Mass Retail,North West,25,68.87,34.63,1721.75,856.0,90.77,1630.98,55.3,1,B
2024Q3,Powerade,Sports Drinks,On-Trade,Gauteng,44,69.57,34.87,3061.08,1526.8,295.22,2765.86,78.2,1,D
2024Q1,Coca-Cola,Carbonated Soft Drinks,Convenience,Western Cape,18,48.65,28.33,875.7,365.76,57.4,818.3,59.7,1,C
2024Q2,Sprite,Carbonated Soft Drinks,Convenience,Mpumalanga,39,56.89,31.07,2218.71,1006.98,256.11,1962.6,60.6,0,D
2024Q4,Coca-Cola,Carbonated Soft Drinks,Mass Retail,KwaZulu-Natal,13,47.28,28.29,614.64,246.87,63.28,551.36,60.6,1,C
2024Q1,Coca-Cola,Carbonated Soft Drinks,On-Trade,KwaZulu-Natal,91,49.13,24.27,4470.83,2262.26,419.22,4051.61,92.2,1,C
2024Q1,Coca-Cola,Carbonated Soft Drinks,Wholesale,Gauteng,79,54.64,29.63,4316.56,1975.79,243.01,4073.55,94.0,1,C
2024Q2,Monster,Energy Drinks,Convenience,Gauteng,6,119.14,64.88,714.84,325.56,59.28,655.56,73.3,1,A
2024Q4,Cappy,Juices & Nectars,Mass Retail,Free State,32,64.66,35.94,2069.12,919.04,128.27,1940.85,74.2,0,B
2024Q1,Sprite,Carbonated Soft Drinks,Petrol & Travel,Gauteng,94,49.62,30.47,4664.28,1800.1,369.71,4294.57,86.7,1,B
2024Q1,Cappy,Juices & Nectars,Mass Retail,Gauteng,58,73.48,41.85,4261.84,1834.54,474.95,3786.89,57.4,0,C
2024Q2,Sprite,Carbonated Soft Drinks,On-Trade,Gauteng,39,53.58,32.05,2089.62,839.67,151.43,1938.19,63.9,0,C
2024Q1,Bonaqua,Water,Convenience,Western Cape,27,38.99,20.71,1052.73,493.56,85.78,966.95,70.3,1,B
2024Q2,Schweppes,Mixers,Convenience,Limpopo,62,57.68,27.91,3576.16,1845.74,337.68,3238.48,78.1,0,D
2024Q2,Fanta,Carbonated Soft Drinks,Petrol & Travel,Western Cape,91,55.99,32.91,5095.09,2100.28,312.96,4782.13,76.6,0,A
2024Q4,Sprite,Carbonated Soft Drinks,E-Commerce,Limpopo,17,54.85,28.58,932.45,446.59,58.18,874.27,83.4,0,B
2024Q3,Coca-Cola,Carbonated Soft Drinks,Convenience,Western Cape,51,54.19,27.16,2763.69,1378.53,146.23,2617.46,60.7,1,A
2024Q3,Sprite,Carbonated Soft Drinks,Petrol & Travel,Western Cape,31,56.24,32.99,1743.44,720.75,182.02,1561.42,65.5,0,D
2024Q3,Coca-Cola,Carbonated Soft Drinks,Petrol & Travel,Gauteng,27,48.34,29.75,1305.18,501.93,69.8,1235.38,65.4,0,A
2024Q3,Sprite,Carbonated Soft Drinks,Convenience,Eastern Cape,83,61.8,37.05,5129.4,2054.25,217.11,4912.29,85.9,0,A
2024Q4,Cappy,Juices & Nectars,Mass Retail,KwaZulu-Natal,34,65.16,34.46,2215.44,1043.8,97.61,2117.83,67.1,0,C
2024Q2,Bonaqua,Water,Mass Retail,Western Cape,39,42.69,25.61,1664.91,666.12,82.79,1582.12,56.2,0,C
2024Q2,Coca-Cola,Carbonated Soft Drinks,Convenience,Gauteng,26,53.75,30.47,1397.5,605.28,96.44,1301.06,69.8,0,B
2024Q4,Coca-Cola,Carbonated Soft Drinks,Convenience,Western Cape,16,55.32,29.0,885.12,421.12,55.92,829.2,86.4,0,C
2024Q3,Sprite,Carbonated Soft Drinks,Wholesale,Gauteng,55,52.5,28.92,2887.5,1296.9,174.11,2713.39,64.3,0,B
2024Q2,Coca-Cola,Carbonated Soft Drinks,E-Commerce,Gauteng,140,51.47,28.14,7205.8,3266.2,502.42,6703.38,87.2,0,B
2024Q1,Monster,Energy Drinks,E-Commerce,Western Cape,28,108.09,59.57,3026.52,1358.56,197.69,2828.83,86.5,1,C
2024Q1,Schweppes,Mixers,Convenience,KwaZulu-Natal,49,63.03,32.81,3088.47,1480.78,208.65,2879.82,54.7,1,A
2024Q4,Coca-Cola,Carbonated Soft Drinks,E-Commerce,Western Cape,17,58.04,33.45,986.68,418.03,80.05,906.63,52.7,0,A
2024Q3,Coca-Cola,Carbonated Soft Drinks,On-Trade,Mpumalanga,17,56.29,32.13,956.93,410.72,53.51,903.42,52.2,0,A
2024Q3,Cappy,Juices & Nectars,Mass Retail,KwaZulu-Natal,100,63.71,34.68,6371.0,2903.0,296.24,6074.76,78.6,0,D
2024Q1,Cappy,Juices & Nectars,Mass Retail,KwaZulu-Natal,77,63.7,31.95,4904.9,2444.75,554.53,4350.37,62.7,0,D
2024Q2,Coca-Cola,Carbonated Soft Drinks,Mass Retail,KwaZulu-Natal,36,48.91,25.6,1760.76,839.16,142.06,1618.7,84.4,0,B
2024Q1,Sprite,Carbonated Soft Drinks,On-Trade,Western Cape,34,51.94,25.11,1765.96,912.22,119.86,1646.1,70.3,0,C
2024Q2,Fanta,Carbonated Soft Drinks,Wholesale,KwaZulu-Natal,12,50.13,30.6,601.56,234.36,55.36,546.2,61.8,0,B
2024Q1,Cappy,Juices & Nectars,Mass Retail,KwaZulu-Natal,60,77.32,39.2,4639.2,2287.2,272.22,4366.98,74.9,0,C
2024Q2,Powerplay,Energy Drinks,Convenience,Western Cape,16,116.21,67.41,1859.36,780.8,139.64,1719.72,78.6,0,A
2024Q1,Coca-Cola,Carbonated Soft Drinks,Wholesale,Western Cape,68,54.21,30.93,3686.28,1583.04,204.07,3482.21,60.1,0,B
2024Q1,Schweppes,Mixers,Petrol & Travel,Gauteng,115,55.75,27.74,6411.25,3221.15,731.66,5679.59,46.8,1,B
2024Q3,Coca-Cola,Carbonated Soft Drinks,Mass Retail,Free State,108,51.74,26.9,5587.92,2682.72,556.9,5031.02,86.0,0,D
2024Q1,Fanta,Carbonated Soft Drinks,E-Commerce,KwaZulu-Natal,25,46.56,25.54,1164.0,525.5,89.55,1074.45,58.6,0,B
2024Q4,Powerade,Sports Drinks,On-Trade,Western Cape,12,59.69,29.53,716.28,361.92,62.59,653.69,79.7,0,C
2024Q1,Fanta,Carbonated Soft Drinks,Mass Retail,Gauteng,38,51.26,26.3,1947.88,948.48,114.64,1833.24,93.5,0,C
2024Q3,Powerade,Sports Drinks,Mass Retail,KwaZulu-Natal,58,72.35,37.43,4196.3,2025.36,452.33,3743.97,52.6,0,B
2024Q3,Powerplay,Energy Drinks,Petrol & Travel,Gauteng,61,91.45,49.83,5578.45,2538.82,428.34,5150.11,74.3,0,D
2024Q2,Bonaqua,Water,E-Commerce,Eastern Cape,62,36.52,21.57,2264.24,926.9,177.33,2086.91,79.4,0,B
2024Q2,Coca-Cola,Carbonated Soft Drinks,On-Trade,Eastern Cape,30,49.3,23.73,1479.0,767.1,137.47,1341.53,71.9,1,B
2024Q3,Coca-Cola,Carbonated Soft Drinks,Convenience,Free State,70,52.44,27.67,3670.8,1733.9,435.32,3235.48,95.8,0,B
2024Q2,Stoney,Carbonated Soft Drinks,Mass Retail,Gauteng,24,65.66,35.22,1575.84,730.56,183.35,1392.49,64.4,1,B
2024Q1,Monster,Energy Drinks,Mass Retail,Gauteng,48,104.2,55.6,5001.6,2332.8,279.83,4721.77,88.1,0,C
2024Q3,Coca-Cola,Carbonated Soft Drinks,Convenience,Western Cape,13,52.97,26.86,688.61,339.43,34.48,654.13,72.3,0,B
2024Q3,Powerplay,Energy Drinks,Mass Retail,Western Cape,15,116.18,69.62,1742.7,698.4,84.44,1658.26,51.0,0,B
2024Q1,Monster,Energy Drinks,Convenience,Gauteng,63,102.23,49.2,6440.49,3340.89,305.85,6134.64,77.3,1,B
2024Q2,Fanta,Carbonated Soft Drinks,Mass Retail,Gauteng,32,48.16,25.35,1541.12,729.92,160.55,1380.57,88.4,0,D
2024Q1,Fanta,Carbonated Soft Drinks,E-Commerce,Gauteng,25,42.72,24.71,1068.0,450.25,48.64,1019.36,62.6,0,B
2024Q3,Sprite,Carbonated Soft Drinks,Convenience,Gauteng,131,49.62,24.49,6500.22,3292.03,664.09,5836.13,50.3,0,A
2024Q1,Powerplay,Energy Drinks,E-Commerce,Free State,97,95.68,57.27,9280.96,3725.77,378.84,8902.12,59.1,0,B
2024Q4,Coca-Cola,Carbonated Soft Drinks,Mass Retail,Eastern Cape,112,48.57,24.27,5439.84,2721.6,512.81,4927.03,48.9,0,B
2024Q2,Coca-Cola,Carbonated Soft Drinks,Mass Retail,Gauteng,24,43.75,22.02,1050.0,521.52,94.74,955.26,62.9,0,C
2024Q3,Fanta,Carbonated Soft Drinks,E-Commerce,North West,14,52.05,31.19,728.7,292.04,72.25,656.45,75.6,1,B
2024Q1,Coca-Cola,Carbonated Soft Drinks,Convenience,Western Cape,20,56.0,27.8,1120.0,564.0,59.54,1060.46,96.0,0,C
2024Q1,Monster,Energy Drinks,Mass Retail,Gauteng,46,105.3,60.23,4843.8,2073.22,512.08,4331.72,65.2,0,B
2024Q2,Sprite,Carbonated Soft Drinks,On-Trade,Mpumalanga,11,62.67,30.44,689.37,354.53,67.82,621.55,79.0,0,C
2024Q1,Sprite,Carbonated Soft Drinks,Convenience,KwaZulu-Natal,14,50.17,29.29,702.38,292.32,69.07,633.31,88.4,0,B
2024Q2,Coca-Cola,Carbonated Soft Drinks,On-Trade,Western Cape,17,55.49,27.42,943.33,477.19,95.22,848.11,50.2,0,A
2024Q4,Schweppes,Mixers,On-Trade,Free State,35,62.2,32.92,2177.0,1024.8,178.83,1998.17,83.9,0,B
2024Q1,Coca-Cola,Carbonated Soft Drinks,Mass Retail,Western Cape,24,52.51,27.51,1260.24,600.0,101.89,1158.35,55.0,1,C
2024Q2,Sprite,Carbonated Soft Drinks,Mass Retail,Gauteng,29,53.04,26.99,1538.16,755.45,152.71,1385.45,82.5,0,B
2024Q3,Schweppes,Mixers,E-Commerce,Western Cape,98,65.29,35.06,6398.42,2962.54,581.67,5816.75,51.1,0,B
2024Q1,Sprite,Carbonated Soft Drinks,On-Trade,Eastern Cape,456,58.09,32.64,26489.04,11605.2,2704.11,23784.93,70.4,0,A
2024Q2,Bonaqua,Water,Wholesale,Limpopo,19,39.13,19.83,743.47,366.7,29.77,713.7,91.1,0,C
2024Q1,Coca-Cola,Carbonated Soft Drinks,Wholesale,Western Cape,4,51.04,30.04,204.16,84.0,14.75,189.41,90.8,1,B
2024Q2,Fanta,Carbonated Soft Drinks,Convenience,Mpumalanga,53,49.31,23.75,2613.43,1354.68,186.24,2427.19,58.8,0,C
2024Q2,Schweppes,Mixers,On-Trade,Gauteng,56,55.52,33.93,3109.12,1209.04,335.57,2773.55,66.1,0,C
2024Q3,Schweppes,Mixers,Mass Retail,Northern Cape,17,63.37,31.25,1077.29,546.04,100.58,976.71,83.6,1,C
2024Q2,Schweppes,Mixers,Mass Retail,Gauteng,41,57.47,30.21,2356.27,1117.66,151.16,2205.11,92.9,1,C
2024Q4,Coca-Cola,Carbonated Soft Drinks,Convenience,Free State,18,51.21,24.72,921.78,476.82,64.59,857.19,82.4,0,D
2024Q4,Monster,Energy Drinks,On-Trade,Limpopo,65,121.7,68.18,7910.5,3478.8,928.69,6981.81,83.6,0,B
2024Q2,Bonaqua,Water,Mass Retail,Western Cape,63,37.24,20.99,2346.12,1023.75,267.33,2078.79,72.1,1,C
2024Q1,Stoney,Carbonated Soft Drinks,Mass Retail,KwaZulu-Natal,11,57.11,29.17,628.21,307.34,48.77,579.44,92.3,1,B
2024Q4,Fanta,Carbonated Soft Drinks,Convenience,Gauteng,60,48.23,25.44,2893.8,1367.4,338.55,2555.25,59.3,0,C
2024Q4,Coca-Cola,Carbonated Soft Drinks,Mass Retail,Gauteng,30,55.12,31.72,1653.6,702.0,197.43,1456.17,66.7,1,B
2024Q2,Sprite,Carbonated Soft Drinks,On-Trade,Western Cape,31,60.25,37.25,1867.75,713.0,157.02,1710.73,46.6,0,A
2024Q3,Bonaqua,Water,Wholesale,Gauteng,13,39.47,22.5,513.11,220.61,59.82,453.29,78.1,0,A
2024Q2,Coca-Cola,Carbonated Soft Drinks,On-Trade,Gauteng,89,43.56,24.23,3876.84,1720.37,390.66,3486.18,90.4,0,B
2024Q4,Cappy,Juices & Nectars,Convenience,Eastern Cape,33,61.13,37.07,2017.29,793.98,233.03,1784.26,65.2,0,B
2024Q1,Sprite,Carbonated Soft Drinks,On-Trade,Gauteng,15,54.33,32.81,814.95,322.8,93.36,721.59,71.8,1,C
2024Q1,Fanta,Carbonated Soft Drinks,Wholesale,Gauteng,30,55.44,27.19,1663.2,847.5,91.73,1571.47,53.1,0,D
2024Q2,Coca-Cola,Carbonated Soft Drinks,Mass Retail,Northern Cape,18,50.41,30.67,907.38,355.32,105.73,801.65,52.3,1,C
2024Q4,Coca-Cola,Carbonated Soft Drinks,Mass Retail,Free State,13,53.23,26.73,691.99,344.5,46.31,645.68,95.3,0,B
2024Q1,Fanta,Carbonated Soft Drinks,Mass Retail,Free State,48,53.44,31.04,2565.12,1075.2,198.97,2366.15,73.1,0,C
2024Q2,Cappy,Juices & Nectars,Mass Retail,Western Cape,22,68.3,34.93,1502.6,734.14,175.86,1326.74,62.8,1,B
2024Q4,Fanta,Carbonated Soft Drinks,On-Trade,Western Cape,8,47.53,23.42,380.24,192.88,21.54,358.7,78.9,1,A
2024Q2,Sprite,Carbonated Soft Drinks,On-Trade,Eastern Cape,18,56.6,27.5,1018.8,523.8,110.97,907.83,85.3,0,C
2024Q1,Coca-Cola,Carbonated Soft Drinks,Mass Retail,Gauteng,24,53.32,31.66,1279.68,519.84,111.0,1168.68,84.2,0,A
2024Q4,Powerade,Sports Drinks,Mass Retail,Western Cape,8,63.84,36.66,510.72,217.44,53.4,457.32,47.4,0,C
2024Q4,Stoney,Carbonated Soft Drinks,Convenience,North West,62,50.21,24.9,3113.02,1569.22,356.98,2756.04,74.1,0,C
2024Q1,Sprite,Carbonated Soft Drinks,Convenience,KwaZulu-Natal,22,57.6,28.72,1267.2,635.36,138.0,1129.2,73.4,1,B
2024Q4,Cappy,Juices & Nectars,Convenience,Western Cape,31,70.84,36.99,2196.04,1049.35,178.6,2017.44,88.6,1,C
2024Q3,Coca-Cola,Carbonated Soft Drinks,Mass Retail,KwaZulu-Natal,10,47.51,28.39,475.1,191.2,48.59,426.51,66.2,0,C
2024Q1,Coca-Cola,Carbonated Soft Drinks,E-Commerce,Gauteng,94,43.96,27.2,4132.24,1575.44,342.34,3789.9,97.4,0,A
2024Q3,Fanta,Carbonated Soft Drinks,E-Commerce,Gauteng,40,48.8,24.53,1952.0,970.8,161.21,1790.79,77.5,0,D
2024Q4,Coca-Cola,Carbonated Soft Drinks,On-Trade,Western Cape,44,50.86,31.07,2237.84,870.76,105.53,2132.31,91.9,1,B
2024Q4,Sprite,Carbonated Soft Drinks,Convenience,Gauteng,118,49.2,27.42,5805.6,2570.04,331.24,5474.36,80.5,1,C
2024Q4,Sprite,Carbonated Soft Drinks,E-Commerce,KwaZulu-Natal,32,58.12,29.27,1859.84,923.2,137.13,1722.71,91.5,1,C
2024Q2,Fanta,Carbonated Soft Drinks,On-Trade,KwaZulu-Natal,17,49.4,24.67,839.8,420.41,92.88,746.92,71.0,1,C
2024Q1,Cappy,Juices & Nectars,Mass Retail,KwaZulu-Natal,34,64.95,33.4,2208.3,1072.7,182.52,2025.78,59.8,0,A
2024Q4,Coca-Cola,Carbonated Soft Drinks,E-Commerce,Gauteng,66,61.62,32.99,4066.92,1889.58,197.67,3869.25,96.4,1,C
2024Q3,Fanta,Carbonated Soft Drinks,Convenience,Gauteng,19,50.93,29.35,967.67,410.02,46.05,921.62,57.2,0,B
2024Q1,Fanta,Carbonated Soft Drinks,Mass Retail,Limpopo,41,42.86,21.32,1757.26,883.14,98.74,1658.52,83.9,1,B
2024Q1,Sprite,Carbonated Soft Drinks,Mass Retail,KwaZulu-Natal,27,53.99,26.07,1457.73,753.84,69.43,1388.3,59.9,1,C
2024Q3,Coca-Cola,Carbonated Soft Drinks,On-Trade,KwaZulu-Natal,40,53.13,26.25,2125.2,1075.2,89.29,2035.91,47.6,0,B
2024Q2,Sprite,Carbonated Soft Drinks,Mass Retail,Gauteng,78,62.13,34.53,4846.14,2152.8,261.57,4584.57,89.6,0,B
2024Q4,Schweppes,Mixers,On-Trade,Limpopo,32,57.58,29.76,1842.56,890.24,205.52,1637.04,75.1,0,B
2024Q2,Stoney,Carbonated Soft Drinks,Mass Retail,Gauteng,69,58.61,35.66,4044.09,1583.55,303.07,3741.02,57.8,0,C
2024Q4,Bonaqua,Water,Mass Retail,Western Cape,36,41.92,25.72,1509.12,583.2,101.87,1407.25,93.5,1,A
2024Q3,Coca-Cola,Carbonated Soft Drinks,Mass Retail,Gauteng,30,42.67,24.38,1280.1,548.7,81.33,1198.77,94.0,0,A
2024Q4,Bonaqua,Water,Mass Retail,North West,27,41.0,20.13,1107.0,563.49,88.39,1018.61,85.6,1,B
2024Q3,Sprite,Carbonated Soft Drinks,Convenience,Western Cape,46,65.06,37.84,2992.76,1252.12,223.95,2768.81,81.7,1,D
2024Q3,Cappy,Juices & Nectars,Mass Retail,Eastern Cape,38,66.19,34.82,2515.22,1192.06,298.91,2216.31,47.4,0,B
2024Q1,Sprite,Carbonated Soft Drinks,Mass Retail,KwaZulu-Natal,68,51.64,31.22,3511.52,1388.56,326.91,3184.61,90.8,1,B
2024Q1,Schweppes,Mixers,Convenience,Gauteng,100,61.8,31.31,6180.0,3049.0,631.83,5548.17,95.0,0,B
2024Q2,Sprite,Carbonated Soft Drinks,On-Trade,KwaZulu-Natal,17,50.33,27.68,855.61,385.05,45.06,810.55,95.6,1,C
2024Q1,Coca-Cola,Carbonated Soft Drinks,E-Commerce,Gauteng,18,57.01,31.94,1026.18,451.26,44.92,981.26,55.9,0,B
2024Q4,Coca-Cola,Carbonated Soft Drinks,Convenience,Limpopo,79,54.92,26.59,4338.68,2238.07,226.48,4112.2,83.7,0,B
2024Q1,Fanta,Carbonated Soft Drinks,On-Trade,Western Cape,18,47.08,23.18,847.44,430.2,44.09,803.35,45.4,0,B
2024Q3,Cappy,Juices & Nectars,Mass Retail,Eastern Cape,47,75.11,45.94,3530.17,1370.99,366.61,3163.56,90.2,0,B
2024Q1,Fanta,Carbonated Soft Drinks,E-Commerce,Eastern Cape,21,54.44,27.72,1143.24,561.12,129.19,1014.05,83.9,1,A
2024Q3,Sprite,Carbonated Soft Drinks,Mass Retail,North West,24,59.31,30.95,1423.44,680.64,127.92,1295.52,75.1,0,C
2024Q4,Powerplay,Energy Drinks,Mass Retail,Western Cape,24,107.37,64.32,2576.88,1033.2,285.83,2291.05,72.5,0,B
2024Q1,Coca-Cola,Carbonated Soft Drinks,Mass Retail,North West,33,59.92,31.81,1977.36,927.63,121.21,1856.15,58.7,0,C
2024Q3,Schweppes,Mixers,Mass Retail,KwaZulu-Natal,24,55.58,26.76,1333.92,691.68,118.81,1215.11,97.7,0,C
2024Q1,Monster,Energy Drinks,Mass Retail,Eastern Cape,71,117.29,63.14,8327.59,3844.65,531.69,7795.9,64.5,1,A
2024Q2,Sprite,Carbonated Soft Drinks,Mass Retail,KwaZulu-Natal,13,57.37,33.66,745.81,308.23,41.17,704.64,57.1,0,C
2024Q4,Schweppes,Mixers,Mass Retail,Eastern Cape,33,52.87,25.84,1744.71,891.99,82.4,1662.31,78.6,0,A
2024Q3,Bonaqua,Water,Convenience,Western Cape,41,39.62,22.91,1624.42,685.11,104.04,1520.38,58.2,0,B
2024Q1,Fanta,Carbonated Soft Drinks,E-Commerce,KwaZulu-Natal,19,51.87,27.43,985.53,464.36,56.5,929.03,60.6,0,B
2024Q2,Monster,Energy Drinks,Convenience,Northern Cape,18,119.19,57.22,2145.42,1115.46,95.8,2049.62,74.3,0,D
2024Q1,Coca-Cola,Carbonated Soft Drinks,Convenience,Western Cape,40,56.05,27.75,2242.0,1132.0,227.14,2014.86,85.1,0,C
2024Q1,Coca-Cola,Carbonated Soft Drinks,On-Trade,Western Cape,49,49.97,26.29,2448.53,1160.32,263.94,2184.59,47.3,0,B
2024Q1,Sprite,Carbonated Soft Drinks,E-Commerce,North West,50,50.97,31.58,2548.5,969.5,186.04,2362.46,50.3,0,C
2024Q3,Monster,Energy Drinks,Convenience,Gauteng,40,114.59,58.73,4583.6,2234.4,533.02,4050.58,78.0,1,C
2024Q4,Powerplay,Energy Drinks,Mass Retail,North West,10,127.49,75.83,1274.9,516.6,86.1,1188.8,91.4,0,C
2024Q3,Powerade,Sports Drinks,On-Trade,KwaZulu-Natal,13,71.98,44.33,935.74,359.45,78.5,857.24,93.1,1,D
2024Q3,Sprite,Carbonated Soft Drinks,On-Trade,Gauteng,16,54.69,27.3,875.04,438.24,54.88,820.16,95.4,0,B
2024Q1,Fanta,Carbonated Soft Drinks,Convenience,Western Cape,40,49.64,28.97,1985.6,826.8,223.5,1762.1,94.1,0,B
2024Q1,Coca-Cola,Carbonated Soft Drinks,On-Trade,KwaZulu-Natal,85,47.01,28.12,3995.85,1605.65,215.82,3780.03,77.3,0,B
2024Q4,Powerade,Sports Drinks,On-Trade,Mpumalanga,40,72.59,41.15,2903.6,1257.6,308.63,2594.97,72.0,0,B
2024Q2,Fanta,Carbonated Soft Drinks,Mass Retail,Gauteng,39,45.69,25.47,1781.91,788.58,113.17,1668.74,76.8,0,D
2024Q2,Bonaqua,Water,Mass Retail,KwaZulu-Natal,40,44.76,27.34,1790.4,696.8,145.81,1644.59,92.0,0,A
2024Q4,Stoney,Carbonated Soft Drinks,Mass Retail,Northern Cape,6,63.9,34.25,383.4,177.9,43.96,339.44,56.8,1,B
2024Q2,Coca-Cola,Carbonated Soft Drinks,E-Commerce,Western Cape,41,57.08,29.67,2340.28,1123.81,174.57,2165.71,72.8,0,A
2024Q1,Sprite,Carbonated Soft Drinks,Convenience,Western Cape,24,60.64,34.85,1455.36,618.96,155.41,1299.95,89.7,1,B
2024Q1,Sprite,Carbonated Soft Drinks,On-Trade,Eastern Cape,79,47.75,28.84,3772.25,1493.89,389.43,3382.82,76.0,0,B
2024Q3,Coca-Cola,Carbonated Soft Drinks,On-Trade,Western Cape,85,51.14,30.41,4346.9,1762.05,489.65,3857.25,97.3,0,C
2024Q3,Cappy,Juices & Nectars,Convenience,KwaZulu-Natal,28,59.45,35.64,1664.6,666.68,177.93,1486.67,62.8,1,B
2024Q3,Fanta,Carbonated Soft Drinks,Mass Retail,KwaZulu-Natal,2,54.88,27.0,109.76,55.76,11.37,98.39,60.0,0,C
2024Q1,Stoney,Carbonated Soft Drinks,Mass Retail,Western Cape,19,66.58,37.83,1265.02,546.25,69.57,1195.45,97.2,0,C
2024Q2,Powerplay,Energy Drinks,Mass Retail,Eastern Cape,22,112.03,54.05,2464.66,1275.56,214.01,2250.65,52.6,0,C
2024Q2,Fanta,Carbonated Soft Drinks,Wholesale,Gauteng,7,46.33,22.72,324.31,165.27,38.82,285.49,95.7,1,C
2024Q4,Sprite,Carbonated Soft Drinks,Mass Retail,Limpopo,14,48.26,25.17,675.64,323.26,77.53,598.11,83.2,0,A
2024Q4,Stoney,Carbonated Soft Drinks,Mass Retail,Free State,43,62.15,35.9,2672.45,1128.75,292.08,2380.37,81.3,1,B
2024Q4,Bonaqua,Water,Convenience,KwaZulu-Natal,39,47.47,29.31,1851.33,708.24,149.58,1701.75,47.0,1,B
2024Q2,Coca-Cola,Carbonated Soft Drinks,Convenience,Gauteng,30,52.23,25.24,1566.9,809.7,122.79,1444.11,98.0,0,C
2024Q1,Coca-Cola,Carbonated Soft Drinks,E-Commerce,Mpumalanga,38,54.61,32.78,2075.18,829.54,136.08,1939.1,46.5,0,D
2024Q1,Bonaqua,Water,On-Trade,Gauteng,58,37.54,21.48,2177.32,931.48,114.64,2062.68,55.4,0,D
2024Q3,Sprite,Carbonated Soft Drinks,Convenience,Gauteng,130,51.09,25.75,6641.7,3294.2,329.12,6312.58,65.7,0,C
2024Q1,Cappy,Juices & Nectars,Mass Retail,Gauteng,39,67.25,32.32,2622.75,1362.27,294.25,2328.5,68.0,0,B
2024Q4,Coca-Cola,Carbonated Soft Drinks,Mass Retail,Mpumalanga,40,56.72,28.0,2268.8,1148.8,116.27,2152.53,86.8,1,B
2024Q4,Sprite,Carbonated Soft Drinks,Petrol & Travel,Gauteng,7,63.16,33.0,442.12,211.12,45.52,396.6,83.8,0,A
2024Q4,Coca-Cola,Carbonated Soft Drinks,Convenience,Eastern Cape,11,49.53,27.35,544.83,243.98,57.41,487.42,75.5,0,B
2024Q3,Monster,Energy Drinks,E-Commerce,Gauteng,67,115.69,60.96,7751.23,3666.91,625.27,7125.96,87.2,0,A
2024Q3,Coca-Cola,Carbonated Soft Drinks,Mass Retail,Western Cape,12,47.15,27.01,565.8,241.68,64.89,500.91,68.3,0,C
2024Q2,Sprite,Carbonated Soft Drinks,Mass Retail,North West,42,58.37,31.19,2451.54,1141.56,109.29,2342.25,83.2,0,A
2024Q2,Monster,Energy Drinks,On-Trade,Mpumalanga,38,105.2,55.25,3997.6,1898.1,268.15,3729.45,70.4,0,B
2024Q2,Schweppes,Mixers,Mass Retail,Gauteng,24,56.36,30.4,1352.64,623.04,60.05,1292.59,82.0,0,B
2024Q3,Coca-Cola,Carbonated Soft Drinks,Wholesale,Western Cape,12,55.74,28.17,668.88,330.84,39.21,629.67,56.7,0,D
2024Q3,Coca-Cola,Carbonated Soft Drinks,Petrol & Travel,Gauteng,41,55.75,27.24,2285.75,1168.91,238.45,2047.3,48.3,1,A
2024Q4,Bonaqua,Water,Mass Retail,Western Cape,18,34.43,18.23,619.74,291.6,32.98,586.76,50.9,0,A
2024Q2,Sprite,Carbonated Soft Drinks,Wholesale,KwaZulu-Natal,12,52.72,28.9,632.64,285.84,27.17,605.47,76.8,1,B
2024Q2,Coca-Cola,Carbonated Soft Drinks,Wholesale,Western Cape,125,57.97,34.39,7246.25,2947.5,423.13,6823.12,69.6,0,D
2024Q3,Sprite,Carbonated Soft Drinks,Mass Retail,Western Cape,38,58.4,30.19,2219.2,1071.98,223.15,1996.05,82.0,0,B
2024Q4,Schweppes,Mixers,Mass Retail,Eastern Cape,67,64.39,35.59,4314.13,1929.6,316.12,3998.01,47.4,0,D
2024Q4,Coca-Cola,Carbonated Soft Drinks,Convenience,Gauteng,40,56.3,29.14,2252.0,1086.4,95.15,2156.85,45.1,1,B
2024Q3,Fanta,Carbonated Soft Drinks,Convenience,Free State,13,48.02,24.83,624.26,301.47,59.91,564.35,95.8,1,D
2024Q3,Monster,Energy Drinks,Convenience,Gauteng,40,110.98,67.75,4439.2,1729.2,302.69,4136.51,61.9,1,D
2024Q4,Coca-Cola,Carbonated Soft Drinks,E-Commerce,KwaZulu-Natal,29,47.02,24.82,1363.58,643.8,135.79,1227.79,57.6,0,A
2024Q3,Sprite,Carbonated Soft Drinks,E-Commerce,Western Cape,58,48.24,27.47,2797.92,1204.66,262.28,2535.64,54.3,0,B
2024Q2,Sprite,Carbonated Soft Drinks,Convenience,Gauteng,47,48.61,23.85,2284.67,1163.72,186.11,2098.56,49.6,0,A
2024Q3,Coca-Cola,Carbonated Soft Drinks,Mass Retail,Western Cape,17,59.12,30.7,1005.04,483.14,89.72,915.32,84.2,1,B
2024Q1,Cappy,Juices & Nectars,E-Commerce,Mpumalanga,71,59.45,36.57,4220.95,1624.48,241.06,3979.89,79.7,0,D
2024Q3,Cappy,Juices & Nectars,E-Commerce,Western Cape,7,64.7,37.1,452.9,193.2,19.25,433.65,64.1,1,B
2024Q2,Monster,Energy Drinks,Convenience,Northern Cape,20,106.37,62.03,2127.4,886.8,247.65,1879.75,65.4,1,C
2024Q1,Cappy,Juices & Nectars,Mass Retail,Eastern Cape,42,76.35,44.38,3206.7,1342.74,294.48,2912.22,93.0,1,B
2024Q4,Coca-Cola,Carbonated Soft Drinks,Mass Retail,Eastern Cape,22,47.84,26.25,1052.48,474.98,120.04,932.44,93.1,0,A
2024Q1,Coca-Cola,Carbonated Soft Drinks,Convenience,Gauteng,59,48.35,25.8,2852.65,1330.45,326.61,2526.04,56.4,1,B
2024Q2,Coca-Cola,Carbonated Soft Drinks,Wholesale,Gauteng,49,55.24,32.87,2706.76,1096.13,142.47,2564.29,91.9,0,C
2024Q2,Cappy,Juices & Nectars,Convenience,Northern Cape,72,76.55,44.94,5511.6,2275.92,403.72,5107.88,52.0,0,B
2024Q4,Coca-Cola,Carbonated Soft Drinks,Wholesale,Gauteng,19,53.96,27.59,1025.24,501.03,98.14,927.1,59.3,1,B
2024Q3,Coca-Cola,Carbonated Soft Drinks,Wholesale,Gauteng,16,44.2,24.16,707.2,320.64,48.73,658.47,93.4,0,B
2024Q1,Sprite,Carbonated Soft Drinks,Wholesale,Free State,11,49.41,27.2,543.51,244.31,23.2,520.31,94.1,1,B
2024Q1,Powerade,Sports Drinks,Mass Retail,Gauteng,74,71.3,42.48,5276.2,2132.68,280.96,4995.24,73.4,1,B
2024Q3,Bonaqua,Water,Convenience,KwaZulu-Natal,31,44.93,22.56,1392.83,693.47,135.79,1257.04,62.6,1,B
2024Q4,Fanta,Carbonated Soft Drinks,Wholesale,Gauteng,9,49.12,30.11,442.08,171.09,30.46,411.62,75.3,0,D
2024Q4,Sprite,Carbonated Soft Drinks,Wholesale,Gauteng,8,49.96,25.12,399.68,198.72,45.99,353.69,87.4,1,B
2024Q4,Fanta,Carbonated Soft Drinks,E-Commerce,Eastern Cape,54,49.05,27.23,2648.7,1178.28,223.83,2424.87,79.4,0,C
2024Q4,Sprite,Carbonated Soft Drinks,On-Trade,KwaZulu-Natal,47,57.08,30.72,2682.76,1238.92,183.47,2499.29,55.3,1,B
2024Q1,Coca-Cola,Carbonated Soft Drinks,Mass Retail,Gauteng,27,52.55,32.17,1418.85,550.26,90.44,1328.41,87.1,1,C
2024Q4,Coca-Cola,Carbonated Soft Drinks,Petrol & Travel,KwaZulu-Natal,6,54.13,26.21,324.78,167.52,30.03,294.75,95.0,1,C
2024Q1,Fanta,Carbonated Soft Drinks,Mass Retail,KwaZulu-Natal,69,45.86,27.61,3164.34,1259.25,174.87,2989.47,48.7,1,C
2024Q2,Coca-Cola,Carbonated Soft Drinks,Convenience,Gauteng,16,43.69,23.91,699.04,316.48,35.92,663.12,69.6,1,C
2024Q2,Coca-Cola,Carbonated Soft Drinks,Convenience,Western Cape,19,46.56,23.12,884.64,445.36,92.99,791.65,55.7,0,B
2024Q1,Sprite,Carbonated Soft Drinks,Mass Retail,KwaZulu-Natal,6,43.83,25.0,262.98,112.98,11.45,251.53,49.2,0,C
2024Q3,Sprite,Carbonated Soft Drinks,Mass Retail,Western Cape,9,47.0,27.01,423.0,179.91,16.94,406.06,95.8,1,A
2024Q4,Fanta,Carbonated Soft Drinks,E-Commerce,Eastern Cape,44,49.13,23.62,2161.72,1122.44,257.9,1903.82,46.9,1,A
2024Q4,Cappy,Juices & Nectars,Mass Retail,Gauteng,24,58.61,32.39,1406.64,629.28,68.05,1338.59,48.9,1,C
2024Q4,Powerade,Sports Drinks,On-Trade,Gauteng,41,66.54,35.57,2728.14,1269.77,275.87,2452.27,55.1,1,B
2024Q1,Coca-Cola,Carbonated Soft Drinks,Mass Retail,KwaZulu-Natal,92,52.93,32.06,4869.56,1920.04,407.56,4462.0,60.6,1,B
2024Q2,Cappy,Juices & Nectars,Mass Retail,KwaZulu-Natal,12,71.86,42.98,862.32,346.56,76.24,786.08,90.5,0,B
2024Q4,Coca-Cola,Carbonated Soft Drinks,On-Trade,Western Cape,18,56.13,30.9,1010.34,454.14,41.98,968.36,77.2,0,C
2024Q1,Powerade,Sports Drinks,Mass Retail,Eastern Cape,63,72.36,41.09,4558.68,1970.01,203.02,4355.66,92.9,1,B
2024Q1,Sprite,Carbonated Soft Drinks,Mass Retail,Eastern Cape,30,61.61,36.63,1848.3,749.4,142.7,1705.6,79.3,0,B
2024Q2,Fanta,Carbonated Soft Drinks,On-Trade,Eastern Cape,16,53.46,31.04,855.36,358.72,47.45,807.91,83.3,0,B
2024Q2,Bonaqua,Water,Wholesale,Gauteng,65,38.45,22.84,2499.25,1014.65,238.21,2261.04,94.0,1,A
2024Q1,Powerade,Sports Drinks,On-Trade,Gauteng,15,61.85,32.33,927.75,442.8,61.46,866.29,81.9,1,A
2024Q4,Coca-Cola,Carbonated Soft Drinks,Mass Retail,Limpopo,51,44.96,22.8,2292.96,1130.16,158.65,2134.31,48.1,0,C
2024Q2,Fanta,Carbonated Soft Drinks,E-Commerce,Western Cape,65,48.24,26.73,3135.6,1398.15,182.67,2952.93,55.3,0,A
2024Q4,Fanta,Carbonated Soft Drinks,On-Trade,Western Cape,26,46.43,24.85,1207.18,561.08,126.15,1081.03,69.9,1,C
2024Q2,Cappy,Juices & Nectars,Wholesale,Western Cape,28,70.54,40.46,1975.12,842.24,184.47,1790.65,48.0,1,A
2024Q4,Sprite,Carbonated Soft Drinks,Mass Retail,Western Cape,24,56.72,32.11,1361.28,590.64,121.1,1240.18,45.0,0,B
2024Q4,Sprite,Carbonated Soft Drinks,Wholesale,KwaZulu-Natal,16,57.99,34.74,927.84,372.0,86.13,841.71,45.4,0,C
2024Q1,Cappy,Juices & Nectars,E-Commerce,Western Cape,89,61.29,36.18,5454.81,2234.79,340.93,5113.88,63.9,0,C
2024Q4,Coca-Cola,Carbonated Soft Drinks,E-Commerce,KwaZulu-Natal,8,54.78,33.91,438.24,166.96,43.37,394.87,59.5,0,B
2024Q1,Schweppes,Mixers,Convenience,Gauteng,79,56.43,29.69,4457.97,2112.46,245.31,4212.66,47.4,0,A
2024Q1,Stoney,Carbonated Soft Drinks,E-Commerce,Western Cape,12,56.72,31.13,680.64,307.08,43.11,637.53,57.3,0,A
2024Q4,Fanta,Carbonated Soft Drinks,Mass Retail,Western Cape,33,46.82,25.01,1545.06,719.73,127.63,1417.43,62.0,0,A
2024Q4,Coca-Cola,Carbonated Soft Drinks,Convenience,Eastern Cape,27,49.07,25.19,1324.89,644.76,99.43,1225.46,66.1,0,B
2024Q1,Coca-Cola,Carbonated Soft Drinks,Mass Retail,Gauteng,12,59.49,30.07,713.88,353.04,61.79,652.09,96.2,1,A
2024Q3,Coca-Cola,Carbonated Soft Drinks,Convenience,Eastern Cape,29,51.04,27.45,1480.16,684.11,95.46,1384.7,89.2,0,B
2024Q1,Coca-Cola,Carbonated Soft Drinks,Convenience,Western Cape,28,51.55,30.17,1443.4,598.64,93.86,1349.54,83.7,0,B
2024Q3,Schweppes,Mixers,Mass Retail,Western Cape,36,50.01,27.64,1800.36,805.32,197.52,1602.84,46.4,0,B
2024Q1,Powerade,Sports Drinks,Mass Retail,KwaZulu-Natal,25,69.85,34.87,1746.25,874.5,150.34,1595.91,61.2,0,C
2024Q1,Sprite,Carbonated Soft Drinks,On-Trade,Gauteng,35,61.26,33.83,2144.1,960.05,133.48,2010.62,87.0,0,C
2024Q2,Coca-Cola,Carbonated Soft Drinks,On-Trade,Gauteng,18,47.44,28.01,853.92,349.74,58.59,795.33,66.4,0,A
2024Q1,Sprite,Carbonated Soft Drinks,Convenience,Mpumalanga,22,51.05,30.24,1123.1,457.82,89.05,1034.05,69.3,1,D
2024Q2,Sprite,Carbonated Soft Drinks,On-Trade,Gauteng,32,53.89,28.95,1724.48,798.08,106.97,1617.51,97.5,0,B
2024Q1,Schweppes,Mixers,E-Commerce,Limpopo,19,60.24,31.0,1144.56,555.56,97.83,1046.73,45.2,1,D
2024Q2,Coca-Cola,Carbonated Soft Drinks,On-Trade,Gauteng,24,49.94,27.66,1198.56,534.72,113.74,1084.82,61.5,1,B
2024Q3,Sprite,Carbonated Soft Drinks,Wholesale,Gauteng,24,56.97,32.76,1367.28,581.04,156.56,1210.72,57.3,1,C
2024Q2,Bonaqua,Water,Mass Retail,Gauteng,29,34.63,17.74,1004.27,489.81,119.94,884.33,47.3,0,A
2024Q2,Coca-Cola,Carbonated Soft Drinks,E-Commerce,Gauteng,8,62.09,34.33,496.72,222.08,59.11,437.61,91.5,0,B
2024Q4,Schweppes,Mixers,Wholesale,KwaZulu-Natal,13,55.9,32.4,726.7,305.5,41.92,684.78,84.7,0,B
2024Q1,Coca-Cola,Carbonated Soft Drinks,On-Trade,Eastern Cape,30,55.25,33.01,1657.5,667.2,149.59,1507.91,96.8,0,B
2024Q1,Coca-Cola,Carbonated Soft Drinks,Wholesale,KwaZulu-Natal,15,55.79,30.72,836.85,376.05,52.9,783.95,46.0,0,B
2024Q4,Powerade,Sports Drinks,Wholesale,KwaZulu-Natal,21,59.85,31.11,1256.85,603.54,70.35,1186.5,48.6,0,B
2024Q4,Coca-Cola,Carbonated Soft Drinks,Mass Retail,Gauteng,35,48.57,23.45,1699.95,879.2,195.84,1504.11,96.2,0,A
2024Q4,Sprite,Carbonated Soft Drinks,On-Trade,Western Cape,22,54.09,32.82,1189.98,467.94,103.47,1086.51,77.3,0,A
2024Q1,Fanta,Carbonated Soft Drinks,Mass Retail,KwaZulu-Natal,46,51.29,30.91,2359.34,937.48,163.95,2195.39,96.6,0,C
2024Q1,Powerade,Sports Drinks,Petrol & Travel,Mpumalanga,15,56.38,32.49,845.7,358.35,58.26,787.44,88.8,1,A
2024Q4,Coca-Cola,Carbonated Soft Drinks,Wholesale,KwaZulu-Natal,26,54.36,27.26,1413.36,704.6,153.55,1259.81,57.7,0,B
2024Q1,Schweppes,Mixers,Convenience,Western Cape,44,56.54,28.87,2487.76,1217.48,113.37,2374.39,94.6,1,B
2024Q2,Coca-Cola,Carbonated Soft Drinks,Wholesale,Western Cape,30,48.62,23.84,1458.6,743.4,96.83,1361.77,63.6,0,B
2024Q4,Coca-Cola,Carbonated Soft Drinks,Mass Retail,Western Cape,67,44.76,22.56,2998.92,1487.4,290.47,2708.45,66.4,0,A
2024Q2,Sprite,Carbonated Soft Drinks,On-Trade,Western Cape,10,61.39,35.65,613.9,257.4,65.75,548.15,87.4,1,C
2024Q3,Coca-Cola,Carbonated Soft Drinks,E-Commerce,Limpopo,11,42.75,22.84,470.25,219.01,30.5,439.75,84.9,1,D
2024Q4,Cappy,Juices & Nectars,On-Trade,North West,18,64.53,32.14,1161.54,583.02,72.2,1089.34,85.4,0,B
2024Q4,Coca-Cola,Carbonated Soft Drinks,Mass Retail,KwaZulu-Natal,6,52.82,31.49,316.92,127.98,14.38,302.54,49.9,0,A
2024Q3,Powerplay,Energy Drinks,On-Trade,Gauteng,101,106.37,64.84,10743.37,4194.53,886.35,9857.02,71.3,1,C
2024Q2,Coca-Cola,Carbonated Soft Drinks,Convenience,Mpumalanga,62,51.64,27.63,3201.68,1488.62,182.03,3019.65,62.9,0,B
2024Q3,Bonaqua,Water,Mass Retail,Free State,11,46.77,27.42,514.47,212.85,44.63,469.84,80.2,0,B
2024Q3,Powerplay,Energy Drinks,Mass Retail,Free State,25,111.78,63.41,2794.5,1209.25,271.99,2522.51,52.7,0,C
2024Q3,Sprite,Carbonated Soft Drinks,Convenience,Gauteng,49,53.01,26.64,2597.49,1292.13,258.04,2339.45,52.9,0,C
2024Q4,Fanta,Carbonated Soft Drinks,On-Trade,KwaZulu-Natal,23,47.31,29.23,1088.13,415.84,52.9,1035.23,66.5,0,C
2024Q1,Coca-Cola,Carbonated Soft Drinks,Petrol & Travel,Gauteng,45,48.08,29.2,2163.6,849.6,229.51,1934.09,97.1,0,C
2024Q3,Bonaqua,Water,E-Commerce,KwaZulu-Natal,7,35.87,17.46,251.09,128.87,26.71,224.38,46.3,0,B
2024Q2,Sprite,Carbonated Soft Drinks,Convenience,Gauteng,15,49.6,30.51,744.0,286.35,69.11,674.89,73.8,1,C
2024Q3,Cappy,Juices & Nectars,Convenience,KwaZulu-Natal,23,66.33,38.91,1525.59,630.66,80.89,1444.7,76.5,0,C
2024Q4,Coca-Cola,Carbonated Soft Drinks,Mass Retail,Western Cape,100,46.18,27.11,4618.0,1907.0,252.74,4365.26,76.8,0,A
2024Q3,Cappy,Juices & Nectars,Mass Retail,KwaZulu-Natal,14,64.53,33.56,903.42,433.58,103.57,799.85,63.9,1,B
2024Q2,Monster,Energy Drinks,Wholesale,Gauteng,32,101.49,53.65,3247.68,1530.88,348.52,2899.16,91.7,0,B
2024Q3,Coca-Cola,Carbonated Soft Drinks,Convenience,Gauteng,29,56.1,31.97,1626.9,699.77,86.23,1540.67,47.8,1,B
2024Q4,Sprite,Carbonated Soft Drinks,On-Trade,Gauteng,64,51.69,26.07,3308.16,1639.68,166.9,3141.26,94.2,0,C
2024Q1,Monster,Energy Drinks,Mass Retail,Gauteng,15,110.6,66.28,1659.0,664.8,80.73,1578.27,77.4,0,C
2024Q3,Sprite,Carbonated Soft Drinks,Mass Retail,Gauteng,62,54.52,26.56,3380.24,1733.52,356.44,3023.8,74.4,0,B
2024Q2,Coca-Cola,Carbonated Soft Drinks,Petrol & Travel,Western Cape,34,52.94,31.32,1799.96,735.08,94.11,1705.85,87.9,0,C
2024Q1,Coca-Cola,Carbonated Soft Drinks,Convenience,Mpumalanga,28,45.89,27.88,1284.92,504.28,117.26,1167.66,69.6,1,B
2024Q1,Coca-Cola,Carbonated Soft Drinks,Wholesale,Mpumalanga,96,47.01,27.68,4512.96,1855.68,341.96,4171.0,48.0,0,B
2024Q3,Sprite,Carbonated Soft Drinks,Mass Retail,Gauteng,32,59.03,36.01,1888.96,736.64,129.07,1759.89,92.0,0,A
2024Q1,Schweppes,Mixers,On-Trade,Gauteng,56,55.99,32.12,3135.44,1336.72,166.07,2969.37,47.4,0,C
2024Q2,Coca-Cola,Carbonated Soft Drinks,Convenience,Gauteng,50,57.34,31.75,2867.0,1279.5,115.53,2751.47,68.1,1,A
2024Q4,Powerplay,Energy Drinks,Mass Retail,Western Cape,39,108.29,65.31,4223.31,1676.22,273.88,3949.43,76.5,0,B
2024Q1,Sprite,Carbonated Soft Drinks,On-Trade,Mpumalanga,39,43.2,24.65,1684.8,723.45,93.21,1591.59,56.8,1,B
2024Q4,Monster,Energy Drinks,E-Commerce,Western Cape,12,106.9,65.18,1282.8,500.64,124.62,1158.18,92.6,0,B
2024Q3,Sprite,Carbonated Soft Drinks,Mass Retail,KwaZulu-Natal,14,58.94,33.37,825.16,357.98,45.3,779.86,52.0,0,B
2024Q4,Schweppes,Mixers,E-Commerce,Gauteng,14,59.09,31.28,827.26,389.34,37.48,789.78,82.9,0,B
2024Q4,Powerplay,Energy Drinks,Mass Retail,Limpopo,57,112.63,61.57,6419.91,2910.42,305.89,6114.02,83.5,1,B
2024Q1,Coca-Cola,Carbonated Soft Drinks,E-Commerce,North West,113,48.51,29.43,5481.63,2156.04,432.5,5049.13,96.0,0,D
2024Q4,Coca-Cola,Carbonated Soft Drinks,Convenience,Western Cape,34,47.62,28.6,1619.08,646.68,134.45,1484.63,84.6,0,B
2024Q4,Coca-Cola,Carbonated Soft Drinks,Mass Retail,Gauteng,8,53.6,27.24,428.8,210.88,26.72,402.08,68.4,0,A
2024Q4,Stoney,Carbonated Soft Drinks,E-Commerce,Limpopo,24,61.3,34.17,1471.2,651.12,107.81,1363.39,75.3,0,B
2024Q2,Coca-Cola,Carbonated Soft Drinks,Mass Retail,Gauteng,46,51.12,31.23,2351.52,914.94,113.88,2237.64,82.3,1,B
2024Q3,Fanta,Carbonated Soft Drinks,Mass Retail,Gauteng,14,54.82,31.45,767.48,327.18,82.63,684.85,91.2,1,C
2024Q1,Schweppes,Mixers,Wholesale,Gauteng,43,58.72,33.08,2524.96,1102.52,197.94,2327.02,50.9,1,A
2024Q2,Sprite,Carbonated Soft Drinks,Convenience,Gauteng,81,55.24,32.73,4474.44,1823.31,356.5,4117.94,86.6,0,B
2024Q2,Fanta,Carbonated Soft Drinks,Wholesale,Limpopo,10,51.65,27.31,516.5,243.4,27.44,489.06,45.4,1,B
2024Q3,Monster,Energy Drinks,E-Commerce,KwaZulu-Natal,38,110.81,65.53,4210.78,1720.64,421.29,3789.49,59.6,0,D
2024Q2,Coca-Cola,Carbonated Soft Drinks,Convenience,Eastern Cape,219,51.92,28.09,11370.48,5218.77,937.8,10432.68,97.4,0,B
2024Q3,Fanta,Carbonated Soft Drinks,Mass Retail,Western Cape,26,44.2,24.46,1149.2,513.24,53.84,1095.36,87.7,0,C
2024Q4,Monster,Energy Drinks,On-Trade,Gauteng,136,102.54,60.32,13945.44,5741.92,1657.77,12287.67,54.2,0,C
2024Q4,Coca-Cola,Carbonated Soft Drinks,Convenience,Gauteng,83,52.68,32.55,4372.44,1670.79,367.36,4005.08,51.3,0,B
2024Q2,Coca-Cola,Carbonated Soft Drinks,Mass Retail,Gauteng,34,50.91,25.19,1730.94,874.48,70.28,1660.66,58.6,0,C
2024Q2,Coca-Cola,Carbonated Soft Drinks,Petrol & Travel,KwaZulu-Natal,38,49.15,28.22,1867.7,795.34,219.6,1648.1,92.7,0,A
2024Q2,Bonaqua,Water,Mass Retail,KwaZulu-Natal,21,44.26,24.87,929.46,407.19,67.17,862.29,62.9,0,C
2024Q2,Powerplay,Energy Drinks,Petrol & Travel,Gauteng,16,95.5,50.75,1528.0,716.0,167.52,1360.48,54.0,0,B
2024Q3,Bonaqua,Water,Mass Retail,Gauteng,141,37.25,23.05,5252.25,2002.2,443.27,4808.98,50.1,0,A
2024Q4,Coca-Cola,Carbonated Soft Drinks,Convenience,KwaZulu-Natal,24,49.52,29.83,1188.48,472.56,71.88,1116.6,84.5,0,D
2024Q1,Coca-Cola,Carbonated Soft Drinks,Mass Retail,KwaZulu-Natal,17,55.16,29.72,937.72,432.48,61.38,876.34,58.2,0,A
2024Q4,Powerade,Sports Drinks,Convenience,Western Cape,41,66.83,37.07,2740.03,1220.16,210.88,2529.15,71.7,0,B
2024Q2,Sprite,Carbonated Soft Drinks,Convenience,Northern Cape,94,59.75,31.3,5616.5,2674.3,436.53,5179.97,54.8,0,B
2024Q2,Coca-Cola,Carbonated Soft Drinks,Convenience,Mpumalanga,89,48.79,24.88,4342.31,2127.99,313.86,4028.45,70.0,1,A
2024Q2,Coca-Cola,Carbonated Soft Drinks,Petrol & Travel,Western Cape,28,50.04,27.84,1401.12,621.6,129.2,1271.92,67.5,0,A
2024Q2,Stoney,Carbonated Soft Drinks,Convenience,Mpumalanga,64,73.96,36.44,4733.44,2401.28,342.7,4390.74,55.8,0,B
2024Q2,Coca-Cola,Carbonated Soft Drinks,Mass Retail,Mpumalanga,47,58.27,29.78,2738.69,1339.03,155.07,2583.62,47.0,0,A
2024Q4,Coca-Cola,Carbonated Soft Drinks,E-Commerce,Eastern Cape,9,50.42,29.6,453.78,187.38,32.18,421.6,80.5,0,A
2024Q3,Cappy,Juices & Nectars,Convenience,KwaZulu-Natal,62,67.96,32.77,4213.52,2181.78,191.47,4022.05,83.3,0,B
2024Q2,Fanta,Carbonated Soft Drinks,Mass Retail,KwaZulu-Natal,43,45.05,23.39,1937.15,931.38,130.25,1806.9,93.8,1,A
2024Q3,Coca-Cola,Carbonated Soft Drinks,Mass Retail,Gauteng,6,53.64,28.35,321.84,151.74,19.25,302.59,52.1,1,D
2024Q2,Coca-Cola,Carbonated Soft Drinks,E-Commerce,Gauteng,34,51.24,29.79,1742.16,729.3,124.72,1617.44,65.6,0,B
2024Q3,Schweppes,Mixers,Mass Retail,Eastern Cape,47,54.47,27.79,2560.09,1253.96,168.85,2391.24,80.6,1,A
2024Q3,Coca-Cola,Carbonated Soft Drinks,On-Trade,KwaZulu-Natal,43,52.96,25.8,2277.28,1167.88,198.87,2078.41,66.6,1,B
2024Q4,Powerplay,Energy Drinks,Mass Retail,KwaZulu-Natal,71,122.08,69.58,8667.68,3727.5,910.8,7756.88,60.2,0,C
2024Q1,Sprite,Carbonated Soft Drinks,Mass Retail,KwaZulu-Natal,18,57.69,35.42,1038.42,400.86,69.78,968.64,82.8,0,B
2024Q3,Schweppes,Mixers,E-Commerce,Gauteng,13,57.39,29.76,746.07,359.19,43.82,702.25,72.5,1,C
2024Q2,Coca-Cola,Carbonated Soft Drinks,Convenience,KwaZulu-Natal,7,53.66,25.76,375.62,195.3,25.94,349.68,77.2,0,B
2024Q1,Sprite,Carbonated Soft Drinks,Petrol & Travel,KwaZulu-Natal,34,62.17,30.9,2113.78,1063.18,193.35,1920.43,96.2,0,B
2024Q3,Bonaqua,Water,Convenience,Western Cape,36,46.72,24.51,1681.92,799.56,115.31,1566.61,63.3,0,A
2024Q1,Powerplay,Energy Drinks,Convenience,Western Cape,21,97.54,52.72,2048.34,941.22,148.94,1899.4,45.2,1,B
2024Q2,Coca-Cola,Carbonated Soft Drinks,Mass Retail,Western Cape,120,51.99,29.1,6238.8,2746.8,441.64,5797.16,80.3,0,A
2024Q1,Powerplay,Energy Drinks,E-Commerce,Eastern Cape,23,106.14,62.88,2441.22,994.98,201.11,2240.11,54.4,1,B
2024Q4,Coca-Cola,Carbonated Soft Drinks,Mass Retail,Eastern Cape,57,57.06,34.94,3252.42,1260.84,251.07,3001.35,47.8,0,B
2024Q4,Coca-Cola,Carbonated Soft Drinks,Mass Retail,Gauteng,17,47.22,23.97,802.74,395.25,51.95,750.79,89.0,0,A
2024Q2,Powerplay,Energy Drinks,On-Trade,Northern Cape,38,100.48,57.14,3818.24,1646.92,423.01,3395.23,90.6,1,B
2024Q2,Coca-Cola,Carbonated Soft Drinks,Wholesale,Gauteng,49,49.86,28.72,2443.14,1035.86,231.99,2211.15,93.9,0,C
2024Q4,Sprite,Carbonated Soft Drinks,On-Trade,Gauteng,79,53.31,31.93,4211.49,1689.02,217.12,3994.37,78.5,1,C
2024Q2,Coca-Cola,Carbonated Soft Drinks,Convenience,Free State,75,51.42,30.36,3856.5,1579.5,330.22,3526.28,87.9,1,A
2024Q2,Sprite,Carbonated Soft Drinks,Mass Retail,Mpumalanga,20,52.72,31.03,1054.4,433.8,117.33,937.07,74.8,0,A
2024Q1,Coca-Cola,Carbonated Soft Drinks,Convenience,KwaZulu-Natal,48,58.95,33.34,2829.6,1229.28,305.49,2524.11,49.8,1,B
2024Q3,Fanta,Carbonated Soft Drinks,Mass Retail,Mpumalanga,49,48.85,29.91,2393.65,928.06,163.95,2229.7,94.0,0,A
2024Q3,Cappy,Juices & Nectars,On-Trade,KwaZulu-Natal,91,66.32,36.9,6035.12,2677.22,460.83,5574.29,45.8,1,A
2024Q3,Coca-Cola,Carbonated Soft Drinks,Wholesale,Gauteng,19,52.83,30.81,1003.77,418.38,90.13,913.64,69.3,0,B
2024Q2,Sprite,Carbonated Soft Drinks,E-Commerce,KwaZulu-Natal,85,56.25,27.13,4781.25,2475.2,269.09,4512.16,72.6,0,C
2024Q4,Powerade,Sports Drinks,Convenience,Western Cape,28,63.15,34.91,1768.2,790.72,130.56,1637.64,82.1,0,C
2024Q1,Coca-Cola,Carbonated Soft Drinks,Mass Retail,Gauteng,5,46.79,27.08,233.95,98.55,19.75,214.2,91.1,0,A
2024Q4,Coca-Cola,Carbonated Soft Drinks,Wholesale,Western Cape,14,52.88,31.57,740.32,298.34,54.62,685.7,83.1,0,B
2024Q4,Coca-Cola,Carbonated Soft Drinks,Convenience,Western Cape,25,47.57,24.97,1189.25,565.0,66.84,1122.41,51.6,0,A
2024Q4,Coca-Cola,Carbonated Soft Drinks,Mass Retail,Gauteng,17,55.73,30.61,947.41,427.04,73.07,874.34,63.8,1,B
2024Q3,Coca-Cola,Carbonated Soft Drinks,On-Trade,KwaZulu-Natal,40,51.17,30.53,2046.8,825.6,150.18,1896.62,83.2,0,B
2024Q4,Fanta,Carbonated Soft Drinks,Mass Retail,Gauteng,58,46.17,25.57,2677.86,1194.8,255.05,2422.81,70.0,0,C
2024Q3,Schweppes,Mixers,On-Trade,Free State,41,59.32,35.35,2432.12,982.77,186.12,2246.0,69.4,0,A
2024Q1,Powerade,Sports Drinks,Mass Retail,Western Cape,63,62.6,37.32,3943.8,1592.64,443.98,3499.82,72.4,0,B
2024Q1,Stoney,Carbonated Soft Drinks,Wholesale,Gauteng,50,62.91,37.84,3145.5,1253.5,290.83,2854.67,91.8,1,B
2024Q3,Bonaqua,Water,Mass Retail,Gauteng,20,41.24,24.12,824.8,342.4,74.46,750.34,45.8,0,A
2024Q3,Coca-Cola,Carbonated Soft Drinks,E-Commerce,Gauteng,31,47.06,23.35,1458.86,735.01,73.02,1385.84,58.6,1,C
2024Q2,Bonaqua,Water,Convenience,Gauteng,61,35.68,20.13,2176.48,948.55,255.87,1920.61,51.3,0,B
2024Q3,Bonaqua,Water,Convenience,Free State,9,35.56,18.81,320.04,150.75,16.0,304.04,70.4,0,A
2024Q3,Powerplay,Energy Drinks,Mass Retail,Western Cape,51,119.46,65.66,6092.46,2743.8,670.12,5422.34,84.2,1,B
2024Q4,Bonaqua,Water,On-Trade,KwaZulu-Natal,19,46.25,26.06,878.75,383.61,98.3,780.45,79.6,0,C
2024Q1,Coca-Cola,Carbonated Soft Drinks,Mass Retail,Mpumalanga,24,54.1,31.2,1298.4,549.6,101.38,1197.02,84.5,1,D
2024Q4,Sprite,Carbonated Soft Drinks,Wholesale,Western Cape,17,51.86,28.87,881.62,390.83,55.69,825.93,88.0,0,A
2024Q2,Schweppes,Mixers,Mass Retail,Gauteng,46,58.02,32.78,2668.92,1161.04,158.46,2510.46,89.0,1,B
2024Q1,Fanta,Carbonated Soft Drinks,Wholesale,KwaZulu-Natal,19,44.31,22.48,841.89,414.77,74.36,767.53,74.6,0,B
2024Q4,Coca-Cola,Carbonated Soft Drinks,Mass Retail,Gauteng,21,44.76,23.31,939.96,450.45,54.24,885.72,63.6,0,B
2024Q1,Monster,Energy Drinks,Mass Retail,Gauteng,11,119.85,73.42,1318.35,510.73,80.36,1237.99,82.7,1,C
2024Q3,Monster,Energy Drinks,Wholesale,Mpumalanga,22,129.1,72.25,2840.2,1250.7,155.43,2684.77,68.0,0,C
2024Q4,Cappy,Juices & Nectars,On-Trade,KwaZulu-Natal,18,70.96,37.56,1277.28,601.2,51.48,1225.8,49.8,1,B
2024Q4,Bonaqua,Water,Wholesale,Gauteng,73,37.8,20.84,2759.4,1238.08,285.35,2474.05,85.0,0,C
2024Q1,Coca-Cola,Carbonated Soft Drinks,E-Commerce,Gauteng,61,52.02,29.12,3173.22,1396.9,249.5,2923.72,91.1,1,C
2024Q3,Coca-Cola,Carbonated Soft Drinks,Petrol & Travel,Gauteng,17,53.35,31.73,906.95,367.54,93.79,813.16,71.7,0,C
2024Q2,Bonaqua,Water,Mass Retail,Mpumalanga,30,45.4,27.55,1362.0,535.5,102.1,1259.9,92.3,0,A
2024Q3,Bonaqua,Water,Mass Retail,Western Cape,59,39.09,21.11,2306.31,1060.82,170.02,2136.29,70.9,0,A
2024Q3,Coca-Cola,Carbonated Soft Drinks,Mass Retail,Mpumalanga,5,51.36,31.19,256.8,100.85,21.86,234.94,89.2,0,B
2024Q3,Coca-Cola,Carbonated Soft Drinks,E-Commerce,North West,46,50.68,24.95,2331.28,1183.58,176.92,2154.36,57.7,0,A
2024Q4,Stoney,Carbonated Soft Drinks,On-Trade,Gauteng,77,55.1,33.68,4242.7,1649.34,410.38,3832.32,63.8,0,B
2024Q4,Coca-Cola,Carbonated Soft Drinks,E-Commerce,Western Cape,25,54.31,26.97,1357.75,683.5,68.51,1289.24,71.2,0,B
2024Q4,Coca-Cola,Carbonated Soft Drinks,Wholesale,Gauteng,20,60.46,35.19,1209.2,505.4,109.7,1099.5,78.3,1,C
2024Q1,Coca-Cola,Carbonated Soft Drinks,E-Commerce,Gauteng,13,46.59,27.63,605.67,246.48,61.78,543.89,58.4,1,C
2024Q2,Schweppes,Mixers,Mass Retail,Gauteng,22,63.91,32.64,1406.02,687.94,69.4,1336.62,45.7,0,B
2024Q3,Powerade,Sports Drinks,On-Trade,North West,92,61.81,38.12,5686.52,2179.48,321.53,5364.99,57.9,0,B
2024Q1,Cappy,Juices & Nectars,E-Commerce,KwaZulu-Natal,149,65.12,34.47,9702.88,4566.85,469.0,9233.88,83.7,0,D
2024Q4,Fanta,Carbonated Soft Drinks,E-Commerce,Gauteng,20,48.44,26.83,968.8,432.2,54.9,913.9,64.8,0,B
2024Q4,Fanta,Carbonated Soft Drinks,On-Trade,Western Cape,55,47.71,27.4,2624.05,1117.05,151.09,2472.96,72.9,0,A
2024Q1,Fanta,Carbonated Soft Drinks,E-Commerce,Gauteng,23,48.65,26.97,1118.95,498.64,106.87,1012.08,69.6,1,B
2024Q3,Stoney,Carbonated Soft Drinks,Mass Retail,Limpopo,39,61.9,35.1,2414.1,1045.2,220.87,2193.23,66.1,0,B
2024Q3,Sprite,Carbonated Soft Drinks,E-Commerce,Gauteng,45,52.68,28.39,2370.6,1093.05,261.92,2108.68,83.0,0,C
2024Q4,Sprite,Carbonated Soft Drinks,On-Trade,KwaZulu-Natal,51,56.39,30.46,2875.89,1322.43,123.85,2752.04,79.1,1,A
2024Q4,Cappy,Juices & Nectars,Convenience,Gauteng,6,72.04,40.21,432.24,190.98,49.53,382.71,70.7,1,B
2024Q2,Sprite,Carbonated Soft Drinks,E-Commerce,Western Cape,8,59.02,34.76,472.16,194.08,36.64,435.52,84.3,0,A
2024Q3,Cappy,Juices & Nectars,On-Trade,Eastern Cape,45,61.64,29.89,2773.8,1428.75,158.23,2615.57,78.6,1,A
2024Q1,Powerade,Sports Drinks,E-Commerce,Gauteng,25,64.32,36.06,1608.0,706.5,66.38,1541.62,70.6,0,A
2024Q4,Cappy,Juices & Nectars,Convenience,KwaZulu-Natal,19,66.04,37.35,1254.76,545.11,111.0,1143.76,71.8,0,B
2024Q1,Coca-Cola,Carbonated Soft Drinks,On-Trade,Gauteng,55,47.65,23.95,2620.75,1303.5,187.16,2433.59,48.6,0,B
2024Q3,Cappy,Juices & Nectars,Wholesale,Gauteng,48,67.07,41.04,3219.36,1249.44,385.95,2833.41,50.4,0,B
2024Q4,Fanta,Carbonated Soft Drinks,Convenience,Western Cape,65,40.41,21.14,2626.65,1252.55,115.17,2511.48,82.5,0,C
2024Q2,Sprite,Carbonated Soft Drinks,Convenience,Western Cape,6,57.07,34.89,342.42,133.08,23.69,318.73,93.5,0,C
2024Q1,Fanta,Carbonated Soft Drinks,On-Trade,Gauteng,163,51.34,29.68,8368.42,3530.58,763.93,7604.49,53.5,0,B
2024Q3,Schweppes,Mixers,Mass Retail,Western Cape,8,59.06,34.99,472.48,192.56,34.22,438.26,70.7,1,A
2024Q4,Stoney,Carbonated Soft Drinks,On-Trade,Mpumalanga,13,58.02,30.09,754.26,363.09,45.38,708.88,47.4,0,A
2024Q1,Sprite,Carbonated Soft Drinks,On-Trade,Mpumalanga,271,59.07,32.18,16007.97,7287.19,1753.87,14254.1,47.0,0,B
2024Q4,Fanta,Carbonated Soft Drinks,E-Commerce,KwaZulu-Natal,270,49.61,25.14,13394.7,6606.9,806.36,12588.34,86.6,0,B
2024Q1,Coca-Cola,Carbonated Soft Drinks,E-Commerce,Gauteng,79,48.87,28.57,3860.73,1603.7,261.11,3599.62,70.9,0,B
2024Q2,Fanta,Carbonated Soft Drinks,On-Trade,Limpopo,86,44.17,22.75,3798.62,1842.12,240.69,3557.93,61.5,0,C
2024Q2,Powerplay,Energy Drinks,Mass Retail,North West,40,119.05,66.54,4762.0,2100.4,211.87,4550.13,79.4,0,B
2024Q2,Sprite,Carbonated Soft Drinks,Mass Retail,Gauteng,79,56.97,27.71,4500.63,2311.54,398.6,4102.03,74.9,1,B
2024Q4,Coca-Cola,Carbonated Soft Drinks,E-Commerce,Western Cape,60,60.43,35.5,3625.8,1495.8,177.12,3448.68,68.5,0,A
2024Q1,Sprite,Carbonated Soft Drinks,Mass Retail,North West,80,60.44,31.7,4835.2,2299.2,229.73,4605.47,95.3,1,A
2024Q2,Cappy,Juices & Nectars,Convenience,KwaZulu-Natal,21,62.04,34.23,1302.84,584.01,134.49,1168.35,96.5,0,A
2024Q3,Coca-Cola,Carbonated Soft Drinks,Convenience,KwaZulu-Natal,34,51.1,29.61,1737.4,730.66,124.74,1612.66,54.7,0,A
2024Q2,Cappy,Juices & Nectars,On-Trade,Gauteng,31,78.4,45.79,2430.4,1010.91,139.64,2290.76,89.6,1,A
2024Q4,Coca-Cola,Carbonated Soft Drinks,Mass Retail,KwaZulu-Natal,69,44.87,26.17,3096.03,1290.3,189.77,2906.26,95.3,0,B
2024Q3,Sprite,Carbonated Soft Drinks,Convenience,Gauteng,58,51.43,29.7,2982.94,1260.34,298.93,2684.01,93.5,0,A
2024Q2,Coca-Cola,Carbonated Soft Drinks,Wholesale,Western Cape,84,49.55,28.61,4162.2,1758.96,357.7,3804.5,63.8,0,C
2024Q1,Monster,Energy Drinks,Mass Retail,North West,211,113.19,60.91,23883.09,11031.08,2447.19,21435.9,63.1,0,C
2024Q4,Fanta,Carbonated Soft Drinks,Convenience,Free State,42,47.62,26.04,2000.04,906.36,191.8,1808.24,73.2,1,B
2024Q3,Cappy,Juices & Nectars,On-Trade,Gauteng,50,66.72,39.08,3336.0,1382.0,213.55,3122.45,95.0,0,C
2024Q4,Coca-Cola,Carbonated Soft Drinks,Mass Retail,KwaZulu-Natal,90,45.16,24.37,4064.4,1871.1,194.02,3870.38,87.7,1,A
2024Q1,Fanta,Carbonated Soft Drinks,On-Trade,Western Cape,144,48.52,29.62,6986.88,2721.6,314.54,6672.34,65.8,0,A
2024Q1,Coca-Cola,Carbonated Soft Drinks,Mass Retail,Gauteng,47,49.55,25.79,2328.85,1116.72,196.97,2131.88,77.2,1,A
2024Q2,Coca-Cola,Carbonated Soft Drinks,Mass Retail,Western Cape,20,50.68,24.36,1013.6,526.4,59.96,953.64,72.3,0,B
2024Q4,Cappy,Juices & Nectars,Mass Retail,Limpopo,68,62.8,34.37,4270.4,1933.24,233.06,4037.34,65.8,1,D
2024Q3,Coca-Cola,Carbonated Soft Drinks,Convenience,Eastern Cape,40,51.56,31.16,2062.4,816.0,200.68,1861.72,62.3,1,C
2024Q2,Powerplay,Energy Drinks,Mass Retail,Gauteng,5,105.25,63.8,526.25,207.25,26.25,500.0,83.4,0,A
2024Q2,Monster,Energy Drinks,Wholesale,KwaZulu-Natal,38,123.34,70.07,4686.92,2024.26,548.46,4138.46,49.9,1,B
2024Q1,Coca-Cola,Carbonated Soft Drinks,On-Trade,Free State,20,42.1,21.39,842.0,414.2,39.25,802.75,46.2,0,D
2024Q1,Cappy,Juices & Nectars,On-Trade,Gauteng,88,66.57,35.32,5858.16,2750.0,564.0,5294.16,70.9,0,A
2024Q4,Coca-Cola,Carbonated Soft Drinks,Convenience,Western Cape,19,51.13,31.32,971.47,376.39,103.84,867.63,61.5,0,D
2024Q1,Coca-Cola,Carbonated Soft Drinks,On-Trade,Gauteng,21,44.52,26.08,934.92,387.24,60.51,874.41,62.2,0,B
2024Q1,Bonaqua,Water,On-Trade,Gauteng,14,40.1,19.35,561.4,290.5,63.74,497.66,63.7,1,B
2024Q1,Schweppes,Mixers,E-Commerce,Gauteng,17,61.97,31.32,1053.49,521.05,123.27,930.22,93.8,1,B
2024Q3,Schweppes,Mixers,Mass Retail,Western Cape,49,67.51,34.46,3307.99,1619.45,164.44,3143.55,77.1,0,B
2024Q2,Fanta,Carbonated Soft Drinks,On-Trade,Eastern Cape,15,52.27,27.21,784.05,375.9,65.64,718.41,78.1,1,B
2024Q4,Coca-Cola,Carbonated Soft Drinks,On-Trade,Northern Cape,105,54.93,27.76,5767.65,2852.85,344.31,5423.34,58.7,0,C
2024Q2,Cappy,Juices & Nectars,Convenience,Gauteng,62,53.88,31.33,3340.56,1398.1,232.89,3107.67,50.6,0,B
2024Q3,Schweppes,Mixers,On-Trade,Western Cape,12,61.19,29.67,734.28,378.24,68.46,665.82,82.3,1,C
2024Q1,Coca-Cola,Carbonated Soft Drinks,Mass Retail,Limpopo,44,52.71,26.62,2319.24,1147.96,189.5,2129.74,81.9,1,A
2024Q2,Bonaqua,Water,Wholesale,Western Cape,51,41.62,24.72,2122.62,861.9,128.87,1993.75,87.6,0,C
2024Q1,Bonaqua,Water,On-Trade,Gauteng,18,38.69,23.49,696.42,273.6,51.64,644.78,90.9,1,C
2024Q2,Coca-Cola,Carbonated Soft Drinks,On-Trade,Gauteng,24,53.14,25.64,1275.36,660.0,152.54,1122.82,48.9,0,B
2024Q3,Coca-Cola,Carbonated Soft Drinks,E-Commerce,Gauteng,36,52.65,28.75,1895.4,860.4,168.44,1726.96,78.4,1,B
2024Q3,Fanta,Carbonated Soft Drinks,On-Trade,Gauteng,14,45.75,24.38,640.5,299.18,39.66,600.84,58.3,0,B
2024Q3,Cappy,Juices & Nectars,Mass Retail,Gauteng,27,54.2,27.33,1463.4,725.49,150.83,1312.57,90.6,1,B
2024Q2,Coca-Cola,Carbonated Soft Drinks,Mass Retail,Free State,44,49.4,30.1,2173.6,849.2,93.06,2080.54,45.8,1,A
2024Q4,Coca-Cola,Carbonated Soft Drinks,E-Commerce,Western Cape,47,58.47,33.8,2748.09,1159.49,160.64,2587.45,81.5,0,C
2024Q4,Sprite,Carbonated Soft Drinks,On-Trade,KwaZulu-Natal,18,52.05,29.85,936.9,399.6,94.98,841.92,75.8,1,A
2024Q1,Powerplay,Energy Drinks,Mass Retail,KwaZulu-Natal,18,94.65,46.44,1703.7,867.78,166.98,1536.72,82.7,0,C
2024Q3,Stoney,Carbonated Soft Drinks,Petrol & Travel,Northern Cape,15,60.35,32.48,905.25,418.05,98.31,806.94,80.0,1,B
2024Q1,Coca-Cola,Carbonated Soft Drinks,On-Trade,Western Cape,47,55.67,30.25,2616.49,1194.74,249.53,2366.96,54.2,0,C
2024Q1,Coca-Cola,Carbonated Soft Drinks,Mass Retail,Western Cape,56,52.79,25.83,2956.24,1509.76,206.89,2749.35,94.7,1,D
2024Q2,Coca-Cola,Carbonated Soft Drinks,Wholesale,Western Cape,25,53.01,28.29,1325.25,618.0,66.95,1258.3,56.9,0,A
2024Q1,Coca-Cola,Carbonated Soft Drinks,Convenience,Gauteng,14,49.28,26.37,689.92,320.74,66.29,623.63,51.3,0,C
2024Q1,Coca-Cola,Carbonated Soft Drinks,Wholesale,Western Cape,17,46.03,27.39,782.51,316.88,89.5,693.01,57.9,0,B
2024Q4,Cappy,Juices & Nectars,Convenience,Free State,68,69.36,42.02,4716.48,1859.12,365.24,4351.24,97.1,0,D
2024Q4,Coca-Cola,Carbonated Soft Drinks,Mass Retail,KwaZulu-Natal,396,54.01,30.97,21387.96,9123.84,1495.13,19892.83,80.1,0,A
2024Q4,Sprite,Carbonated Soft Drinks,E-Commerce,Western Cape,22,61.05,34.31,1343.1,588.28,107.45,1235.65,74.2,0,D
2024Q3,Monster,Energy Drinks,On-Trade,KwaZulu-Natal,47,118.66,63.81,5577.02,2577.95,530.29,5046.73,96.1,1,C
2024Q1,Coca-Cola,Carbonated Soft Drinks,E-Commerce,North West,71,50.8,29.64,3606.8,1502.36,414.04,3192.76,47.1,0,A
2024Q1,Cappy,Juices & Nectars,Petrol & Travel,Mpumalanga,52,69.7,39.28,3624.4,1581.84,160.03,3464.37,73.6,0,B
2024Q1,Sprite,Carbonated Soft Drinks,E-Commerce,North West,128,56.21,31.67,7194.88,3141.12,456.19,6738.69,76.8,1,C
2024Q1,Coca-Cola,Carbonated Soft Drinks,Petrol & Travel,Western Cape,57,54.3,30.24,3095.1,1371.42,338.73,2756.37,51.7,0,B
2024Q3,Cappy,Juices & Nectars,E-Commerce,Free State,38,70.8,34.57,2690.4,1376.74,205.37,2485.03,54.5,0,B
2024Q1,Sprite,Carbonated Soft Drinks,Petrol & Travel,Western Cape,31,49.27,25.07,1527.37,750.2,83.31,1444.06,58.1,1,C
2024Q3,Sprite,Carbonated Soft Drinks,Mass Retail,Gauteng,15,60.24,34.8,903.6,381.6,83.38,820.22,48.5,0,B
2024Q3,Bonaqua,Water,On-Trade,Mpumalanga,62,40.8,21.88,2529.6,1173.04,203.34,2326.26,84.8,0,D
2024Q3,Schweppes,Mixers,Convenience,Eastern Cape,32,61.08,30.98,1954.56,963.2,197.71,1756.85,51.7,0,A
2024Q4,Cappy,Juices & Nectars,Mass Retail,Eastern Cape,106,72.09,42.0,7641.54,3189.54,423.97,7217.57,97.0,1,C
2024Q1,Fanta,Carbonated Soft Drinks,On-Trade,Gauteng,41,47.3,28.73,1939.3,761.37,164.36,1774.94,76.6,0,A
2024Q1,Powerplay,Energy Drinks,Wholesale,Gauteng,35,106.41,56.41,3724.35,1750.0,427.76,3296.59,54.9,0,B
2024Q1,Schweppes,Mixers,Mass Retail,KwaZulu-Natal,2,60.71,32.54,121.42,56.34,7.91,113.51,52.8,0,B
2024Q4,Monster,Energy Drinks,E-Commerce,Gauteng,184,97.72,54.38,17980.48,7974.56,1547.02,16433.46,82.4,0,B
2024Q1,Fanta,Carbonated Soft Drinks,Mass Retail,Gauteng,45,43.23,22.23,1945.35,945.0,169.45,1775.9,67.9,1,C
2024Q3,Coca-Cola,Carbonated Soft Drinks,Mass Retail,Western Cape,15,55.96,34.07,839.4,328.35,52.42,786.98,97.8,0,B
2024Q4,Sprite,Carbonated Soft Drinks,Convenience,Gauteng,16,50.17,24.86,802.72,404.96,60.24,742.48,64.4,0,B
2024Q2,Sprite,Carbonated Soft Drinks,Mass Retail,Northern Cape,214,56.71,27.53,12135.94,6244.52,1028.24,11107.7,64.5,0,C
2024Q1,Sprite,Carbonated Soft Drinks,Mass Retail,Western Cape,42,59.1,34.72,2482.2,1023.96,227.29,2254.91,45.9,0,A
2024Q3,Coca-Cola,Carbonated Soft Drinks,Mass Retail,Western Cape,50,48.06,23.14,2403.0,1246.0,155.89,2247.11,72.4,0,C
2024Q1,Coca-Cola,Carbonated Soft Drinks,Convenience,Gauteng,39,60.04,36.89,2341.56,902.85,160.69,2180.87,83.3,0,C
2024Q1,Sprite,Carbonated Soft Drinks,Mass Retail,KwaZulu-Natal,65,51.75,27.69,3363.75,1563.9,169.19,3194.56,45.2,0,B
2024Q3,Coca-Cola,Carbonated Soft Drinks,On-Trade,KwaZulu-Natal,5,51.86,29.92,259.3,109.7,12.6,246.7,52.0,0,A
2024Q1,Coca-Cola,Carbonated Soft Drinks,Mass Retail,Limpopo,94,52.37,29.43,4922.78,2156.36,552.37,4370.41,56.5,0,C
2024Q4,Coca-Cola,Carbonated Soft Drinks,On-Trade,KwaZulu-Natal,92,55.68,34.43,5122.56,1955.0,396.7,4725.86,64.6,0,D
2024Q4,Sprite,Carbonated Soft Drinks,E-Commerce,Eastern Cape,9,53.8,28.81,484.2,224.91,57.56,426.64,63.5,0,C
2024Q1,Cappy,Juices & Nectars,E-Commerce,Gauteng,17,61.2,31.46,1040.4,505.58,89.24,951.16,57.0,0,C
2024Q2,Powerplay,Energy Drinks,E-Commerce,Gauteng,17,123.83,59.88,2105.11,1087.15,88.02,2017.09,73.2,0,A
2024Q3,Sprite,Carbonated Soft Drinks,Convenience,Gauteng,11,64.29,38.8,707.19,280.39,39.43,667.76,64.0,0,D
2024Q3,Coca-Cola,Carbonated Soft Drinks,Convenience,Mpumalanga,19,51.74,26.11,983.06,486.97,81.2,901.86,74.2,0,B
2024Q2,Sprite,Carbonated Soft Drinks,Convenience,North West,125,59.8,30.49,7475.0,3663.75,362.91,7112.09,76.9,0,B
2024Q2,Coca-Cola,Carbonated Soft Drinks,Wholesale,KwaZulu-Natal,11,60.74,34.07,668.14,293.37,51.78,616.36,52.5,0,B
2024Q2,Cappy,Juices & Nectars,Wholesale,Limpopo,4,71.01,39.65,284.04,125.44,16.84,267.2,67.7,0,C
2024Q3,Schweppes,Mixers,Mass Retail,Eastern Cape,59,53.61,29.64,3162.99,1414.23,344.57,2818.42,89.9,0,C
2024Q4,Bonaqua,Water,On-Trade,KwaZulu-Natal,54,37.79,20.35,2040.66,941.76,178.7,1861.96,50.7,0,C
2024Q3,Coca-Cola,Carbonated Soft Drinks,On-Trade,KwaZulu-Natal,10,47.3,29.19,473.0,181.1,35.28,437.72,80.9,0,D
2024Q3,Coca-Cola,Carbonated Soft Drinks,Convenience,Mpumalanga,41,50.18,26.36,2057.38,976.62,213.79,1843.59,77.2,0,A
2024Q3,Coca-Cola,Carbonated Soft Drinks,On-Trade,Western Cape,95,48.6,27.07,4617.0,2045.35,431.54,4185.46,53.4,0,C
2024Q3,Coca-Cola,Carbonated Soft Drinks,Petrol & Travel,KwaZulu-Natal,74,45.68,22.66,3380.32,1703.48,222.13,3158.19,79.4,1,B
2024Q4,Monster,Energy Drinks,Convenience,KwaZulu-Natal,43,118.29,71.19,5086.47,2025.3,364.35,4722.12,46.8,0,C
2024Q4,Sprite,Carbonated Soft Drinks,On-Trade,KwaZulu-Natal,19,46.59,26.81,885.21,375.82,85.03,800.18,46.5,0,B
2024Q4,Coca-Cola,Carbonated Soft Drinks,On-Trade,Mpumalanga,344,50.63,26.41,17416.72,8331.68,1283.03,16133.69,82.6,0,B
2024Q1,Coca-Cola,Carbonated Soft Drinks,Mass Retail,Gauteng,114,48.21,24.88,5495.94,2659.62,585.66,4910.28,77.3,0,B
2024Q4,Monster,Energy Drinks,Convenience,Western Cape,9,109.97,59.39,989.73,455.22,69.79,919.94,62.6,1,B
2024Q4,Sprite,Carbonated Soft Drinks,Convenience,Western Cape,26,56.1,33.9,1458.6,577.2,78.77,1379.83,96.9,0,C
2024Q2,Stoney,Carbonated Soft Drinks,Mass Retail,Gauteng,36,59.55,35.83,2143.8,853.92,99.89,2043.91,95.2,1,C
2024Q2,Coca-Cola,Carbonated Soft Drinks,E-Commerce,Gauteng,43,46.82,23.0,2013.26,1024.26,106.58,1906.68,95.5,0,A
2024Q1,Sprite,Carbonated Soft Drinks,On-Trade,Free State,35,61.72,37.4,2160.2,851.2,105.75,2054.45,95.0,0,B
2024Q1,Sprite,Carbonated Soft Drinks,E-Commerce,Western Cape,45,59.19,36.37,2663.55,1026.9,290.79,2372.76,92.1,0,A
2024Q2,Sprite,Carbonated Soft Drinks,On-Trade,Eastern Cape,49,58.28,29.29,2855.72,1420.51,262.41,2593.31,52.9,0,C
2024Q4,Cappy,Juices & Nectars,On-Trade,Free State,12,64.97,39.7,779.64,303.24,34.02,745.62,69.9,0,B
2024Q4,Schweppes,Mixers,Wholesale,Eastern Cape,42,48.31,27.93,2029.02,855.96,235.69,1793.33,50.4,1,D
2024Q3,Bonaqua,Water,Petrol & Travel,Gauteng,3,41.33,22.22,123.99,57.33,7.91,116.08,74.7,0,C
2024Q2,Monster,Energy Drinks,Convenience,Mpumalanga,23,106.39,61.06,2446.97,1042.59,108.88,2338.09,80.7,0,D
2024Q3,Powerade,Sports Drinks,E-Commerce,KwaZulu-Natal,13,58.11,30.74,755.43,355.81,81.06,674.37,95.1,0,B
2024Q3,Coca-Cola,Carbonated Soft Drinks,On-Trade,Gauteng,18,52.59,30.49,946.62,397.8,82.1,864.52,47.7,1,B
2024Q2,Coca-Cola,Carbonated Soft Drinks,Convenience,Northern Cape,22,50.1,28.67,1102.2,471.46,125.95,976.25,85.4,0,B
2024Q3,Bonaqua,Water,Mass Retail,Eastern Cape,8,35.8,20.2,286.4,124.8,19.69,266.71,57.0,0,B
2024Q4,Cappy,Juices & Nectars,On-Trade,KwaZulu-Natal,30,66.71,32.23,2001.3,1034.4,123.94,1877.36,72.2,0,D
2024Q3,Bonaqua,Water,On-Trade,Gauteng,12,42.67,23.87,512.04,225.6,26.66,485.38,97.2,0,C
2024Q3,Powerade,Sports Drinks,Mass Retail,Mpumalanga,93,72.68,39.22,6759.24,3111.78,790.66,5968.58,67.5,1,A
2024Q1,Fanta,Carbonated Soft Drinks,Mass Retail,Gauteng,27,48.85,27.36,1318.95,580.23,78.62,1240.33,79.7,0,C
2024Q2,Coca-Cola,Carbonated Soft Drinks,Wholesale,Western Cape,37,56.1,31.82,2075.7,898.36,175.45,1900.25,91.9,1,B
2024Q4,Fanta,Carbonated Soft Drinks,On-Trade,Limpopo,38,48.48,28.48,1842.24,760.0,137.59,1704.65,63.7,1,A
2024Q2,Stoney,Carbonated Soft Drinks,On-Trade,Gauteng,40,58.93,30.72,2357.2,1128.4,216.5,2140.7,86.7,1,C
2024Q2,Schweppes,Mixers,Convenience,Western Cape,31,56.48,32.61,1750.88,739.97,106.57,1644.31,45.1,0,B
2024Q2,Sprite,Carbonated Soft Drinks,On-Trade,Gauteng,30,54.78,28.85,1643.4,777.9,82.57,1560.83,82.4,1,C
2024Q2,Sprite,Carbonated Soft Drinks,Wholesale,Gauteng,75,62.81,38.05,4710.75,1857.0,221.57,4489.18,56.4,0,B
2024Q3,Cappy,Juices & Nectars,Petrol & Travel,Free State,22,69.48,34.4,1528.56,771.76,165.85,1362.71,54.4,0,A
2024Q4,Sprite,Carbonated Soft Drinks,Mass Retail,Western Cape,26,60.56,35.76,1574.56,644.8,114.3,1460.26,48.7,0,C
2024Q4,Sprite,Carbonated Soft Drinks,Mass Retail,Western Cape,17,54.69,28.0,929.73,453.73,101.34,828.39,62.0,0,C
2024Q3,Coca-Cola,Carbonated Soft Drinks,Mass Retail,Gauteng,29,46.67,28.14,1353.43,537.37,59.38,1294.05,61.1,0,B
2024Q4,Coca-Cola,Carbonated Soft Drinks,Mass Retail,Gauteng,117,54.96,32.86,6430.32,2585.7,526.56,5903.76,89.8,0,B
2024Q2,Coca-Cola,Carbonated Soft Drinks,E-Commerce,Western Cape,16,53.94,32.98,863.04,335.36,89.49,773.55,58.5,0,B
2024Q1,Coca-Cola,Carbonated Soft Drinks,Mass Retail,Western Cape,110,47.19,29.22,5190.9,1976.7,226.63,4964.27,95.5,1,B
2024Q2,Schweppes,Mixers,Convenience,Western Cape,11,44.27,22.92,486.97,234.85,41.56,445.41,89.2,0,A
2024Q2,Sprite,Carbonated Soft Drinks,Mass Retail,Western Cape,38,52.61,30.79,1999.18,829.16,232.63,1766.55,53.5,0,A
2024Q1,Monster,Energy Drinks,Mass Retail,Eastern Cape,9,110.18,67.74,991.62,381.96,58.58,933.04,83.9,0,A
2024Q4,Bonaqua,Water,Convenience,Gauteng,138,38.28,21.44,5282.64,2323.92,292.46,4990.18,85.3,0,B
2024Q3,Stoney,Carbonated Soft Drinks,E-Commerce,Gauteng,39,59.64,32.2,2325.96,1070.16,182.31,2143.65,80.7,1,A
2024Q3,Coca-Cola,Carbonated Soft Drinks,On-Trade,KwaZulu-Natal,41,56.04,33.83,2297.64,910.61,216.89,2080.75,72.1,0,D
2024Q3,Schweppes,Mixers,Mass Retail,KwaZulu-Natal,33,43.99,22.16,1451.67,720.39,168.12,1283.55,56.7,1,B
2024Q2,Coca-Cola,Carbonated Soft Drinks,Mass Retail,Northern Cape,30,48.15,24.96,1444.5,695.7,143.38,1301.12,61.3,0,B
2024Q3,Powerade,Sports Drinks,Wholesale,Gauteng,20,63.76,37.8,1275.2,519.2,88.87,1186.33,50.9,0,B
2024Q2,Coca-Cola,Carbonated Soft Drinks,Mass Retail,Gauteng,25,50.77,26.92,1269.25,596.25,60.48,1208.77,53.2,0,C
2024Q3,Fanta,Carbonated Soft Drinks,Wholesale,Northern Cape,29,54.11,27.16,1569.19,781.55,135.77,1433.42,47.2,0,B
2024Q3,Sprite,Carbonated Soft Drinks,Convenience,Western Cape,50,55.83,29.35,2791.5,1324.0,282.51,2508.99,52.0,0,A
2024Q2,Fanta,Carbonated Soft Drinks,Wholesale,Free State,32,43.89,23.63,1404.48,648.32,166.27,1238.21,93.6,0,C
2024Q3,Sprite,Carbonated Soft Drinks,Wholesale,Eastern Cape,39,49.71,29.37,1938.69,793.26,83.45,1855.24,68.0,1,C
2024Q4,Fanta,Carbonated Soft Drinks,Mass Retail,Gauteng,25,49.22,30.24,1230.5,474.5,65.84,1164.66,53.0,0,A
2024Q2,Schweppes,Mixers,On-Trade,Western Cape,121,57.8,30.39,6993.8,3316.61,577.89,6415.91,45.4,0,A
2024Q2,Powerade,Sports Drinks,Mass Retail,Western Cape,60,82.81,44.45,4968.6,2301.6,511.93,4456.67,71.6,0,C
2024Q1,Coca-Cola,Carbonated Soft Drinks,Convenience,Gauteng,42,50.91,27.02,2138.22,1003.38,168.0,1970.22,63.7,0,B
2024Q2,Sprite,Carbonated Soft Drinks,Wholesale,Western Cape,28,56.58,33.12,1584.24,656.88,76.41,1507.83,46.6,0,A
2024Q3,Sprite,Carbonated Soft Drinks,On-Trade,Gauteng,86,57.16,28.95,4915.76,2426.06,241.54,4674.22,49.1,1,C
2024Q4,Stoney,Carbonated Soft Drinks,Mass Retail,Western Cape,38,55.69,33.91,2116.22,827.64,190.94,1925.28,46.7,0,D
2024Q2,Stoney,Carbonated Soft Drinks,E-Commerce,Western Cape,26,62.78,32.89,1632.28,777.14,97.79,1534.49,71.8,1,C
2024Q1,Powerplay,Energy Drinks,Convenience,Free State,65,120.02,64.34,7801.3,3619.2,763.0,7038.3,50.2,0,C
2024Q4,Monster,Energy Drinks,Petrol & Travel,Western Cape,123,122.72,60.02,15094.56,7712.1,1350.22,13744.34,71.2,0,B
2024Q1,Fanta,Carbonated Soft Drinks,Convenience,Mpumalanga,7,44.25,23.86,309.75,142.73,27.56,282.19,60.9,1,A
2024Q2,Coca-Cola,Carbonated Soft Drinks,Convenience,Limpopo,264,51.76,28.96,13664.64,6019.2,1510.37,12154.27,85.8,1,B
2024Q2,Monster,Energy Drinks,Petrol & Travel,Western Cape,6,124.76,66.19,748.56,351.42,87.31,661.25,69.2,0,C
2024Q1,Coca-Cola,Carbonated Soft Drinks,E-Commerce,Western Cape,29,50.59,24.6,1467.11,753.71,72.39,1394.72,97.6,0,C
2024Q1,Coca-Cola,Carbonated Soft Drinks,Mass Retail,Gauteng,78,55.41,27.69,4321.98,2162.16,378.69,3943.29,53.2,0,C
2024Q2,Coca-Cola,Carbonated Soft Drinks,E-Commerce,KwaZulu-Natal,83,45.47,22.33,3774.01,1920.62,182.2,3591.81,77.3,0,B
2024Q4,Cappy,Juices & Nectars,Mass Retail,KwaZulu-Natal,15,64.63,39.04,969.45,383.85,42.88,926.57,83.0,1,A
2024Q1,Bonaqua,Water,Convenience,Western Cape,102,44.22,26.2,4510.44,1838.04,322.96,4187.48,46.2,0,B
2024Q1,Sprite,Carbonated Soft Drinks,E-Commerce,Gauteng,84,54.53,32.1,4580.52,1884.12,365.82,4214.7,98.0,0,B
2024Q1,Sprite,Carbonated Soft Drinks,Wholesale,KwaZulu-Natal,77,60.79,33.59,4680.83,2094.4,406.43,4274.4,87.3,0,C
2024Q4,Stoney,Carbonated Soft Drinks,Convenience,Western Cape,162,56.74,27.52,9191.88,4733.64,447.97,8743.91,51.6,0,C
2024Q1,Bonaqua,Water,Mass Retail,Gauteng,43,43.26,26.66,1860.18,713.8,80.35,1779.83,83.3,0,C
2024Q4,Stoney,Carbonated Soft Drinks,On-Trade,Northern Cape,23,57.11,30.13,1313.53,620.54,135.38,1178.15,78.1,1,B
2024Q4,Coca-Cola,Carbonated Soft Drinks,Wholesale,Western Cape,29,57.01,29.94,1653.29,785.03,143.4,1509.89,77.2,0,D
2024Q1,Cappy,Juices & Nectars,Petrol & Travel,Gauteng,75,72.6,35.73,5445.0,2765.25,342.17,5102.83,92.2,0,C
2024Q2,Stoney,Carbonated Soft Drinks,Petrol & Travel,Northern Cape,67,57.57,29.64,3857.19,1871.31,280.56,3576.63,59.6,0,B
2024Q1,Coca-Cola,Carbonated Soft Drinks,On-Trade,Free State,26,59.21,36.15,1539.46,599.56,175.8,1363.66,82.7,0,A
2024Q3,Powerplay,Energy Drinks,Mass Retail,KwaZulu-Natal,64,120.8,65.1,7731.2,3564.8,478.39,7252.81,48.2,0,B
2024Q2,Sprite,Carbonated Soft Drinks,Mass Retail,Eastern Cape,27,51.04,26.18,1378.08,671.22,105.24,1272.84,61.7,0,D
2024Q1,Coca-Cola,Carbonated Soft Drinks,On-Trade,Mpumalanga,38,52.24,28.01,1985.12,920.74,162.38,1822.74,58.6,0,D
2024Q3,Sprite,Carbonated Soft Drinks,Mass Retail,Western Cape,45,50.15,29.68,2256.75,921.15,197.76,2058.99,49.2,0,C
2024Q3,Fanta,Carbonated Soft Drinks,Wholesale,Gauteng,19,52.35,30.53,994.65,414.58,109.7,884.95,97.3,0,C
2024Q1,Powerade,Sports Drinks,Mass Retail,Western Cape,31,65.37,37.42,2026.47,866.45,225.56,1800.91,94.7,0,C
2024Q1,Cappy,Juices & Nectars,Mass Retail,Free State,92,72.83,34.98,6700.36,3482.2,462.98,6237.38,93.1,0,D
2024Q3,Coca-Cola,Carbonated Soft Drinks,Mass Retail,Gauteng,15,51.7,26.6,775.5,376.5,65.45,710.05,92.6,1,C
2024Q3,Bonaqua,Water,On-Trade,KwaZulu-Natal,46,37.29,19.43,1715.34,821.56,91.9,1623.44,54.5,0,B
2024Q4,Bonaqua,Water,Petrol & Travel,Free State,65,40.96,22.7,2662.4,1186.9,253.73,2408.67,54.6,0,A
2024Q2,Bonaqua,Water,Convenience,KwaZulu-Natal,12,42.39,24.32,508.68,216.84,28.95,479.73,76.5,0,C
2024Q4,Stoney,Carbonated Soft Drinks,Mass Retail,Mpumalanga,52,60.95,37.34,3169.4,1227.72,332.2,2837.2,91.6,1,D
2024Q3,Schweppes,Mixers,Convenience,Free State,24,56.81,29.06,1363.44,666.0,96.17,1267.27,91.0,0,D
2024Q4,Monster,Energy Drinks,Mass Retail,Gauteng,11,123.57,69.74,1359.27,592.13,143.05,1216.22,61.0,0,B
2024Q3,Monster,Energy Drinks,Mass Retail,Gauteng,34,107.01,66.12,3638.34,1390.26,323.02,3315.32,74.4,0,C
2024Q4,Sprite,Carbonated Soft Drinks,Wholesale,KwaZulu-Natal,28,54.93,28.3,1538.04,745.64,83.21,1454.83,93.9,0,C
2024Q3,Cappy,Juices & Nectars,E-Commerce,Western Cape,68,64.22,32.73,4366.96,2141.32,244.4,4122.56,85.7,0,C
2024Q1,Cappy,Juices & Nectars,Mass Retail,Eastern Cape,37,65.35,40.42,2417.95,922.41,206.2,2211.75,59.0,0,C
2024Q4,Coca-Cola,Carbonated Soft Drinks,On-Trade,Eastern Cape,96,56.13,33.91,5388.48,2133.12,607.32,4781.16,90.6,0,A
2024Q4,Bonaqua,Water,Mass Retail,Gauteng,153,38.66,22.16,5914.98,2524.5,339.75,5575.23,71.9,1,C
2024Q2,Monster,Energy Drinks,Convenience,Western Cape,26,117.13,69.43,3045.38,1240.2,213.72,2831.66,85.5,1,B
2024Q1,Cappy,Juices & Nectars,Convenience,North West,19,69.79,38.29,1326.01,598.5,65.09,1260.92,73.0,0,B
2024Q3,Cappy,Juices & Nectars,Mass Retail,Gauteng,85,66.72,38.1,5671.2,2432.7,253.71,5417.49,62.3,0,C
2024Q4,Schweppes,Mixers,Wholesale,Eastern Cape,50,53.03,30.17,2651.5,1143.0,149.0,2502.5,74.2,0,B
2024Q3,Schweppes,Mixers,Convenience,Gauteng,11,54.26,31.37,596.86,251.79,27.26,569.6,89.1,0,C
2024Q4,Coca-Cola,Carbonated Soft Drinks,E-Commerce,Gauteng,31,54.08,30.68,1676.48,725.4,182.05,1494.43,56.8,1,D
2024Q4,Powerplay,Energy Drinks,Convenience,Gauteng,67,106.13,58.45,7110.71,3194.56,586.05,6524.66,81.6,0,A
2024Q1,Coca-Cola,Carbonated Soft Drinks,Mass Retail,Eastern Cape,35,49.34,28.16,1726.9,741.3,157.71,1569.19,83.6,0,B
2024Q4,Powerplay,Energy Drinks,Wholesale,Western Cape,30,116.56,64.4,3496.8,1564.8,358.16,3138.64,89.2,0,C
2024Q1,Coca-Cola,Carbonated Soft Drinks,On-Trade,Gauteng,24,48.63,23.48,1167.12,603.6,74.27,1092.85,75.2,0,D
2024Q2,Coca-Cola,Carbonated Soft Drinks,Convenience,Western Cape,22,52.41,27.06,1153.02,557.7,99.44,1053.58,82.6,0,B
2024Q1,Schweppes,Mixers,Convenience,Western Cape,124,56.33,28.94,6984.92,3396.36,315.07,6669.85,47.9,1,C
2024Q1,Coca-Cola,Carbonated Soft Drinks,Mass Retail,Western Cape,99,51.84,31.7,5132.16,1993.86,613.36,4518.8,94.7,0,B
2024Q4,Coca-Cola,Carbonated Soft Drinks,Convenience,Gauteng,176,46.86,27.85,8247.36,3345.76,922.09,7325.27,95.7,0,B
2024Q1,Bonaqua,Water,On-Trade,Western Cape,49,40.53,24.89,1985.97,766.36,155.31,1830.66,79.4,0,A
2024Q3,Sprite,Carbonated Soft Drinks,Convenience,Gauteng,88,54.26,26.89,4774.88,2408.56,374.79,4400.09,70.6,0,D
2024Q4,Sprite,Carbonated Soft Drinks,Convenience,Western Cape,26,58.06,30.53,1509.56,715.78,154.2,1355.36,67.0,0,D
2024Q2,Sprite,Carbonated Soft Drinks,Mass Retail,Western Cape,104,52.97,29.32,5508.88,2459.6,632.78,4876.1,62.4,0,C
2024Q2,Fanta,Carbonated Soft Drinks,Mass Retail,Free State,18,54.02,29.95,972.36,433.26,63.28,909.08,58.8,0,B
2024Q2,Monster,Energy Drinks,Mass Retail,Gauteng,17,104.03,61.46,1768.51,723.69,142.96,1625.55,65.4,0,A
2024Q4,Coca-Cola,Carbonated Soft Drinks,Petrol & Travel,Eastern Cape,17,45.54,22.33,774.18,394.57,38.33,735.85,52.2,0,B
2024Q3,Coca-Cola,Carbonated Soft Drinks,Petrol & Travel,Western Cape,32,52.03,26.36,1664.96,821.44,89.99,1574.97,58.4,1,C
2024Q2,Coca-Cola,Carbonated Soft Drinks,Convenience,KwaZulu-Natal,104,54.18,32.22,5634.72,2283.84,526.36,5108.36,82.3,0,C
2024Q3,Coca-Cola,Carbonated Soft Drinks,On-Trade,Free State,53,52.88,26.76,2802.64,1384.36,173.7,2628.94,49.9,0,C
2024Q1,Schweppes,Mixers,E-Commerce,KwaZulu-Natal,67,56.83,30.55,3807.61,1760.76,287.13,3520.48,68.8,0,A
2024Q2,Schweppes,Mixers,Mass Retail,Eastern Cape,19,62.97,35.78,1196.43,516.61,67.38,1129.05,74.4,0,A
2024Q1,Coca-Cola,Carbonated Soft Drinks,Mass Retail,Gauteng,23,51.97,31.09,1195.31,480.24,47.87,1147.44,70.3,1,A
2024Q4,Sprite,Carbonated Soft Drinks,On-Trade,Eastern Cape,93,49.17,26.16,4572.81,2139.93,521.99,4050.82,79.0,0,C
2024Q2,Coca-Cola,Carbonated Soft Drinks,Mass Retail,KwaZulu-Natal,23,51.56,30.08,1185.88,494.04,115.39,1070.49,73.1,0,B
2024Q3,Coca-Cola,Carbonated Soft Drinks,Convenience,Western Cape,123,53.09,30.78,6530.07,2744.13,605.0,5925.07,92.9,0,C
2024Q4,Schweppes,Mixers,Mass Retail,Western Cape,33,57.1,32.3,1884.3,818.4,85.87,1798.43,67.7,0,C
2024Q4,Sprite,Carbonated Soft Drinks,Convenience,Northern Cape,54,56.79,33.95,3066.66,1233.36,151.26,2915.4,77.3,0,C
2024Q2,Bonaqua,Water,Convenience,Western Cape,15,38.53,19.57,577.95,284.4,31.33,546.62,87.7,1,B
2024Q4,Powerade,Sports Drinks,Mass Retail,Western Cape,16,63.59,36.87,1017.44,427.52,53.59,963.85,46.3,0,B
2024Q2,Coca-Cola,Carbonated Soft Drinks,Mass Retail,Gauteng,16,45.35,26.55,725.6,300.8,29.74,695.86,47.0,1,A
2024Q1,Powerplay,Energy Drinks,Convenience,Free State,122,105.96,58.56,12927.12,5782.8,1102.42,11824.7,75.8,0,B
2024Q4,Coca-Cola,Carbonated Soft Drinks,On-Trade,KwaZulu-Natal,37,49.54,28.75,1832.98,769.23,118.88,1714.1,96.9,1,C
2024Q4,Cappy,Juices & Nectars,Wholesale,Limpopo,40,70.16,40.2,2806.4,1198.4,308.93,2497.47,89.1,0,D
2024Q3,Cappy,Juices & Nectars,Convenience,Gauteng,28,67.34,36.7,1885.52,857.92,216.88,1668.64,59.5,1,C
2024Q4,Cappy,Juices & Nectars,Petrol & Travel,KwaZulu-Natal,7,72.43,38.62,507.01,236.67,43.91,463.1,77.9,0,B
2024Q2,Fanta,Carbonated Soft Drinks,Convenience,Northern Cape,39,50.06,30.74,1952.34,753.48,188.57,1763.77,53.6,0,C
2024Q1,Cappy,Juices & Nectars,E-Commerce,Gauteng,28,72.07,44.23,2017.96,779.52,159.55,1858.41,90.7,1,C
2024Q3,Coca-Cola,Carbonated Soft Drinks,Mass Retail,KwaZulu-Natal,135,49.61,29.81,6697.35,2673.0,594.53,6102.82,54.2,0,C
2024Q4,Stoney,Carbonated Soft Drinks,Mass Retail,Western Cape,15,60.51,32.97,907.65,413.1,87.06,820.59,68.9,0,C
2024Q2,Sprite,Carbonated Soft Drinks,On-Trade,Free State,139,48.08,24.5,6683.12,3277.62,541.43,6141.69,56.8,1,B
2024Q1,Schweppes,Mixers,Mass Retail,Gauteng,26,51.89,25.86,1349.14,676.78,68.36,1280.78,96.3,0,B
2024Q1,Bonaqua,Water,E-Commerce,Free State,9,38.34,21.15,345.06,154.71,30.26,314.8,67.2,0,B
2024Q1,Coca-Cola,Carbonated Soft Drinks,Convenience,Western Cape,39,52.44,31.62,2045.16,811.98,101.21,1943.95,79.6,1,A
2024Q2,Sprite,Carbonated Soft Drinks,Mass Retail,Gauteng,20,65.09,35.72,1301.8,587.4,113.31,1188.49,84.4,0,A
2024Q1,Bonaqua,Water,Mass Retail,Mpumalanga,77,38.32,21.04,2950.64,1330.56,282.06,2668.58,71.6,0,C
2024Q3,Coca-Cola,Carbonated Soft Drinks,On-Trade,Mpumalanga,29,53.18,28.4,1542.22,718.62,114.91,1427.31,50.5,0,D
2024Q1,Coca-Cola,Carbonated Soft Drinks,Convenience,Mpumalanga,51,53.83,32.52,2745.33,1086.81,113.01,2632.32,86.8,0,B
2024Q2,Coca-Cola,Carbonated Soft Drinks,Mass Retail,Western Cape,32,45.95,27.49,1470.4,590.72,109.9,1360.5,97.5,0,B
2024Q2,Cappy,Juices & Nectars,Convenience,Western Cape,7,66.36,31.96,464.52,240.8,41.27,423.25,75.6,0,A
2024Q1,Sprite,Carbonated Soft Drinks,Mass Retail,Western Cape,87,55.96,29.34,4868.52,2315.94,409.05,4459.47,81.0,1,B
2024Q2,Sprite,Carbonated Soft Drinks,Mass Retail,Gauteng,37,56.65,27.61,2096.05,1074.48,228.91,1867.14,94.3,0,B
2024Q4,Coca-Cola,Carbonated Soft Drinks,E-Commerce,KwaZulu-Natal,34,52.0,25.87,1768.0,888.42,146.62,1621.38,54.0,0,C
2024Q1,Powerade,Sports Drinks,Mass Retail,KwaZulu-Natal,20,73.88,45.13,1477.6,575.0,102.64,1374.96,47.1,0,A
2024Q3,Monster,Energy Drinks,E-Commerce,Gauteng,14,107.58,65.72,1506.12,586.04,137.03,1369.09,94.8,0,A
2024Q1,Coca-Cola,Carbonated Soft Drinks,E-Commerce,Free State,9,55.63,32.06,500.67,212.13,31.43,469.24,47.0,0,A
2024Q3,Bonaqua,Water,Wholesale,Gauteng,49,34.35,20.21,1683.15,692.86,161.96,1521.19,63.5,0,B
2024Q1,Coca-Cola,Carbonated Soft Drinks,Mass Retail,Northern Cape,38,54.91,31.76,2086.58,879.7,228.01,1858.57,89.7,0,B
2024Q2,Fanta,Carbonated Soft Drinks,Wholesale,Gauteng,73,49.43,25.42,3608.39,1752.73,209.22,3399.17,79.1,0,B
2024Q3,Stoney,Carbonated Soft Drinks,Mass Retail,Eastern Cape,32,58.71,32.2,1878.72,848.32,116.0,1762.72,73.9,1,B
2024Q2,Fanta,Carbonated Soft Drinks,E-Commerce,Gauteng,85,46.12,27.78,3920.2,1558.9,341.65,3578.55,49.0,0,C
2024Q1,Coca-Cola,Carbonated Soft Drinks,Mass Retail,Gauteng,33,56.01,30.76,1848.33,833.25,220.53,1627.8,78.7,0,B
2024Q2,Coca-Cola,Carbonated Soft Drinks,E-Commerce,Western Cape,12,54.65,28.41,655.8,314.88,61.16,594.64,69.2,0,B
2024Q3,Cappy,Juices & Nectars,Mass Retail,Western Cape,30,72.26,41.77,2167.8,914.7,117.55,2050.25,71.7,0,B
2024Q1,Coca-Cola,Carbonated Soft Drinks,Mass Retail,Northern Cape,23,60.76,33.4,1397.48,629.28,88.96,1308.52,47.6,0,B
2024Q2,Powerplay,Energy Drinks,Convenience,Gauteng,7,103.7,57.79,725.9,321.37,55.84,670.06,58.5,1,B
2024Q2,Coca-Cola,Carbonated Soft Drinks,Convenience,KwaZulu-Natal,32,47.31,28.31,1513.92,608.0,72.75,1441.17,80.9,0,A
2024Q3,Coca-Cola,Carbonated Soft Drinks,E-Commerce,Gauteng,69,46.95,27.05,3239.55,1373.1,313.02,2926.53,92.2,0,B
2024Q3,Sprite,Carbonated Soft Drinks,E-Commerce,Western Cape,41,48.31,23.61,1980.71,1012.7,132.14,1848.57,91.8,0,D
2024Q1,Bonaqua,Water,Convenience,Gauteng,8,38.96,20.07,311.68,151.12,18.37,293.31,88.9,0,B
2024Q2,Schweppes,Mixers,On-Trade,Limpopo,17,57.65,33.73,980.05,406.64,107.97,872.08,94.4,0,A
2024Q3,Schweppes,Mixers,Mass Retail,Gauteng,222,57.96,27.93,12867.12,6666.66,1189.35,11677.77,82.6,0,A
2024Q2,Cappy,Juices & Nectars,Mass Retail,Gauteng,137,69.86,39.78,9570.82,4120.96,471.29,9099.53,92.6,0,A
2024Q1,Fanta,Carbonated Soft Drinks,Mass Retail,Gauteng,16,55.11,33.55,881.76,344.96,70.73,811.03,81.0,0,B
2024Q1,Stoney,Carbonated Soft Drinks,Mass Retail,Gauteng,39,62.87,31.64,2451.93,1217.97,284.54,2167.39,97.2,1,A
2024Q4,Coca-Cola,Carbonated Soft Drinks,E-Commerce,KwaZulu-Natal,158,43.63,21.5,6893.54,3496.54,380.35,6513.19,73.5,0,D
2024Q4,Sprite,Carbonated Soft Drinks,Mass Retail,Gauteng,28,44.9,24.09,1257.2,582.68,145.59,1111.61,72.6,1,C
2024Q4,Sprite,Carbonated Soft Drinks,E-Commerce,Western Cape,26,47.65,29.23,1238.9,478.92,105.95,1132.95,81.9,1,C
2024Q1,Fanta,Carbonated Soft Drinks,Petrol & Travel,Gauteng,36,54.23,33.02,1952.28,763.56,147.67,1804.61,81.2,0,B
2024Q2,Powerade,Sports Drinks,Convenience,Western Cape,23,63.73,31.19,1465.79,748.42,110.26,1355.53,79.4,1,A
2024Q1,Powerplay,Energy Drinks,Mass Retail,Western Cape,2,102.24,56.71,204.48,91.06,11.2,193.28,73.3,0,B
2024Q4,Powerade,Sports Drinks,Convenience,Gauteng,55,58.62,29.35,3224.1,1609.85,361.27,2862.83,94.5,0,A
2024Q4,Stoney,Carbonated Soft Drinks,Convenience,Western Cape,70,52.65,29.71,3685.5,1605.8,262.78,3422.72,60.2,1,A
2024Q4,Coca-Cola,Carbonated Soft Drinks,Convenience,KwaZulu-Natal,54,47.16,28.49,2546.64,1008.18,180.29,2366.35,51.5,1,C
2024Q2,Sprite,Carbonated Soft Drinks,Convenience,Northern Cape,10,53.15,27.91,531.5,252.4,31.54,499.96,80.2,0,B
2024Q4,Schweppes,Mixers,Wholesale,KwaZulu-Natal,40,59.78,30.07,2391.2,1188.4,239.43,2151.77,54.6,0,A
2024Q1,Sprite,Carbonated Soft Drinks,Wholesale,Western Cape,15,54.99,28.76,824.85,393.45,55.35,769.5,85.8,0,C
2024Q2,Coca-Cola,Carbonated Soft Drinks,On-Trade,Gauteng,115,51.89,26.4,5967.35,2931.35,622.94,5344.41,89.1,0,B
2024Q1,Fanta,Carbonated Soft Drinks,Mass Retail,Western Cape,6,46.47,26.87,278.82,117.6,12.45,266.37,47.1,0,B
2024Q2,Cappy,Juices & Nectars,On-Trade,KwaZulu-Natal,20,68.7,39.09,1374.0,592.2,84.58,1289.42,79.5,0,B
2024Q4,Coca-Cola,Carbonated Soft Drinks,On-Trade,Eastern Cape,25,50.02,25.55,1250.5,611.75,66.49,1184.01,69.8,0,A
2024Q3,Coca-Cola,Carbonated Soft Drinks,On-Trade,Western Cape,72,53.96,33.31,3885.12,1486.8,323.44,3561.68,57.6,0,B
2024Q3,Coca-Cola,Carbonated Soft Drinks,Convenience,Limpopo,86,54.76,33.11,4709.36,1861.9,474.42,4234.94,74.8,0,B
2024Q3,Fanta,Carbonated Soft Drinks,Convenience,KwaZulu-Natal,50,52.56,27.93,2628.0,1231.5,209.89,2418.11,78.7,1,C
2024Q3,Fanta,Carbonated Soft Drinks,Mass Retail,Western Cape,17,46.72,28.2,794.24,314.84,52.83,741.41,73.9,0,B
2024Q2,Bonaqua,Water,Convenience,Eastern Cape,21,39.22,24.03,823.62,318.99,79.38,744.24,54.4,0,B
2024Q1,Coca-Cola,Carbonated Soft Drinks,Mass Retail,KwaZulu-Natal,50,53.9,27.96,2695.0,1297.0,204.51,2490.49,81.8,0,B
2024Q3,Sprite,Carbonated Soft Drinks,On-Trade,Gauteng,8,61.21,29.43,489.68,254.24,49.63,440.05,67.1,0,D
2024Q3,Fanta,Carbonated Soft Drinks,On-Trade,KwaZulu-Natal,24,57.18,33.01,1372.32,580.08,56.34,1315.98,45.5,0,A
2024Q2,Coca-Cola,Carbonated Soft Drinks,Convenience,KwaZulu-Natal,15,54.19,28.37,812.85,387.3,37.59,775.26,91.7,0,B
2024Q2,Coca-Cola,Carbonated Soft Drinks,Petrol & Travel,Eastern Cape,60,48.32,24.54,2899.2,1426.8,171.7,2727.5,50.5,0,B
2024Q4,Coca-Cola,Carbonated Soft Drinks,E-Commerce,Limpopo,38,55.8,29.53,2120.4,998.26,171.89,1948.51,58.8,0,A
2024Q3,Powerade,Sports Drinks,Mass Retail,Eastern Cape,18,68.5,41.61,1233.0,484.02,94.75,1138.25,55.3,0,B
2024Q4,Bonaqua,Water,Mass Retail,KwaZulu-Natal,25,43.55,24.33,1088.75,480.5,126.09,962.66,79.5,0,A
2024Q1,Coca-Cola,Carbonated Soft Drinks,E-Commerce,Northern Cape,62,47.12,25.22,2921.44,1357.8,329.78,2591.66,51.9,0,C
2024Q4,Schweppes,Mixers,Convenience,Gauteng,28,54.47,27.28,1525.16,761.32,164.12,1361.04,94.0,0,B
2024Q1,Coca-Cola,Carbonated Soft Drinks,On-Trade,Gauteng,26,48.95,30.11,1272.7,489.84,64.79,1207.91,74.5,0,B
2024Q1,Fanta,Carbonated Soft Drinks,Convenience,Eastern Cape,35,49.34,25.94,1726.9,819.0,159.92,1566.98,50.5,0,B
2024Q1,Monster,Energy Drinks,Convenience,Western Cape,55,91.34,54.76,5023.7,2011.9,591.89,4431.81,84.9,0,B
2024Q3,Cappy,Juices & Nectars,Wholesale,Western Cape,15,67.21,38.54,1008.15,430.05,52.24,955.91,58.0,0,C
2024Q3,Sprite,Carbonated Soft Drinks,Wholesale,Eastern Cape,11,60.23,35.42,662.53,272.91,76.29,586.24,73.9,0,B
2024Q4,Coca-Cola,Carbonated Soft Drinks,Petrol & Travel,Gauteng,52,50.64,30.89,2633.28,1027.0,256.93,2376.35,88.0,0,B
2024Q3,Coca-Cola,Carbonated Soft Drinks,Convenience,KwaZulu-Natal,38,53.29,28.02,2025.02,960.26,86.66,1938.36,73.7,0,D
2024Q4,Schweppes,Mixers,Mass Retail,Gauteng,37,58.17,29.67,2152.29,1054.5,159.47,1992.82,77.5,0,B
2024Q4,Coca-Cola,Carbonated Soft Drinks,Mass Retail,KwaZulu-Natal,89,47.56,26.76,4232.84,1851.2,361.24,3871.6,80.1,0,A
2024Q1,Powerade,Sports Drinks,Convenience,KwaZulu-Natal,62,62.86,31.73,3897.32,1930.06,361.97,3535.35,92.5,1,B
2024Q1,Coca-Cola,Carbonated Soft Drinks,Mass Retail,Eastern Cape,20,53.34,32.6,1066.8,414.8,100.02,966.78,50.9,0,A
2024Q4,Coca-Cola,Carbonated Soft Drinks,On-Trade,Mpumalanga,7,51.38,30.6,359.66,145.46,35.63,324.03,78.0,0,C
2024Q2,Fanta,Carbonated Soft Drinks,Petrol & Travel,KwaZulu-Natal,24,52.05,31.39,1249.2,495.84,87.35,1161.85,67.9,0,C
2024Q2,Schweppes,Mixers,On-Trade,Western Cape,17,62.47,35.65,1061.99,455.94,88.3,973.69,51.2,0,B
2024Q4,Powerplay,Energy Drinks,Convenience,Western Cape,50,113.76,63.51,5688.0,2512.5,328.01,5359.99,91.8,0,A
2024Q2,Sprite,Carbonated Soft Drinks,Convenience,Gauteng,43,59.73,28.77,2568.39,1331.28,149.52,2418.87,69.0,0,B
2024Q3,Sprite,Carbonated Soft Drinks,Mass Retail,KwaZulu-Natal,70,58.4,32.58,4088.0,1807.4,378.12,3709.88,88.0,0,A
2024Q2,Schweppes,Mixers,Mass Retail,Gauteng,69,64.01,33.63,4416.69,2096.22,223.7,4192.99,51.7,0,B
2024Q4,Sprite,Carbonated Soft Drinks,On-Trade,Gauteng,132,46.69,28.5,6163.08,2401.08,372.42,5790.66,85.5,0,A
2024Q3,Stoney,Carbonated Soft Drinks,Mass Retail,Western Cape,48,57.81,33.25,2774.88,1178.88,132.07,2642.81,73.7,0,C
2024Q1,Schweppes,Mixers,Mass Retail,Eastern Cape,29,54.15,32.1,1570.35,639.45,170.65,1399.7,86.1,0,B
2024Q1,Cappy,Juices & Nectars,On-Trade,Limpopo,129,67.12,33.65,8658.48,4317.63,758.48,7900.0,83.2,0,A
2024Q3,Coca-Cola,Carbonated Soft Drinks,Convenience,Free State,25,48.93,27.2,1223.25,543.25,117.54,1105.71,83.7,1,B
2024Q1,Bonaqua,Water,Wholesale,Gauteng,39,40.58,21.94,1582.62,726.96,129.78,1452.84,45.7,0,A
2024Q2,Powerplay,Energy Drinks,Wholesale,Limpopo,7,120.44,58.56,843.08,433.16,58.17,784.91,45.2,0,C
2024Q2,Monster,Energy Drinks,On-Trade,Limpopo,11,112.86,66.55,1241.46,509.41,105.51,1135.95,55.7,0,C
2024Q2,Coca-Cola,Carbonated Soft Drinks,On-Trade,Gauteng,45,56.64,32.84,2548.8,1071.0,266.16,2282.64,49.9,0,B
2024Q4,Schweppes,Mixers,On-Trade,North West,14,51.87,31.1,726.18,290.78,74.38,651.8,79.8,0,C
2024Q2,Cappy,Juices & Nectars,Mass Retail,Eastern Cape,76,66.16,33.93,5028.16,2449.48,484.54,4543.62,57.8,1,A
2024Q4,Sprite,Carbonated Soft Drinks,Convenience,Free State,31,47.26,28.27,1465.06,588.69,118.24,1346.82,54.5,0,B
2024Q4,Coca-Cola,Carbonated Soft Drinks,E-Commerce,Gauteng,35,55.03,27.12,1926.05,976.85,184.19,1741.86,89.8,0,C
2024Q2,Coca-Cola,Carbonated Soft Drinks,Mass Retail,Western Cape,58,49.45,27.51,2868.1,1272.52,160.07,2708.03,95.3,0,C
2024Q1,Coca-Cola,Carbonated Soft Drinks,On-Trade,Western Cape,20,51.28,29.14,1025.6,442.8,67.05,958.55,48.5,0,B
2024Q3,Coca-Cola,Carbonated Soft Drinks,Petrol & Travel,Northern Cape,30,52.25,27.78,1567.5,734.1,76.34,1491.16,47.9,0,A
2024Q4,Monster,Energy Drinks,On-Trade,Eastern Cape,27,123.46,68.32,3333.42,1488.78,205.53,3127.89,84.0,0,B
2024Q1,Bonaqua,Water,On-Trade,Mpumalanga,28,37.01,18.1,1036.28,529.48,108.31,927.97,93.1,1,C
2024Q3,Powerade,Sports Drinks,Mass Retail,Limpopo,305,56.05,34.63,17095.25,6533.1,773.55,16321.7,80.4,0,A
2024Q3,Powerade,Sports Drinks,Mass Retail,Western Cape,9,67.48,33.9,607.32,302.22,36.13,571.19,48.8,1,A
2024Q4,Monster,Energy Drinks,Wholesale,KwaZulu-Natal,77,122.94,68.55,9466.38,4188.03,378.95,9087.43,51.7,0,B
2024Q3,Fanta,Carbonated Soft Drinks,Wholesale,Western Cape,46,49.1,29.58,2258.6,897.92,118.34,2140.26,92.6,0,B
2024Q3,Cappy,Juices & Nectars,Mass Retail,Eastern Cape,73,68.84,36.95,5025.32,2327.97,496.61,4528.71,80.4,0,C
2024Q2,Coca-Cola,Carbonated Soft Drinks,E-Commerce,Western Cape,20,52.99,27.61,1059.8,507.6,122.08,937.72,56.8,0,C
2024Q3,Coca-Cola,Carbonated Soft Drinks,Wholesale,Western Cape,19,51.03,25.79,969.57,479.56,61.02,908.55,69.6,0,C
2024Q2,Coca-Cola,Carbonated Soft Drinks,On-Trade,KwaZulu-Natal,187,52.95,28.57,9901.65,4559.06,1085.27,8816.38,80.1,1,B
2024Q3,Sprite,Carbonated Soft Drinks,On-Trade,Gauteng,93,54.98,32.04,5113.14,2133.42,574.84,4538.3,57.1,0,A
2024Q3,Cappy,Juices & Nectars,Petrol & Travel,KwaZulu-Natal,30,66.61,36.6,1998.3,900.3,97.57,1900.73,81.1,0,B
2024Q4,Sprite,Carbonated Soft Drinks,Convenience,Mpumalanga,38,58.58,32.51,2226.04,990.66,266.05,1959.99,75.7,0,C
2024Q4,Cappy,Juices & Nectars,Wholesale,Gauteng,27,69.36,33.43,1872.72,970.11,140.7,1732.02,90.7,0,D
2024Q3,Coca-Cola,Carbonated Soft Drinks,On-Trade,Eastern Cape,13,53.41,26.44,694.33,350.61,80.8,613.53,67.3,0,D
2024Q2,Sprite,Carbonated Soft Drinks,E-Commerce,Eastern Cape,22,67.68,39.45,1488.96,621.06,101.21,1387.75,78.1,1,C
2024Q4,Coca-Cola,Carbonated Soft Drinks,On-Trade,Gauteng,29,53.79,29.82,1559.91,695.13,91.87,1468.04,61.1,0,B
2024Q4,Cappy,Juices & Nectars,Wholesale,Gauteng,81,55.59,28.36,4502.79,2205.63,208.38,4294.41,73.6,0,B
2024Q2,Coca-Cola,Carbonated Soft Drinks,Mass Retail,Western Cape,11,57.59,29.56,633.49,308.33,36.51,596.98,47.1,1,A
2024Q2,Schweppes,Mixers,Mass Retail,Gauteng,7,53.37,26.95,373.59,184.94,18.26,355.33,94.8,0,B
2024Q1,Fanta,Carbonated Soft Drinks,Petrol & Travel,Western Cape,18,53.32,28.01,959.76,455.58,89.51,870.25,60.5,0,D
2024Q1,Monster,Energy Drinks,Mass Retail,Western Cape,41,130.36,70.12,5344.76,2469.84,362.54,4982.22,86.2,0,A
2024Q1,Schweppes,Mixers,Convenience,KwaZulu-Natal,15,64.1,37.73,961.5,395.55,112.13,849.37,81.5,0,B
2024Q3,Monster,Energy Drinks,Convenience,Gauteng,48,122.44,73.82,5877.12,2333.76,570.4,5306.72,85.8,0,C
2024Q2,Sprite,Carbonated Soft Drinks,Convenience,North West,32,51.38,25.07,1644.16,841.92,124.63,1519.53,83.0,0,D
2024Q1,Coca-Cola,Carbonated Soft Drinks,Mass Retail,Gauteng,54,54.42,26.35,2938.68,1515.78,125.13,2813.55,92.9,1,C
2024Q4,Sprite,Carbonated Soft Drinks,Mass Retail,Eastern Cape,78,58.11,31.54,4532.58,2072.46,379.46,4153.12,57.1,0,C
2024Q3,Coca-Cola,Carbonated Soft Drinks,Wholesale,Gauteng,14,49.11,27.19,687.54,306.88,37.98,649.56,81.4,0,B
2024Q3,Coca-Cola,Carbonated Soft Drinks,Mass Retail,Western Cape,68,49.91,24.36,3393.88,1737.4,170.53,3223.35,61.1,0,C
2024Q1,Schweppes,Mixers,E-Commerce,Gauteng,37,57.75,31.05,2136.75,987.9,103.56,2033.19,56.3,0,A
2024Q2,Coca-Cola,Carbonated Soft Drinks,On-Trade,Eastern Cape,56,56.33,28.69,3154.48,1547.84,337.84,2816.64,90.5,0,B
2024Q1,Schweppes,Mixers,Mass Retail,KwaZulu-Natal,19,55.47,27.43,1053.93,532.76,75.89,978.04,67.8,0,B
2024Q2,Coca-Cola,Carbonated Soft Drinks,Convenience,KwaZulu-Natal,61,46.2,27.27,2818.2,1154.73,173.41,2644.79,59.2,0,C
2024Q3,Schweppes,Mixers,Convenience,Western Cape,42,58.85,33.95,2471.7,1045.8,122.3,2349.4,87.9,0,C
2024Q1,Sprite,Carbonated Soft Drinks,On-Trade,North West,9,51.26,28.35,461.34,206.19,53.75,407.59,47.7,0,B
2024Q4,Bonaqua,Water,Convenience,Gauteng,50,42.28,23.65,2114.0,931.5,240.25,1873.75,52.1,1,B
2024Q2,Bonaqua,Water,On-Trade,Limpopo,14,39.09,22.73,547.26,229.04,40.06,507.2,82.3,0,A
2024Q4,Coca-Cola,Carbonated Soft Drinks,Mass Retail,North West,26,51.16,26.14,1330.16,650.52,114.82,1215.34,58.6,0,B
2024Q2,Coca-Cola,Carbonated Soft Drinks,E-Commerce,Gauteng,24,48.24,25.72,1157.76,540.48,117.83,1039.93,70.6,0,B
2024Q2,Bonaqua,Water,Convenience,KwaZulu-Natal,63,45.66,22.42,2876.58,1464.12,187.02,2689.56,96.9,0,C
2024Q2,Schweppes,Mixers,On-Trade,KwaZulu-Natal,13,56.22,33.59,730.86,294.19,37.03,693.83,50.6,0,B
2024Q3,Cappy,Juices & Nectars,E-Commerce,Gauteng,43,66.62,33.17,2864.66,1438.35,225.47,2639.19,55.7,0,B
2024Q2,Monster,Energy Drinks,E-Commerce,KwaZulu-Natal,120,100.65,53.08,12078.0,5708.4,1028.61,11049.39,69.9,0,D
2024Q2,Bonaqua,Water,Convenience,KwaZulu-Natal,5,42.75,25.34,213.75,87.05,17.02,196.73,92.9,1,B
2024Q1,Sprite,Carbonated Soft Drinks,Mass Retail,KwaZulu-Natal,26,51.5,26.04,1339.0,661.96,95.67,1243.33,56.0,0,B
2024Q3,Bonaqua,Water,Mass Retail,KwaZulu-Natal,30,49.51,29.22,1485.3,608.7,74.9,1410.4,90.4,0,A
2024Q4,Bonaqua,Water,Convenience,Free State,40,39.51,21.51,1580.4,720.0,139.66,1440.74,92.4,0,D
2024Q2,Sprite,Carbonated Soft Drinks,Mass Retail,Gauteng,28,59.43,34.76,1664.04,690.76,97.62,1566.42,89.1,0,A
2024Q1,Schweppes,Mixers,On-Trade,Eastern Cape,72,56.92,33.74,4098.24,1668.96,476.22,3622.02,64.3,1,C
2024Q4,Coca-Cola,Carbonated Soft Drinks,Mass Retail,Western Cape,32,55.72,33.68,1783.04,705.28,175.75,1607.29,91.4,0,C
2024Q4,Schweppes,Mixers,Convenience,Gauteng,28,58.09,35.76,1626.52,625.24,88.61,1537.91,46.3,0,B
2024Q1,Schweppes,Mixers,Mass Retail,Free State,74,61.88,32.64,4579.12,2163.76,459.32,4119.8,89.7,0,C
2024Q3,Coca-Cola,Carbonated Soft Drinks,Convenience,Gauteng,110,45.74,27.48,5031.4,2008.6,563.71,4467.69,46.7,1,C
2024Q4,Cappy,Juices & Nectars,On-Trade,Eastern Cape,33,65.85,35.63,2173.05,997.26,181.81,1991.24,81.2,0,A
2024Q3,Coca-Cola,Carbonated Soft Drinks,Mass Retail,Gauteng,22,46.61,22.43,1025.42,531.96,109.06,916.36,65.3,0,A
2024Q4,Powerplay,Energy Drinks,Mass Retail,KwaZulu-Natal,75,94.93,52.75,7119.75,3163.5,403.58,6716.17,78.1,1,A
2024Q4,Schweppes,Mixers,Mass Retail,Mpumalanga,139,56.63,31.54,7871.57,3487.51,784.81,7086.76,59.5,1,C
2024Q4,Sprite,Carbonated Soft Drinks,On-Trade,Gauteng,71,44.95,26.34,3191.45,1321.31,342.02,2849.43,81.8,0,B
2024Q4,Powerplay,Energy Drinks,On-Trade,KwaZulu-Natal,22,94.51,48.98,2079.22,1001.66,187.04,1892.18,88.4,0,B
2024Q4,Monster,Energy Drinks,Convenience,Gauteng,49,108.93,64.69,5337.57,2167.76,389.91,4947.66,48.0,0,D
2024Q1,Schweppes,Mixers,Convenience,Gauteng,12,60.89,33.78,730.68,325.32,66.37,664.31,57.0,1,C
2024Q2,Sprite,Carbonated Soft Drinks,On-Trade,Eastern Cape,22,52.49,32.08,1154.78,449.02,99.39,1055.39,67.4,0,B
2024Q4,Coca-Cola,Carbonated Soft Drinks,On-Trade,Western Cape,4,58.81,35.98,235.24,91.32,23.16,212.08,62.9,0,B
2024Q3,Cappy,Juices & Nectars,Mass Retail,KwaZulu-Natal,160,69.49,35.42,11118.4,5451.2,569.62,10548.78,49.2,0,C
2024Q4,Coca-Cola,Carbonated Soft Drinks,E-Commerce,Gauteng,127,52.54,29.72,6672.58,2898.14,361.94,6310.64,78.6,0,C
2024Q4,Coca-Cola,Carbonated Soft Drinks,On-Trade,Northern Cape,18,47.41,25.3,853.38,397.98,75.27,778.11,51.7,0,A
2024Q2,Coca-Cola,Carbonated Soft Drinks,Mass Retail,Gauteng,94,47.63,29.08,4477.22,1743.7,490.66,3986.56,84.1,1,C
2024Q4,Sprite,Carbonated Soft Drinks,On-Trade,Free State,62,61.39,36.11,3806.18,1567.36,416.8,3389.38,61.5,0,C
2024Q1,Coca-Cola,Carbonated Soft Drinks,On-Trade,Western Cape,16,46.67,25.8,746.72,333.92,55.8,690.92,76.8,0,B
2024Q2,Coca-Cola,Carbonated Soft Drinks,On-Trade,Mpumalanga,44,52.38,30.56,2304.72,960.08,273.8,2030.92,84.4,0,B
2024Q2,Schweppes,Mixers,Mass Retail,Gauteng,114,54.65,31.49,6230.1,2640.24,582.52,5647.58,83.3,0,A
2024Q4,Fanta,Carbonated Soft Drinks,Convenience,Northern Cape,43,44.11,24.9,1896.73,826.03,120.31,1776.42,97.4,0,B
2024Q4,Coca-Cola,Carbonated Soft Drinks,Mass Retail,Eastern Cape,13,46.24,26.84,601.12,252.2,24.6,576.52,69.6,0,B
2024Q4,Bonaqua,Water,On-Trade,Free State,44,41.86,22.04,1841.84,872.08,201.1,1640.74,93.4,0,C
2024Q1,Cappy,Juices & Nectars,Petrol & Travel,KwaZulu-Natal,47,63.73,33.44,2995.31,1423.63,246.16,2749.15,47.4,0,C
2024Q1,Coca-Cola,Carbonated Soft Drinks,Petrol & Travel,Eastern Cape,111,47.96,23.29,5323.56,2738.37,479.1,4844.46,85.9,1,D
2024Q3,Sprite,Carbonated Soft Drinks,Convenience,Western Cape,21,57.04,32.95,1197.84,505.89,91.54,1106.3,74.3,0,B
2024Q4,Sprite,Carbonated Soft Drinks,On-Trade,Eastern Cape,30,55.15,33.15,1654.5,660.0,146.98,1507.52,97.1,0,B
2024Q4,Sprite,Carbonated Soft Drinks,Mass Retail,Gauteng,40,59.81,29.39,2392.4,1216.8,270.51,2121.89,51.2,0,B
2024Q4,Coca-Cola,Carbonated Soft Drinks,E-Commerce,Western Cape,30,56.82,28.59,1704.6,846.9,119.08,1585.52,97.4,0,B
2024Q2,Schweppes,Mixers,E-Commerce,Free State,54,58.88,28.63,3179.52,1633.5,197.38,2982.14,64.6,1,A
2024Q4,Coca-Cola,Carbonated Soft Drinks,E-Commerce,Mpumalanga,17,51.05,28.2,867.85,388.45,35.02,832.83,59.3,0,C
2024Q1,Coca-Cola,Carbonated Soft Drinks,Mass Retail,Western Cape,57,49.8,28.0,2838.6,1242.6,246.63,2591.97,45.0,0,C
2024Q3,Monster,Energy Drinks,E-Commerce,North West,16,100.24,56.52,1603.84,699.52,176.34,1427.5,54.6,0,A
2024Q1,Monster,Energy Drinks,Convenience,Free State,29,108.07,55.19,3134.03,1533.52,354.92,2779.11,54.4,0,B
2024Q1,Cappy,Juices & Nectars,Wholesale,Gauteng,30,60.14,32.35,1804.2,833.7,78.14,1726.06,88.8,0,D
2024Q4,Stoney,Carbonated Soft Drinks,Mass Retail,Mpumalanga,60,52.59,27.91,3155.4,1480.8,320.39,2835.01,81.7,1,A
2024Q4,Coca-Cola,Carbonated Soft Drinks,Wholesale,Free State,25,53.53,27.0,1338.25,663.25,132.08,1206.17,54.7,1,A
2024Q1,Monster,Energy Drinks,Convenience,Limpopo,71,107.0,54.01,7597.0,3762.29,509.96,7087.04,60.2,0,B
2024Q4,Coca-Cola,Carbonated Soft Drinks,On-Trade,Gauteng,18,58.65,34.39,1055.7,436.68,96.31,959.39,64.1,0,A
2024Q4,Fanta,Carbonated Soft Drinks,Mass Retail,Gauteng,42,57.47,34.57,2413.74,961.8,276.75,2136.99,83.0,0,B
2024Q3,Sprite,Carbonated Soft Drinks,Mass Retail,KwaZulu-Natal,22,55.82,30.74,1228.04,551.76,71.72,1156.32,62.7,0,B
2024Q1,Coca-Cola,Carbonated Soft Drinks,Wholesale,Western Cape,14,47.38,25.41,663.32,307.58,41.73,621.59,54.0,0,B
2024Q2,Coca-Cola,Carbonated Soft Drinks,Convenience,Gauteng,82,50.51,30.49,4141.82,1641.64,414.5,3727.32,66.0,0,A
2024Q4,Monster,Energy Drinks,Convenience,Gauteng,47,102.72,55.14,4827.84,2236.26,446.34,4381.5,85.0,0,B
2024Q2,Coca-Cola,Carbonated Soft Drinks,Convenience,Free State,12,54.5,30.68,654.0,285.84,50.25,603.75,67.7,0,B
2024Q4,Coca-Cola,Carbonated Soft Drinks,Mass Retail,Western Cape,13,47.49,27.45,617.37,260.52,52.24,565.13,46.6,1,B
2024Q2,Sprite,Carbonated Soft Drinks,Mass Retail,Northern Cape,83,56.41,27.42,4682.03,2406.17,377.26,4304.77,90.1,1,D
2024Q4,Coca-Cola,Carbonated Soft Drinks,Wholesale,North West,45,51.15,25.14,2301.75,1170.45,203.84,2097.91,71.9,1,A
2024Q3,Coca-Cola,Carbonated Soft Drinks,Convenience,Western Cape,33,49.54,28.88,1634.82,681.78,88.57,1546.25,81.6,0,A
2024Q2,Cappy,Juices & Nectars,Mass Retail,Eastern Cape,99,60.47,30.65,5986.53,2952.18,458.3,5528.23,74.1,0,B
2024Q3,Monster,Energy Drinks,On-Trade,Gauteng,108,105.53,60.35,11397.24,4879.44,1038.94,10358.3,92.3,0,B
